"url","Subject ID","Frame","Season","Site","Roll","Decision Type","Crowd Determination","Total Species Present","Total Animals Present"
"http://www.snapshotserengeti.org/subjects/standard/50dc84e6a2fc8e378903a8e7_2.jpg","ASG000by4n","3","4","E02","R1","10 opinions agree this is blank","No animals present","0","0"
"http://www.snapshotserengeti.org/subjects/standard/51a3ba00e18f49172b1d0cec_1.jpg","ASG000ti58","2","5","T11","R4","First 5 opinions were blank","No animals present","0","0"
"http://zooniverse-static.s3.amazonaws.com/www.snapshotserengeti.org/subjects/standard/5582de3bc4af4e00420005d5_0.JPG","ASG001gjz3","1","0","G04","R2","First 5 opinions were blank","No animals present","0","0"
"http://www.snapshotserengeti.org/subjects/standard/51e8f419e0053a09c3097ee6_0.jpg","ASG00105w9","1","6","L03","R2","First 5 opinions were blank","No animals present","0","0"
"http://zooniverse-static.s3.amazonaws.com/www.snapshotserengeti.org/subjects/standard/54cfdc8587ee0404d50a6717_0.JPG","ASG0019yo7","1","8","R09","R2","First 5 opinions were blank","No animals present","0","0"
"http://zooniverse-static.s3.amazonaws.com/www.snapshotserengeti.org/subjects/standard/54cfcdee87ee0404d5033311_0.JPG","ASG001fya6","1","8","F04","R1","10 opinions agree this is blank","No animals present","0","0"
"http://www.snapshotserengeti.org/subjects/standard/50dc7041a2fc8e3789005f21_1.jpg","ASG000b6u1","2","4","C09","R3","First 5 opinions were blank","No animals present","0","0"
"http://www.snapshotserengeti.org/subjects/standard/51a34a60e18f49172b0fc9a5_2.jpg","ASG000qhci","3","5","J02","R1","First 5 opinions were blank","No animals present","0","0"
"http://www.snapshotserengeti.org/subjects/standard/50dc822fa2fc8e378902f1cc_1.jpg","ASG000bsct","2","4","J07","R2","First 5 opinions were blank","No animals present","0","0"
"http://www.snapshotserengeti.org/subjects/standard/50c212c88a607540b90256c4_1.jpg","ASG0003a9w","2","1","U12","R1","First 5 opinions were blank","No animals present","0","0"
"http://www.snapshotserengeti.org/subjects/standard/51e8d2b6e0053a09c305a328_0.jpg","ASG000z9pa","1","6","G10","R2","First 5 opinions were blank","No animals present","0","0"
"http://www.snapshotserengeti.org/subjects/standard/51a3b4a6e18f49172b1c69dc_0.jpg","ASG000tcxq","1","5","S13","R1","First 5 opinions were blank","No animals present","0","0"
"http://www.snapshotserengeti.org/subjects/standard/50dcb600a2fc8e37890e48b8_2.jpg","ASG000ee82","3","4","E04","R1","First 5 opinions were blank","No animals present","0","0"
"http://www.snapshotserengeti.org/subjects/standard/5331cdfa1bccd304b6006e63_1.JPG","ASG001703g","2","7","B10","R1","First 5 opinions were blank","No animals present","0","0"
"http://www.snapshotserengeti.org/subjects/standard/50dcb61ca2fc8e37890e55ef_2.jpg","ASG000eelw","3","4","E04","R2","First 5 opinions were blank","No animals present","0","0"
"http://www.snapshotserengeti.org/subjects/standard/5331d7001bccd304b604097b_2.JPG","ASG0014gmq","3","7","H12","R2","First 5 opinions were blank","No animals present","0","0"
"http://www.snapshotserengeti.org/subjects/standard/50dc8633a2fc8e3789040f56_2.jpg","ASG000c15c","3","4","E08","R2","First 5 opinions were blank","No animals present","0","0"
"http://www.snapshotserengeti.org/subjects/standard/5331d42c1bccd304b602deab_1.JPG","ASG0015a5b","2","7","Q11","R1","First 5 opinions were blank","No animals present","0","0"
"http://zooniverse-static.s3.amazonaws.com/www.snapshotserengeti.org/subjects/standard/56a6cbf441479b0042097e65_0.JPG","ASG001n8r7","1","9","K05","1","","No animals present","0","0"
"http://www.snapshotserengeti.org/subjects/standard/50c2183d8a607540b9067daf_1.jpg","ASG000948f","2","3","E02","R11","First 5 opinions were blank","No animals present","0","0"
"http://www.snapshotserengeti.org/subjects/standard/50c219d58a607540b907ac40_2.jpg","ASG000as00","3","3","P06","R12","First 5 opinions were blank","No animals present","0","0"
"http://www.snapshotserengeti.org/subjects/standard/50c212608a607540b901f24d_2.jpg","ASG0002qfh","3","1","C03","R5","First 5 opinions were blank","No animals present","0","0"
"http://www.snapshotserengeti.org/subjects/standard/51e8b8ade0053a09c302a553_0.jpg","ASG000yktm","1","6","D08","R2","First 5 opinions were blank","No animals present","0","0"
"http://www.snapshotserengeti.org/subjects/standard/50c218648a607540b9069a0f_2.jpg","ASG00099u7","3","3","F08","R12","First 5 opinions were blank","No animals present","0","0"
"http://www.snapshotserengeti.org/subjects/standard/51a33167e18f49172b0cd218_2.jpg","ASG000psr9","3","5","H07","R1","10 opinions agree this is blank","No animals present","0","0"
"http://www.snapshotserengeti.org/subjects/standard/50dcdf69a2fc8e378912b633_0.jpg","ASG000fetr","1","4","N13","R2","First 5 opinions were blank","No animals present","0","0"
"http://www.snapshotserengeti.org/subjects/standard/5331dedf1bccd304b6075527_1.JPG","ASG0012643","2","7","H02","R2","First 5 opinions were blank","No animals present","0","0"
"http://www.snapshotserengeti.org/subjects/standard/5331cdf21bccd304b6006aa9_0.JPG","ASG00170n8","1","7","B10","R1","First 5 opinions were blank","No animals present","0","0"
"http://www.snapshotserengeti.org/subjects/standard/50c212318a607540b901c552_1.jpg","ASG0002hjm","2","1","E05","R4","First 5 opinions were blank","No animals present","0","0"
"http://www.snapshotserengeti.org/subjects/standard/51a2e53ae18f49172b03b89e_0.jpg","ASG000nn0j","1","5","C11","R3","First 5 opinions were blank","No animals present","0","0"
"http://www.snapshotserengeti.org/subjects/standard/51a322f8e18f49172b0b186d_2.jpg","ASG000pdnk","3","5","G07","R1","First 5 opinions were blank","No animals present","0","0"
"http://www.snapshotserengeti.org/subjects/standard/51a30cb8e18f49172b08705d_1.jpg","ASG000or35","2","5","E10","R3","First 5 opinions were blank","No animals present","0","0"
"http://www.snapshotserengeti.org/subjects/standard/51e9368de0053a09c311049c_1.jpg","ASG0011vu9","2","6","U13","R2","First 5 opinions were blank","No animals present","0","0"
"http://www.snapshotserengeti.org/subjects/standard/50dc6ff4a2fc8e37890049aa_2.jpg","ASG000b65n","3","4","U13","R2","First 5 opinions were blank","No animals present","0","0"
"http://www.snapshotserengeti.org/subjects/standard/5331e3441bccd304b6091c3d_0.JPG","ASG0018ap7","1","7","Q05","R2","First 5 opinions were blank","No animals present","0","0"
"http://www.snapshotserengeti.org/subjects/standard/51a379f6e18f49172b157062_1.jpg","ASG000rsue","2","5","N06","R2","First 5 opinions were blank","No animals present","0","0"
"http://www.snapshotserengeti.org/subjects/standard/50c211ce8a607540b901732b_2.jpg","ASG00021bf","3","1","O06","R1","First 5 opinions were blank","No animals present","0","0"
"http://zooniverse-static.s3.amazonaws.com/www.snapshotserengeti.org/subjects/standard/56a6b90341479b0042083e61_0.JPG","ASG001md3z","1","9","B09","2","","No animals present","0","0"
"http://www.snapshotserengeti.org/subjects/standard/50c216668a607540b9051a3a_2.jpg","ASG000760q","3","2","V10","R1","First 5 opinions were blank","No animals present","0","0"
"http://www.snapshotserengeti.org/subjects/standard/50c210c78a607540b90095f7_0.jpg","ASG0000tmf","1","1","F11","R1","First 5 opinions were blank","No animals present","0","0"
"http://www.snapshotserengeti.org/subjects/standard/5331e0fe1bccd304b6082d59_0.JPG","ASG0017n1k","1","7","L02","R1","First 5 opinions were blank","No animals present","0","0"
"http://www.snapshotserengeti.org/subjects/standard/5331d8281bccd304b6048485_1.JPG","ASG00144fk","2","7","O12","R2","First 5 opinions were blank","No animals present","0","0"
"http://www.snapshotserengeti.org/subjects/standard/50dc8a31a2fc8e378904699c_0.jpg","ASG000c3wo","1","4","T13","R2","First 5 opinions were blank","No animals present","0","0"
"http://www.snapshotserengeti.org/subjects/standard/50dc96c5a2fc8e37890837bf_0.jpg","ASG000d0vo","1","4","I07","R1","First 5 opinions were blank","No animals present","0","0"
"http://www.snapshotserengeti.org/subjects/standard/51e8d47ae0053a09c305d7c4_0.jpg","ASG000zbh5","1","6","G12","R1","First 5 opinions were blank","No animals present","0","0"
"http://www.snapshotserengeti.org/subjects/standard/50c213a58a607540b90304d4_2.jpg","ASG00048no","3","2","D10","R2","First 5 opinions were blank","No animals present","0","0"
"http://www.snapshotserengeti.org/subjects/standard/50c2182e8a607540b90672e9_0.jpg","ASG000923t","1","3","D13","R11","First 5 opinions were blank","No animals present","0","0"
"http://www.snapshotserengeti.org/subjects/standard/50c2160a8a607540b904d783_2.jpg","ASG0006sub","3","2","S12","R3","First 5 opinions were blank","No animals present","0","0"
"http://www.snapshotserengeti.org/subjects/standard/50c2159b8a607540b9048860_2.jpg","ASG0006d7k","3","2","O12","R2","First 5 opinions were blank","No animals present","0","0"
"http://www.snapshotserengeti.org/subjects/standard/51a3b051e18f49172b1be561_2.jpg","ASG000t8s2","3","5","R13","R2","First 5 opinions were blank","No animals present","0","0"
"http://zooniverse-static.s3.amazonaws.com/www.snapshotserengeti.org/subjects/standard/54cfdbca87ee0404d50a09c5_0.JPG","ASG001b010","1","8","Q10","R1","First 5 opinions were blank","No animals present","0","0"
"http://www.snapshotserengeti.org/subjects/standard/50c216f28a607540b90574e3_2.jpg","ASG0007nxf","3","2","M06","R1","First 5 opinions were blank","No animals present","0","0"
"http://www.snapshotserengeti.org/subjects/standard/51e917a0e0053a09c30d8e01_2.jpg","ASG001138r","3","6","P13","R2","First 5 opinions were blank","No animals present","0","0"
"http://www.snapshotserengeti.org/subjects/standard/50dc77fda2fc8e378901fd50_2.jpg","ASG000bkhx","3","4","F12","R1","First 5 opinions were blank","No animals present","0","0"
"http://www.snapshotserengeti.org/subjects/standard/50c215698a607540b9046564_2.jpg","ASG00066as","3","2","J08","R1","First 5 opinions were blank","No animals present","0","0"
"http://www.snapshotserengeti.org/subjects/standard/50c215eb8a607540b904c092_2.jpg","ASG0006ob6","3","2","S08","R2","First 5 opinions were blank","No animals present","0","0"
"http://www.snapshotserengeti.org/subjects/standard/50c210cb8a607540b9009952_0.jpg","ASG0000uaa","1","1","F12","R1","First 5 opinions were blank","No animals present","0","0"
"http://zooniverse-static.s3.amazonaws.com/www.snapshotserengeti.org/subjects/standard/56a6abbb41479b004207625d_0.JPG","ASG001lrf2","1","9","E09","1","","No animals present","0","0"
"http://www.snapshotserengeti.org/subjects/standard/51a3afcde18f49172b1bd58b_1.jpg","ASG000t8ba","2","5","R13","R2","First 5 opinions were blank","No animals present","0","0"
"http://www.snapshotserengeti.org/subjects/standard/5331ddd71bccd304b606e5cd_1.JPG","ASG0012h38","2","7","T13","R1","First 5 opinions were blank","No animals present","0","0"
"http://www.snapshotserengeti.org/subjects/standard/51a34745e18f49172b0f6aee_1.jpg","ASG000qeal","2","5","I13","R2","First 5 opinions were blank","No animals present","0","0"
"http://zooniverse-static.s3.amazonaws.com/www.snapshotserengeti.org/subjects/standard/54cfd03a87ee0404d504555b_0.JPG","ASG001br3c","1","8","H01","R3","First 5 opinions were blank","No animals present","0","0"
"http://www.snapshotserengeti.org/subjects/standard/51e9230ae0053a09c30ec24c_0.jpg","ASG0011cmb","1","6","R13","R2","10 opinions agree this is blank","No animals present","0","0"
"http://www.snapshotserengeti.org/subjects/standard/51a36a2fe18f49172b138f4c_0.jpg","ASG000rdoq","1","5","M06","R1","First 5 opinions were blank","No animals present","0","0"
"http://www.snapshotserengeti.org/subjects/standard/5331e0ca1bccd304b60819eb_0.JPG","ASG0017l7q","1","7","L02","R1","First 5 opinions were blank","No animals present","0","0"
"http://www.snapshotserengeti.org/subjects/standard/5331e36d1bccd304b6092d99_1.JPG","ASG0018cdx","2","7","Q05","R3","First 5 opinions were blank","No animals present","0","0"
"http://www.snapshotserengeti.org/subjects/standard/50c218648a607540b9069a97_2.jpg","ASG00099xz","3","3","F08","R12","First 5 opinions were blank","No animals present","0","0"
"http://www.snapshotserengeti.org/subjects/standard/5331ceaf1bccd304b600b865_0.JPG","ASG0016t2a","1","7","C04","R2","First 5 opinions were blank","No animals present","0","0"
"http://www.snapshotserengeti.org/subjects/standard/5331e0391bccd304b607e65b_2.JPG","ASG0017g21","3","7","K12","R1","First 5 opinions were blank","No animals present","0","0"
"http://zooniverse-static.s3.amazonaws.com/www.snapshotserengeti.org/subjects/standard/54cfcacf87ee0404d501b343_0.JPG","ASG001f2wq","1","8","D11","R3","First 5 opinions were blank","No animals present","0","0"
"http://www.snapshotserengeti.org/subjects/standard/5331d2581bccd304b6022ae1_0.JPG","ASG0015rwj","1","7","M07","R2","First 5 opinions were blank","No animals present","0","0"
"http://zooniverse-static.s3.amazonaws.com/www.snapshotserengeti.org/subjects/standard/54cfcff687ee0404d50433c7_0.JPG","ASG001btlw","1","8","G10","R1","First 5 opinions were blank","No animals present","0","0"
"http://www.snapshotserengeti.org/subjects/standard/51a3a8bbe18f49172b1afda2_0.jpg","ASG000t1rs","1","5","Q12","R4","First 5 opinions were blank","No animals present","0","0"
"http://www.snapshotserengeti.org/subjects/standard/50c218ae8a607540b906d031_1.jpg","ASG0009kj5","2","3","G06","R12","First 5 opinions were blank","No animals present","0","0"
"http://www.snapshotserengeti.org/subjects/standard/5331d17d1bccd304b601d313_2.JPG","ASG001614p","3","7","M03","R1","First 5 opinions were blank","No animals present","0","0"
"http://www.snapshotserengeti.org/subjects/standard/51a3687de18f49172b135b45_2.jpg","ASG000rbzv","3","5","M04","R2","First 5 opinions were blank","No animals present","0","0"
"http://www.snapshotserengeti.org/subjects/standard/5331dcb31bccd304b6066c41_2.JPG","ASG0012t6e","3","7","O05","R1","First 5 opinions were blank","No animals present","0","0"
"http://www.snapshotserengeti.org/subjects/standard/5331e26d1bccd304b608c229_2.JPG","ASG00181sl","3","7","P10","R2","First 5 opinions were blank","No animals present","0","0"
"http://zooniverse-static.s3.amazonaws.com/www.snapshotserengeti.org/subjects/standard/54cfd70287ee0404d507b575_0.JPG","ASG001ej5d","1","8","M04","R2","First 5 opinions were blank","No animals present","0","0"
"http://www.snapshotserengeti.org/subjects/standard/50c211eb8a607540b9018c6f_1.jpg","ASG00026b3","2","1","R07","R1","First 5 opinions were blank","No animals present","0","0"
"http://zooniverse-static.s3.amazonaws.com/www.snapshotserengeti.org/subjects/standard/56a656f241479b004201c833_0.JPG","ASG001k6r5","1","9","I13","3","","No animals present","0","0"
"http://www.snapshotserengeti.org/subjects/standard/51a3ac4ee18f49172b1b6b27_2.jpg","ASG000t50m","3","5","Q13","R2","First 5 opinions were blank","No animals present","0","0"
"http://www.snapshotserengeti.org/subjects/standard/5331e1bf1bccd304b6087a5b_1.JPG","ASG0017us4","2","7","I05","R2","First 5 opinions were blank","No animals present","0","0"
"http://zooniverse-static.s3.amazonaws.com/www.snapshotserengeti.org/subjects/standard/54cfd74987ee0404d507d95b_0.JPG","ASG001doyr","1","8","M06","R1","10 opinions agree this is blank","No animals present","0","0"
"http://www.snapshotserengeti.org/subjects/standard/5331dd331bccd304b606a129_2.JPG","ASG0012nvd","3","7","O09","R1","First 5 opinions were blank","No animals present","0","0"
"http://zooniverse-static.s3.amazonaws.com/www.snapshotserengeti.org/subjects/standard/54cfd14e87ee0404d504ddff_0.JPG","ASG001bets","1","8","H08","R1","First 5 opinions were blank","No animals present","0","0"
"http://www.snapshotserengeti.org/subjects/standard/5331d5fc1bccd304b6039df3_2.JPG","ASG0014r9g","3","7","S10","R3","First 5 opinions were blank","No animals present","0","0"
"http://www.snapshotserengeti.org/subjects/standard/5331cd3a1bccd304b600209f_0.JPG","ASG001780l","1","7","B06","R2","10 opinions agree this is blank","No animals present","0","0"
"http://zooniverse-static.s3.amazonaws.com/www.snapshotserengeti.org/subjects/standard/56a6749e41479b004203bb3f_0.JPG","ASG001it5z","1","9","L06","3","","No animals present","0","0"
"http://www.snapshotserengeti.org/subjects/standard/50c214538a607540b9039147_0.jpg","ASG00050ef","1","2","F13","R3","First 5 opinions were blank","No animals present","0","0"
"http://www.snapshotserengeti.org/subjects/standard/5331d9521bccd304b60501d3_0.JPG","ASG0013s2s","1","7","C11","R2","First 5 opinions were blank","No animals present","0","0"
"http://www.snapshotserengeti.org/subjects/standard/50c213f78a607540b90346d6_2.jpg","ASG0004lp2","3","2","E10","R2","First 5 opinions were blank","No animals present","0","0"
"http://www.snapshotserengeti.org/subjects/standard/51e8a2bfe0053a09c3001d1a_0.jpg","ASG000y073","1","6","B04","R2","First 5 opinions were blank","No animals present","0","0"
"http://www.snapshotserengeti.org/subjects/standard/50dcd8dda2fc8e37891112c9_1.jpg","ASG000f1dj","2","4","P07","R2","First 5 opinions were blank","No animals present","0","0"
"http://www.snapshotserengeti.org/subjects/standard/51e913c9e0053a09c30d1f09_0.jpg","ASG0010zon","1","6","O13","R2","10 opinions agree this is blank","No animals present","0","0"
"http://www.snapshotserengeti.org/subjects/standard/51e91f3fe0053a09c30e528f_0.jpg","ASG0011989","1","6","Q13","R1","First 5 opinions were blank","No animals present","0","0"
"http://www.snapshotserengeti.org/subjects/standard/50dc77faa2fc8e378901fb73_2.jpg","ASG000bkf9","3","4","Q08","R1","First 5 opinions were blank","No animals present","0","0"
"http://www.snapshotserengeti.org/subjects/standard/51a34837e18f49172b0f8791_2.jpg","ASG000qf6j","3","5","I13","R3","First 5 opinions were blank","No animals present","0","0"
"http://www.snapshotserengeti.org/subjects/standard/50c219338a607540b90730c4_0.jpg","ASG000a3lw","1","3","I13","R12","First 5 opinions were blank","No animals present","0","0"
"http://www.snapshotserengeti.org/subjects/standard/51a32963e18f49172b0bdd2c_2.jpg","ASG000pkun","3","5","G13","R1","First 5 opinions were blank","No animals present","0","0"
