url,Subject ID,Frame,Season,Site,Roll,Decision Type,Crowd Determination
http://www.snapshotserengeti.org/subjects/standard/50c218b78a607540b906d7e3_1.jpg,ASG0009m1v,2,3,G08,R12,First 5 opinions were blank,No animals present
http://www.snapshotserengeti.org/subjects/standard/51e91b35e0053a09c30ddaa0_1.jpg,ASG00115kq,2,6,Q08,R1,First 5 opinions were blank,No animals present
http://www.snapshotserengeti.org/subjects/standard/51a30cb1e18f49172b086f99_2.jpg,ASG000or2d,3,5,E10,R3,First 5 opinions were blank,No animals present
http://www.snapshotserengeti.org/subjects/standard/5331d9811bccd304b6051629_1.JPG,ASG0013q45,2,7,C13,R1,First 5 opinions were blank,No animals present
http://www.snapshotserengeti.org/subjects/standard/51a342b4e18f49172b0edf37_0.jpg,ASG000q9wc,1,5,I08,R3,First 5 opinions were blank,No animals present
http://www.snapshotserengeti.org/subjects/standard/51a321d0e18f49172b0af500_0.jpg,ASG000pcl7,1,5,G06,R2,First 5 opinions were blank,No animals present
http://www.snapshotserengeti.org/subjects/standard/50dcdd5ea2fc8e37891245f8_1.jpg,ASG000fbhn,2,4,U11,R2,First 5 opinions were blank,No animals present
http://www.snapshotserengeti.org/subjects/standard/50dc8c7ea2fc8e378905319a_0.jpg,ASG000caav,1,4,G08,R2,First 5 opinions were blank,No animals present
http://zooniverse-static.s3.amazonaws.com/www.snapshotserengeti.org/subjects/standard/54cfd3f987ee0404d506328b_0.JPG,ASG001aqmd,1,8,K05,R3,10 opinions agree this is blank,No animals present
http://www.snapshotserengeti.org/subjects/standard/50c2111c8a607540b900dd3d_1.jpg,ASG00017p9,2,1,I03,R1,First 5 opinions were blank,No animals present
http://zooniverse-static.s3.amazonaws.com/www.snapshotserengeti.org/subjects/standard/54cfd18b87ee0404d504fca7_0.JPG,ASG001bbus,1,8,H12,R1,First 5 opinions were blank,No animals present
http://www.snapshotserengeti.org/subjects/standard/51e91f44e0053a09c30e5322_2.jpg,ASG001198u,3,6,Q13,R1,First 5 opinions were blank,No animals present
http://www.snapshotserengeti.org/subjects/standard/50c214648a607540b9039e3c_0.jpg,ASG00052yk,1,2,G02,R2,10 opinions agree this is blank,No animals present
http://www.snapshotserengeti.org/subjects/standard/5331dfcc1bccd304b607b96d_0.JPG,ASG0017bmu,1,7,E13,R1,First 5 opinions were blank,No animals present
http://www.snapshotserengeti.org/subjects/standard/50c212ad8a607540b9024059_2.jpg,ASG00035uh,3,1,F09,R2,First 5 opinions were blank,No animals present
http://zooniverse-static.s3.amazonaws.com/www.snapshotserengeti.org/subjects/standard/54cfdda387ee0404d50af3cb_0.JPG,ASG001aawg,1,8,U12,R2,First 5 opinions were blank,No animals present
http://www.snapshotserengeti.org/subjects/standard/50c213558a607540b902c6eb_0.jpg,ASG0003wff,1,2,H07,R3,10 opinions agree this is blank,No animals present
http://www.snapshotserengeti.org/subjects/standard/51e8c517e0053a09c30412ea_2.jpg,ASG000yw4p,3,6,E11,R2,First 5 opinions were blank,No animals present
http://www.snapshotserengeti.org/subjects/standard/51a33699e18f49172b0d6cc7_1.jpg,ASG000pxre,2,5,H09,R1,First 5 opinions were blank,No animals present
http://zooniverse-static.s3.amazonaws.com/www.snapshotserengeti.org/subjects/standard/56a67a8241479b0042042043_0.JPG,ASG001ifra,1,9,B09,3,,No animals present
http://www.snapshotserengeti.org/subjects/standard/50dcd6e6a2fc8e3789105904_2.jpg,ASG000ev0b,3,4,B12,R2,First 5 opinions were blank,No animals present
http://www.snapshotserengeti.org/subjects/standard/5331d43c1bccd304b602e583_1.JPG,ASG00159gq,2,7,Q11,R1,First 5 opinions were blank,No animals present
http://www.snapshotserengeti.org/subjects/standard/51a2d1aee18f49172b0164a1_1.jpg,ASG000naud,2,5,B12,R1,First 5 opinions were blank,No animals present
http://www.snapshotserengeti.org/subjects/standard/5331d4c71bccd304b6031f75_1.JPG,ASG00153rf,2,7,R08,R2,First 5 opinions were blank,No animals present
http://www.snapshotserengeti.org/subjects/standard/50c213178a607540b90292fe_0.jpg,ASG0003m66,1,2,C04,R2,First 5 opinions were blank,No animals present
http://www.snapshotserengeti.org/subjects/standard/5331d7051bccd304b6040bc5_2.JPG,ASG0014ge1,3,7,H12,R2,First 5 opinions were blank,No animals present
http://www.snapshotserengeti.org/subjects/standard/50c215f08a607540b904c40b_0.jpg,ASG0006ozv,1,2,S09,R3,10 opinions agree this is blank,No animals present
http://www.snapshotserengeti.org/subjects/standard/50c217aa8a607540b90607e8_2.jpg,ASG0008gyw,3,3,K11,R11,First 5 opinions were blank,No animals present
http://www.snapshotserengeti.org/subjects/standard/50c218238a607540b9066dd9_1.jpg,ASG000913t,2,3,D10,R11,First 5 opinions were blank,No animals present
http://www.snapshotserengeti.org/subjects/standard/50c214178a607540b90360dd_1.jpg,ASG0004qu5,2,2,F03,R2,First 5 opinions were blank,No animals present
http://www.snapshotserengeti.org/subjects/standard/50c216028a607540b904d1ff_0.jpg,ASG0006rr3,1,2,S11,R3,First 5 opinions were blank,No animals present
http://zooniverse-static.s3.amazonaws.com/www.snapshotserengeti.org/subjects/standard/56a6552941479b004201a94f_0.JPG,ASG001k9st,1,9,T11,3,First 5 opinions were blank,No animals present
http://www.snapshotserengeti.org/subjects/standard/51e8b1eae0053a09c301dd28_1.jpg,ASG000yeln,2,6,C13,R1,First 5 opinions were blank,No animals present
http://www.snapshotserengeti.org/subjects/standard/51e8b567e0053a09c302444c_2.jpg,ASG000yhvx,3,6,D05,R1,First 5 opinions were blank,No animals present
http://www.snapshotserengeti.org/subjects/standard/51e8fa2ee0053a09c30a32d6_2.jpg,ASG0010bkr,3,6,M02,R1,First 5 opinions were blank,No animals present
http://www.snapshotserengeti.org/subjects/standard/51e9261de0053a09c30f1d08_0.jpg,ASG0011fg5,1,6,S12,R1,First 5 opinions were blank,No animals present
http://www.snapshotserengeti.org/subjects/standard/51a32b6ae18f49172b0c1b31_2.jpg,ASG000pmyn,3,5,H03,R1,First 5 opinions were blank,No animals present
http://www.snapshotserengeti.org/subjects/standard/5331d4241bccd304b602dc3d_0.JPG,ASG0015afd,1,7,Q11,R1,First 5 opinions were blank,No animals present
http://www.snapshotserengeti.org/subjects/standard/50c217fd8a607540b9064e31_0.jpg,ASG0008uup,1,3,B07,R11,First 5 opinions were blank,No animals present
http://www.snapshotserengeti.org/subjects/standard/50c212988a607540b9022952_2.jpg,ASG00031aq,3,1,F02,R2,First 5 opinions were blank,No animals present
http://www.snapshotserengeti.org/subjects/standard/50c212f98a607540b9027d81_2.jpg,ASG0003hxd,3,2,B06,R3,First 5 opinions were blank,No animals present
http://www.snapshotserengeti.org/subjects/standard/51a38867e18f49172b1727da_0.jpg,ASG000s674,1,5,O04,R3,10 opinions agree this is blank,No animals present
http://zooniverse-static.s3.amazonaws.com/www.snapshotserengeti.org/subjects/standard/56a6b01b41479b004207adbf_0.JPG,ASG001lyue,1,9,B09,3,,No animals present
http://www.snapshotserengeti.org/subjects/standard/50c2104b8a607540b90030c3_0.jpg,ASG00009mr,1,1,K06,R1,First 5 opinions were blank,No animals present
http://zooniverse-static.s3.amazonaws.com/www.snapshotserengeti.org/subjects/standard/56a6cfff41479b004209c2d1_0.JPG,ASG001nfj4,1,9,I13,2,,No animals present
http://www.snapshotserengeti.org/subjects/standard/5331d6091bccd304b603a3bb_0.JPG,ASG0014qpm,1,7,S10,R3,First 5 opinions were blank,No animals present
http://www.snapshotserengeti.org/subjects/standard/5331db561bccd304b605da35_0.JPG,ASG00137o0,1,7,J07,R1,First 5 opinions were blank,No animals present
http://www.snapshotserengeti.org/subjects/standard/50dca274a2fc8e37890b354c_2.jpg,ASG000dp95,3,4,C05,R2,10 opinions agree this is blank,No animals present
http://www.snapshotserengeti.org/subjects/standard/51a30a13e18f49172b081f4f_1.jpg,ASG000oomf,2,5,E10,R1,First 5 opinions were blank,No animals present
http://www.snapshotserengeti.org/subjects/standard/51a2e9ece18f49172b0447c8_0.jpg,ASG000nrjz,1,5,D02,R2,First 5 opinions were blank,No animals present
http://www.snapshotserengeti.org/subjects/standard/51a35b21e18f49172b11c8ff_1.jpg,ASG000qymb,2,5,K12,R3,First 5 opinions were blank,No animals present
http://zooniverse-static.s3.amazonaws.com/www.snapshotserengeti.org/subjects/standard/54cfc95c87ee0404d500fab3_0.JPG,ASG0018z94,1,8,C10,R1,First 5 opinions were blank,No animals present
http://www.snapshotserengeti.org/subjects/standard/51e90c9fe0053a09c30c5534_0.jpg,ASG0010teg,1,6,O07,R2,First 5 opinions were blank,No animals present
http://www.snapshotserengeti.org/subjects/standard/51a3be94e18f49172b1d994f_2.jpg,ASG000tmg4,3,5,T13,R1,First 5 opinions were blank,No animals present
http://www.snapshotserengeti.org/subjects/standard/50c217dc8a607540b90631e9_0.jpg,ASG0008p9l,1,3,P05,R11,10 opinions agree this is blank,No animals present
http://zooniverse-static.s3.amazonaws.com/www.snapshotserengeti.org/subjects/standard/56a6962841479b004205f2eb_0.JPG,ASG001gqek,1,9,O07,4,First 5 opinions were blank,No animals present
http://www.snapshotserengeti.org/subjects/standard/50dc7904a2fc8e37890258ef_2.jpg,ASG000bnis,3,4,N05,R2,First 5 opinions were blank,No animals present
http://zooniverse-static.s3.amazonaws.com/www.snapshotserengeti.org/subjects/standard/56a6d75741479b00420a3e5f_0.JPG,ASG001nroe,1,9,S10,1,,No animals present
http://zooniverse-static.s3.amazonaws.com/www.snapshotserengeti.org/subjects/standard/56a647e941479b004200d243_0.JPG,ASG001hsoo,1,9,H09,2,,No animals present
http://zooniverse-static.s3.amazonaws.com/www.snapshotserengeti.org/subjects/standard/56a6d6af41479b00420a33bb_0.JPG,ASG001nqmc,1,9,S10,2,First 5 opinions were blank,No animals present
http://www.snapshotserengeti.org/subjects/standard/50c213748a607540b902e024_2.jpg,ASG00041es,3,2,D03,R2,First 5 opinions were blank,No animals present
http://www.snapshotserengeti.org/subjects/standard/5331e1a71bccd304b6087019_2.JPG,ASG0017tpr,3,7,I05,R2,First 5 opinions were blank,No animals present
http://www.snapshotserengeti.org/subjects/standard/50c217e68a607540b90639bc_2.jpg,ASG0008qt8,3,3,Q09,R11,First 5 opinions were blank,No animals present
http://www.snapshotserengeti.org/subjects/standard/5331d4a71bccd304b6031165_0.JPG,ASG001555v,1,7,R08,R2,First 5 opinions were blank,No animals present
http://www.snapshotserengeti.org/subjects/standard/50c212668a607540b901f7dc_0.jpg,ASG0002rj0,1,1,C04,R4,First 5 opinions were blank,No animals present
http://zooniverse-static.s3.amazonaws.com/www.snapshotserengeti.org/subjects/standard/54cfccb187ee0404d50291d9_0.JPG,ASG001fn2o,1,8,E11,R1,First 5 opinions were blank,No animals present
http://www.snapshotserengeti.org/subjects/standard/51a35a56e18f49172b11b0b1_2.jpg,ASG000qxw1,3,5,K12,R2,First 5 opinions were blank,No animals present
http://www.snapshotserengeti.org/subjects/standard/50dcd493a2fc8e37890f9283_1.jpg,ASG000eote,2,4,K11,R2,First 5 opinions were blank,No animals present
http://www.snapshotserengeti.org/subjects/standard/51a36802e18f49172b134c8a_1.jpg,ASG000rbka,2,5,M04,R2,First 5 opinions were blank,No animals present
http://www.snapshotserengeti.org/subjects/standard/50c214938a607540b903c628_1.jpg,ASG0005aug,2,2,G09,R3,First 5 opinions were blank,No animals present
http://www.snapshotserengeti.org/subjects/standard/5331e0891bccd304b60805a1_0.JPG,ASG0017j69,1,7,K12,R2,First 5 opinions were blank,No animals present
http://www.snapshotserengeti.org/subjects/standard/51e91e46e0053a09c30e35c7_0.jpg,ASG00118ds,1,6,Q12,R1,First 5 opinions were blank,No animals present
http://www.snapshotserengeti.org/subjects/standard/51a35486e18f49172b10ff61_1.jpg,ASG000qs8p,2,5,K04,R1,First 5 opinions were blank,No animals present
http://www.snapshotserengeti.org/subjects/standard/5331d3571bccd304b6028ad7_0.JPG,ASG0015igj,1,7,M10,R3,First 5 opinions were blank,No animals present
http://zooniverse-static.s3.amazonaws.com/www.snapshotserengeti.org/subjects/standard/56a67ff741479b004204793b_0.JPG,ASG001i4cq,1,9,O09,1,,No animals present
http://www.snapshotserengeti.org/subjects/standard/50dc9e2da2fc8e37890a02b8_1.jpg,ASG000dfks,2,4,T10,R2,First 5 opinions were blank,No animals present
http://www.snapshotserengeti.org/subjects/standard/51a2eb55e18f49172b047293_1.jpg,ASG000nszs,2,5,D04,R1,First 5 opinions were blank,No animals present
http://www.snapshotserengeti.org/subjects/standard/51e92f94e0053a09c31035ac_0.jpg,ASG0011ovp,1,6,T13,R2,First 5 opinions were blank,No animals present
http://www.snapshotserengeti.org/subjects/standard/50dc8531a2fc8e378903c1a5_0.jpg,ASG000bysw,1,4,E02,R2,Most common opinion from 25 opinions,No animals present
http://www.snapshotserengeti.org/subjects/standard/50c215f08a607540b904c4d1_1.jpg,ASG0006p5d,2,2,S09,R3,First 5 opinions were blank,No animals present
http://www.snapshotserengeti.org/subjects/standard/51e92887e0053a09c30f6433_0.jpg,ASG0011hmc,1,6,S13,R1,10 opinions agree this is blank,No animals present
http://zooniverse-static.s3.amazonaws.com/www.snapshotserengeti.org/subjects/standard/54cfd04f87ee0404d5045fad_0.JPG,ASG001bq08,1,8,H02,R1,First 5 opinions were blank,No animals present
http://zooniverse-static.s3.amazonaws.com/www.snapshotserengeti.org/subjects/standard/56a6a05b41479b004206a0fb_0.JPG,ASG001lewr,1,9,M13,2,,No animals present
http://www.snapshotserengeti.org/subjects/standard/5331ce3e1bccd304b6008a3f_2.JPG,ASG0016xo2,3,7,C01,R3,First 5 opinions were blank,No animals present
http://www.snapshotserengeti.org/subjects/standard/5331d68e1bccd304b603da35_0.JPG,ASG0014lcx,1,7,H07,R2,10 opinions agree this is blank,No animals present
http://www.snapshotserengeti.org/subjects/standard/50dc8fb5a2fc8e378905f3f4_1.jpg,ASG000ciku,2,4,C13,R2,First 5 opinions were blank,No animals present
http://www.snapshotserengeti.org/subjects/standard/51a3abd7e18f49172b1b5cc1_0.jpg,ASG000t4li,1,5,Q13,R2,First 5 opinions were blank,No animals present
http://www.snapshotserengeti.org/subjects/standard/5331e0831bccd304b608034b_0.JPG,ASG0017ixd,1,7,K12,R2,First 5 opinions were blank,No animals present
http://www.snapshotserengeti.org/subjects/standard/50c210cd8a607540b9009b4b_1.jpg,ASG0000uob,2,1,J13,R1,10 opinions agree this is blank,No animals present
http://www.snapshotserengeti.org/subjects/standard/50dc9cc4a2fc8e378909693b_1.jpg,ASG000dal4,2,4,F02,R2,First 5 opinions were blank,No animals present
http://www.snapshotserengeti.org/subjects/standard/50c212aa8a607540b9023dd8_2.jpg,ASG00035co,3,1,F09,R2,First 5 opinions were blank,No animals present
http://www.snapshotserengeti.org/subjects/standard/51a2dee0e18f49172b02f682_2.jpg,ASG000ngj4,3,5,C08,R1,First 5 opinions were blank,No animals present
http://www.snapshotserengeti.org/subjects/standard/5331db111bccd304b605bc59_1.JPG,ASG0018fhq,2,7,G03,R1,First 5 opinions were blank,No animals present
http://www.snapshotserengeti.org/subjects/standard/50c212fe8a607540b9027eff_1.jpg,ASG0003i7z,2,2,B07,R1,First 5 opinions were blank,No animals present
http://www.snapshotserengeti.org/subjects/standard/50c216ec8a607540b9057057_0.jpg,ASG0007n13,1,2,L12,R1,First 5 opinions were blank,No animals present
http://www.snapshotserengeti.org/subjects/standard/5331cf151bccd304b600df73_0.JPG,ASG0016p86,1,7,D08,R1,10 opinions agree this is blank,No animals present
http://www.snapshotserengeti.org/subjects/standard/5331d2b61bccd304b6024aa1_2.JPG,ASG0015or3,3,7,M07,R3,First 5 opinions were blank,No animals present
http://www.snapshotserengeti.org/subjects/standard/5331e2231bccd304b608a2b5_2.JPG,ASG0017ymc,3,7,I12,R3,First 5 opinions were blank,No animals present
http://zooniverse-static.s3.amazonaws.com/www.snapshotserengeti.org/subjects/standard/56a6a8cd41479b004207308b_0.JPG,ASG001l0nw,1,9,C07,1,,No animals present
http://zooniverse-static.s3.amazonaws.com/www.snapshotserengeti.org/subjects/standard/56a64bfb41479b00420112b3_0.JPG,ASG001kor5,1,9,G10,2,,No animals present
