"url","Subject ID","Frame","Season","Site","Roll","Decision Type","Crowd Determination","Total Species Present","Total Animals Present"
"http://www.snapshotserengeti.org/subjects/standard/51a3a233e18f49172b1a3ac6_1.jpg","ASG000svqd","2","5","Q08","R1","First 5 opinions were blank","No animals present","0","0"
"http://www.snapshotserengeti.org/subjects/standard/5331d1f41bccd304b6020235_0.JPG","ASG0015vvq","1","7","M06","R2","First 5 opinions were blank","No animals present","0","0"
"http://www.snapshotserengeti.org/subjects/standard/5331dfb51bccd304b607af49_0.JPG","ASG0011ysd","1","7","E12","R2","First 5 opinions were blank","No animals present","0","0"
"http://www.snapshotserengeti.org/subjects/standard/51e9285be0053a09c30f5f7a_1.jpg","ASG0011hha","2","6","S12","R2","First 5 opinions were blank","No animals present","0","0"
"http://www.snapshotserengeti.org/subjects/standard/50dc9143a2fc8e378906570a_0.jpg","ASG000clm7","1","4","J03","R2","First 5 opinions were blank","No animals present","0","0"
"http://www.snapshotserengeti.org/subjects/standard/51a3b9aae18f49172b1d02a5_1.jpg","ASG000thtu","2","5","T11","R4","10 opinions agree this is blank","No animals present","0","0"
"http://www.snapshotserengeti.org/subjects/standard/51e908bbe0053a09c30be1fd_0.jpg","ASG0010pr0","1","6","N12","R1","First 5 opinions were blank","No animals present","0","0"
"http://www.snapshotserengeti.org/subjects/standard/50dc914ca2fc8e3789065bef_1.jpg","ASG000clt6","2","4","J03","R2","First 5 opinions were blank","No animals present","0","0"
"http://www.snapshotserengeti.org/subjects/standard/5331e1751bccd304b6085c07_0.JPG","ASG0017rru","1","7","I03","R1","First 5 opinions were blank","No animals present","0","0"
"http://www.snapshotserengeti.org/subjects/standard/50c217fe8a607540b9064f6a_0.jpg","ASG0008v3e","1","3","B07","R11","10 opinions agree this is blank","No animals present","0","0"
"http://www.snapshotserengeti.org/subjects/standard/51e90d09e0053a09c30c6187_2.jpg","ASG0010tt3","3","6","O07","R2","First 5 opinions were blank","No animals present","0","0"
"http://www.snapshotserengeti.org/subjects/standard/51e8ac35e0053a09c3013525_2.jpg","ASG000y96r","3","6","C05","R1","First 5 opinions were blank","No animals present","0","0"
"http://www.snapshotserengeti.org/subjects/standard/51e8fc93e0053a09c30a7967_2.jpg","ASG0010dqj","3","6","M06","R1","10 opinions agree this is blank","No animals present","0","0"
"http://www.snapshotserengeti.org/subjects/standard/50c212718a607540b90200e1_1.jpg","ASG0002tb5","2","1","D02","R1","First 5 opinions were blank","No animals present","0","0"
"http://zooniverse-static.s3.amazonaws.com/www.snapshotserengeti.org/subjects/standard/54cfda0d87ee0404d5092ffb_0.JPG","ASG001cva6","1","8","O12","R1","First 5 opinions were blank","No animals present","0","0"
"http://www.snapshotserengeti.org/subjects/standard/50dcb202a2fc8e37890cd5ca_0.jpg","ASG000e2j5","1","4","D10","R2","First 5 opinions were blank","No animals present","0","0"
"http://www.snapshotserengeti.org/subjects/standard/5331d4531bccd304b602ef7d_1.JPG","ASG00158gf","2","7","Q11","R2","First 5 opinions were blank","No animals present","0","0"
"http://www.snapshotserengeti.org/subjects/standard/50c210cc8a607540b9009ada_0.jpg","ASG0000ul6","1","1","F12","R1","First 5 opinions were blank","No animals present","0","0"
"http://www.snapshotserengeti.org/subjects/standard/50dc93baa2fc8e3789070bcf_2.jpg","ASG000cr54","3","4","G11","R1","First 5 opinions were blank","No animals present","0","0"
"http://zooniverse-static.s3.amazonaws.com/www.snapshotserengeti.org/subjects/standard/56a6581241479b004201db31_0.JPG","ASG001k4xw","1","9","S08","3","","No animals present","0","0"
"http://zooniverse-static.s3.amazonaws.com/www.snapshotserengeti.org/subjects/standard/54cfca6d87ee0404d5018563_0.JPG","ASG001eyv4","1","8","D09","R3","First 5 opinions were blank","No animals present","0","0"
"http://www.snapshotserengeti.org/subjects/standard/50c2103b8a607540b90021c0_1.jpg","ASG00006o0","2","1","H04","R3","First 5 opinions were blank","No animals present","0","0"
"http://www.snapshotserengeti.org/subjects/standard/50c218168a607540b90663e7_2.jpg","ASG0008z53","3","3","D07","R11","First 5 opinions were blank","No animals present","0","0"
"http://www.snapshotserengeti.org/subjects/standard/50c211228a607540b900e272_2.jpg","ASG00018qa","3","1","I03","R1","First 5 opinions were blank","No animals present","0","0"
"http://www.snapshotserengeti.org/subjects/standard/51a36f94e18f49172b1433c1_2.jpg","ASG000rj5c","3","5","M10","R3","First 5 opinions were blank","No animals present","0","0"
"http://www.snapshotserengeti.org/subjects/standard/5331d8061bccd304b60475f1_1.JPG","ASG001460r","2","7","O11","R3","First 5 opinions were blank","No animals present","0","0"
"http://www.snapshotserengeti.org/subjects/standard/5331d7821bccd304b6044031_0.JPG","ASG0014b7r","1","7","G05","R1","10 opinions agree this is blank","No animals present","0","0"
"http://www.snapshotserengeti.org/subjects/standard/50c212158a607540b901aef3_0.jpg","ASG0002d4j","1","1","G12","R1","First 5 opinions were blank","No animals present","0","0"
"http://www.snapshotserengeti.org/subjects/standard/50c211ea8a607540b9018b89_1.jpg","ASG000264p","2","1","R07","R1","First 5 opinions were blank","No animals present","0","0"
"http://www.snapshotserengeti.org/subjects/standard/50c219f18a607540b907c1bf_2.jpg","ASG000aw8v","3","3","Q09","R12","First 5 opinions were blank","No animals present","0","0"
"http://www.snapshotserengeti.org/subjects/standard/5331d84a1bccd304b604923b_2.JPG","ASG001434t","3","7","O12","R3","First 5 opinions were blank","No animals present","0","0"
"http://www.snapshotserengeti.org/subjects/standard/51a3ba94e18f49172b1d1eaf_0.jpg","ASG000tio8","1","5","T11","R4","First 5 opinions were blank","No animals present","0","0"
"http://www.snapshotserengeti.org/subjects/standard/50dc6f20a2fc8e378900110c_2.jpg","ASG000b4ev","3","4","I10","R2","First 5 opinions were blank","No animals present","0","0"
"http://www.snapshotserengeti.org/subjects/standard/51a31effe18f49172b0a9ff0_0.jpg","ASG000p9ut","1","5","G04","R1","First 5 opinions were blank","No animals present","0","0"
"http://www.snapshotserengeti.org/subjects/standard/5331ce001bccd304b60070b5_0.JPG","ASG0016zy3","1","7","B10","R1","First 5 opinions were blank","No animals present","0","0"
"http://zooniverse-static.s3.amazonaws.com/www.snapshotserengeti.org/subjects/standard/56a6c60441479b0042091c5d_0.JPG","ASG001mz35","1","9","F04","3","","No animals present","0","0"
"http://www.snapshotserengeti.org/subjects/standard/51a387dde18f49172b1717d9_1.jpg","ASG000s5pg","2","5","O04","R2","First 5 opinions were blank","No animals present","0","0"
"http://www.snapshotserengeti.org/subjects/standard/50c218c08a607540b906dda9_0.jpg","ASG0009n6x","1","3","H01","R11","First 5 opinions were blank","No animals present","0","0"
"http://zooniverse-static.s3.amazonaws.com/www.snapshotserengeti.org/subjects/standard/56a6924841479b004205b02d_0.JPG","ASG001gx01","1","9","H12","1","First 5 opinions were blank","No animals present","0","0"
"http://www.snapshotserengeti.org/subjects/standard/51a39431e18f49172b188ede_0.jpg","ASG000shl9","1","5","P04","R1","First 5 opinions were blank","No animals present","0","0"
"http://www.snapshotserengeti.org/subjects/standard/50dc9cc1a2fc8e37890967f0_0.jpg","ASG000dajy","1","4","F02","R2","First 5 opinions were blank","No animals present","0","0"
"http://www.snapshotserengeti.org/subjects/standard/50c215138a607540b90427ca_1.jpg","ASG0005u4q","2","2","I09","R2","First 5 opinions were blank","No animals present","0","0"
"http://www.snapshotserengeti.org/subjects/standard/5331cd011bccd304b6000949_1.JPG","ASG0017ae5","2","7","B04","R2","First 5 opinions were blank","No animals present","0","0"
"http://www.snapshotserengeti.org/subjects/standard/50c212138a607540b901ad78_1.jpg","ASG0002cu0","2","1","G12","R1","First 5 opinions were blank","No animals present","0","0"
"http://www.snapshotserengeti.org/subjects/standard/51a3086fe18f49172b07ed0c_0.jpg","ASG000on35","1","5","E09","R2","First 5 opinions were blank","No animals present","0","0"
"http://www.snapshotserengeti.org/subjects/standard/50c2130b8a607540b9028864_1.jpg","ASG0003k2s","2","2","B07","R2","First 5 opinions were blank","No animals present","0","0"
"http://zooniverse-static.s3.amazonaws.com/www.snapshotserengeti.org/subjects/standard/54cfd92687ee0404d508c535_0.JPG","ASG001d4zy","1","8","O03","R3","First 5 opinions were blank","No animals present","0","0"
"http://www.snapshotserengeti.org/subjects/standard/5331d2ea1bccd304b6025fb9_1.JPG","ASG0015mp7","2","7","M08","R1","10 opinions agree this is blank","No animals present","0","0"
"http://www.snapshotserengeti.org/subjects/standard/5331da2d1bccd304b6055ca7_2.JPG","ASG0013j9w","3","7","D06","R2","First 5 opinions were blank","No animals present","0","0"
"http://www.snapshotserengeti.org/subjects/standard/51a32a41e18f49172b0bf77e_2.jpg","ASG000plpx","3","5","H02","R1","10 opinions agree this is blank","No animals present","0","0"
"http://zooniverse-static.s3.amazonaws.com/www.snapshotserengeti.org/subjects/standard/5582de3cc4af4e004200062b_0.JPG","ASG001gjxr","1","0","G04","R2","First 5 opinions were blank","No animals present","0","0"
"http://www.snapshotserengeti.org/subjects/standard/5331cea71bccd304b600b4ff_2.JPG","ASG0016th0","3","7","C04","R1","First 5 opinions were blank","No animals present","0","0"
"http://www.snapshotserengeti.org/subjects/standard/51a30351e18f49172b0750ab_2.jpg","ASG000ohnq","3","5","E03","R3","First 5 opinions were blank","No animals present","0","0"
"http://www.snapshotserengeti.org/subjects/standard/50c216328a607540b904f452_1.jpg","ASG0006yj6","2","2","N06","R3","First 5 opinions were blank","No animals present","0","0"
"http://www.snapshotserengeti.org/subjects/standard/50c210598a607540b9003c5c_1.jpg","ASG0000bx8","2","1","N12","R1","First 5 opinions were blank","No animals present","0","0"
"http://zooniverse-static.s3.amazonaws.com/www.snapshotserengeti.org/subjects/standard/56a6c35e41479b004208ed5d_0.JPG","ASG001mue0","1","9","Q10","1","","No animals present","0","0"
"http://www.snapshotserengeti.org/subjects/standard/51e92372e0053a09c30ece63_0.jpg","ASG0011czu","1","6","S07","R1","10 opinions agree this is blank","No animals present","0","0"
"http://zooniverse-static.s3.amazonaws.com/www.snapshotserengeti.org/subjects/standard/56a69a8241479b0042063cc3_0.JPG","ASG001losx","1","9","Q10","3","","No animals present","0","0"
"http://www.snapshotserengeti.org/subjects/standard/51a35e75e18f49172b122e50_2.jpg","ASG000r1z7","3","5","L05","R1","First 5 opinions were blank","No animals present","0","0"
"http://www.snapshotserengeti.org/subjects/standard/50c216d68a607540b9056291_2.jpg","ASG0007kb5","3","2","L09","R1","First 5 opinions were blank","No animals present","0","0"
"http://www.snapshotserengeti.org/subjects/standard/50dc9a2da2fc8e3789092a6c_2.jpg","ASG000d8lp","3","4","E01","R2","First 5 opinions were blank","No animals present","0","0"
"http://www.snapshotserengeti.org/subjects/standard/51a335a1e18f49172b0d4fb4_2.jpg","ASG000pwu7","3","5","H08","R3","First 5 opinions were blank","No animals present","0","0"
"http://www.snapshotserengeti.org/subjects/standard/51a37b81e18f49172b159f1f_1.jpg","ASG000ruac","2","5","N10","R1","First 5 opinions were blank","No animals present","0","0"
"http://www.snapshotserengeti.org/subjects/standard/50dc9e02a2fc8e378909f2b1_0.jpg","ASG000df1w","1","4","C07","R2","Most common opinion from 25 opinions","No animals present","0","0"
"http://www.snapshotserengeti.org/subjects/standard/50c212698a607540b901fa92_2.jpg","ASG0002s2a","3","1","C05","R3","First 5 opinions were blank","No animals present","0","0"
"http://zooniverse-static.s3.amazonaws.com/www.snapshotserengeti.org/subjects/standard/56a6c67241479b004209215f_0.JPG","ASG001mzl7","1","9","N12","1","First 5 opinions were blank","No animals present","0","0"
"http://www.snapshotserengeti.org/subjects/standard/5331cda31bccd304b6004aa5_0.JPG","ASG00173t0","1","7","B08","R2","First 5 opinions were blank","No animals present","0","0"
"http://www.snapshotserengeti.org/subjects/standard/50dcd2cda2fc8e37890eec5b_2.jpg","ASG000ejas","3","4","S10","R2","First 5 opinions were blank","No animals present","0","0"
"http://www.snapshotserengeti.org/subjects/standard/50c218548a607540b9069044_0.jpg","ASG00097wk","1","3","E10","R11","First 5 opinions were blank","No animals present","0","0"
"http://www.snapshotserengeti.org/subjects/standard/5331d4551bccd304b602f06d_1.JPG","ASG00158eq","2","7","Q11","R2","First 5 opinions were blank","No animals present","0","0"
"http://www.snapshotserengeti.org/subjects/standard/50c219b78a607540b9079414_0.jpg","ASG000an84","1","3","O07","R12","First 5 opinions were blank","No animals present","0","0"
"http://www.snapshotserengeti.org/subjects/standard/5331d74f1bccd304b60429e1_2.JPG","ASG0014dgk","3","7","H13","R3","First 5 opinions were blank","No animals present","0","0"
"http://www.snapshotserengeti.org/subjects/standard/51a2d397e18f49172b019f04_0.jpg","ASG000mu6e","1","5","B12","R3","First 5 opinions were blank","No animals present","0","0"
"http://www.snapshotserengeti.org/subjects/standard/50c212908a607540b9021ff3_2.jpg","ASG0002zg3","3","1","E01","R1","First 5 opinions were blank","No animals present","0","0"
"http://www.snapshotserengeti.org/subjects/standard/5331ce4f1bccd304b6009091_0.JPG","ASG0016x1n","1","7","C01","R3","First 5 opinions were blank","No animals present","0","0"
"http://www.snapshotserengeti.org/subjects/standard/50dcb6aaa2fc8e37890e85f7_0.jpg","ASG000eg56","1","4","Q10","R2","First 5 opinions were blank","No animals present","0","0"
"http://www.snapshotserengeti.org/subjects/standard/51e8ba33e0053a09c302d1c1_2.jpg","ASG000ym5i","3","6","D10","R2","First 5 opinions were blank","No animals present","0","0"
"http://www.snapshotserengeti.org/subjects/standard/50dc7034a2fc8e3789005a52_2.jpg","ASG000b6nd","3","4","C09","R3","First 5 opinions were blank","No animals present","0","0"
"http://www.snapshotserengeti.org/subjects/standard/50dcb668a2fc8e37890e6e03_1.jpg","ASG000efex","2","4","E04","R2","First 5 opinions were blank","No animals present","0","0"
"http://www.snapshotserengeti.org/subjects/standard/51a36a40e18f49172b13916e_1.jpg","ASG000rdre","2","5","M06","R2","First 5 opinions were blank","No animals present","0","0"
"http://www.snapshotserengeti.org/subjects/standard/50c212828a607540b902143e_0.jpg","ASG0002x4u","1","1","D06","R1","First 5 opinions were blank","No animals present","0","0"
"http://www.snapshotserengeti.org/subjects/standard/50dc979ea2fc8e3789087cb4_2.jpg","ASG000d32f","3","4","J04","R2","First 5 opinions were blank","No animals present","0","0"
"http://www.snapshotserengeti.org/subjects/standard/50dc76eba2fc8e3789017f51_0.jpg","ASG000bgjn","1","4","C10","R3","First 5 opinions were blank","No animals present","0","0"
"http://www.snapshotserengeti.org/subjects/standard/50c219608a607540b9075266_1.jpg","ASG000aa92","2","3","K03","R12","First 5 opinions were blank","No animals present","0","0"
"http://www.snapshotserengeti.org/subjects/standard/50c210888a607540b9006383_2.jpg","ASG0000jnn","3","1","E01","R2","First 5 opinions were blank","No animals present","0","0"
"http://zooniverse-static.s3.amazonaws.com/www.snapshotserengeti.org/subjects/standard/56a65d4041479b00420230a5_0.JPG","ASG001jwhy","1","9","D09","2","","No animals present","0","0"
"http://www.snapshotserengeti.org/subjects/standard/50c211638a607540b90119a2_2.jpg","ASG0001jmq","3","1","K11","R1","First 5 opinions were blank","No animals present","0","0"
"http://www.snapshotserengeti.org/subjects/standard/51a306d4e18f49172b07bbd4_0.jpg","ASG000oljb","1","5","E08","R2","First 5 opinions were blank","No animals present","0","0"
"http://www.snapshotserengeti.org/subjects/standard/50dcd735a2fc8e3789108f50_0.jpg","ASG000ewxe","1","4","J08","R1","First 5 opinions were blank","No animals present","0","0"
"http://www.snapshotserengeti.org/subjects/standard/50c2132c8a607540b902a428_1.jpg","ASG0003pk8","2","2","C06","R3","First 5 opinions were blank","No animals present","0","0"
"http://zooniverse-static.s3.amazonaws.com/www.snapshotserengeti.org/subjects/standard/56a69b8541479b0042064f93_0.JPG","ASG001lmx3","1","9","Q12","3","","No animals present","0","0"
"http://www.snapshotserengeti.org/subjects/standard/50c212978a607540b90228ed_0.jpg","ASG000317x","1","1","F02","R1","First 5 opinions were blank","No animals present","0","0"
"http://www.snapshotserengeti.org/subjects/standard/51a318bde18f49172b09e030_1.jpg","ASG000p2uj","2","5","F04","R3","First 5 opinions were blank","No animals present","0","0"
"http://www.snapshotserengeti.org/subjects/standard/5331da951bccd304b605887f_2.JPG","ASG0013et4","3","7","F09","R1","First 5 opinions were blank","No animals present","0","0"
"http://www.snapshotserengeti.org/subjects/standard/51e8be85e0053a09c30350d6_1.jpg","ASG000ypyr","2","6","D13","R2","First 5 opinions were blank","No animals present","0","0"
"http://zooniverse-static.s3.amazonaws.com/www.snapshotserengeti.org/subjects/standard/56a663c141479b0042029adb_0.JPG","ASG001jlyx","1","9","E05","3","","No animals present","0","0"
"http://zooniverse-static.s3.amazonaws.com/www.snapshotserengeti.org/subjects/standard/56a6da1b41479b00420a6dbf_0.JPG","ASG001nwc1","1","9","N06","3","","No animals present","0","0"
"http://www.snapshotserengeti.org/subjects/standard/5331df341bccd304b607791d_1.JPG","ASG00122lh","2","7","E09","R2","First 5 opinions were blank","No animals present","0","0"
"http://www.snapshotserengeti.org/subjects/standard/51e8c8c7e0053a09c3047ffb_0.jpg","ASG000yzi9","1","6","F04","R1","First 5 opinions were blank","No animals present","0","0"
"http://www.snapshotserengeti.org/subjects/standard/50c2180c8a607540b9065baa_2.jpg","ASG0008xii","3","3","C11","R11","First 5 opinions were blank","No animals present","0","0"
