url,Subject ID,Frame,Season,Site,Roll,Decision Type,Crowd Determination
http://www.snapshotserengeti.org/subjects/standard/5331d4dc1bccd304b60327a7_0.JPG,ASG00152xp,1,7,R08,R3,First 5 opinions were blank,No animals present
http://www.snapshotserengeti.org/subjects/standard/50c214b78a607540b903e371_1.jpg,ASG0005gmp,2,2,H01,R1,First 5 opinions were blank,No animals present
http://www.snapshotserengeti.org/subjects/standard/50c217d48a607540b9062c1c_0.jpg,ASG0008o4c,1,3,O05,R11,First 5 opinions were blank,No animals present
http://www.snapshotserengeti.org/subjects/standard/51a32bc0e18f49172b0c25af_0.jpg,ASG000pnat,1,5,H03,R1,First 5 opinions were blank,No animals present
http://www.snapshotserengeti.org/subjects/standard/5331cf6a1bccd304b60102ab_0.JPG,ASG0016lt3,1,7,D10,R1,First 5 opinions were blank,No animals present
http://www.snapshotserengeti.org/subjects/standard/50c215f98a607540b904cc75_2.jpg,ASG0006qnp,3,2,S11,R1,First 5 opinions were blank,No animals present
http://www.snapshotserengeti.org/subjects/standard/51a3c406e18f49172b1e407a_2.jpg,ASG000trik,3,5,U09,R4,First 5 opinions were blank,No animals present
http://www.snapshotserengeti.org/subjects/standard/50c210c18a607540b900917c_1.jpg,ASG0000sqk,2,1,F10,R1,First 5 opinions were blank,No animals present
http://www.snapshotserengeti.org/subjects/standard/5331cf0b1bccd304b600db79_2.JPG,ASG0016ps2,3,7,D07,R3,First 5 opinions were blank,No animals present
http://www.snapshotserengeti.org/subjects/standard/5331d8341bccd304b60488f1_0.JPG,ASG001445f,1,7,O12,R3,First 5 opinions were blank,No animals present
