"url","Subject ID","Frame","Season","Site","Roll","Decision Type","Crowd Determination","Total Species Present","Total Animals Present"
"http://www.snapshotserengeti.org/subjects/standard/50c217ad8a607540b9060a20_2.jpg","ASG0008heo","3","3","L04","R11","10 opinions agree upon the species present","Buffalo","1","1"
"http://www.snapshotserengeti.org/subjects/standard/50dc779da2fc8e378901c502_1.jpg","ASG000bipc","2","4","L06","R1","10 opinions agree upon the species present","Buffalo","1","1"
"http://www.snapshotserengeti.org/subjects/standard/5331dfdb1bccd304b607c021_2.JPG","ASG0017c9k","3","7","F01","R2","10 opinions agree upon the species present","Buffalo","1","4"
"http://www.snapshotserengeti.org/subjects/standard/50dcb456a2fc8e37890dbc20_1.jpg","ASG000e9w5","2","4","C02","r1","10 opinions agree upon the species present","Buffalo","1","2"
"http://www.snapshotserengeti.org/subjects/standard/5331e38b1bccd304b6093b0f_2.JPG","ASG0018dqx","3","7","Q07","R2","10 opinions agree upon the species present","Buffalo","1","4"
"http://www.snapshotserengeti.org/subjects/standard/50dc7804a2fc8e37890200fe_0.jpg","ASG000bkne","1","4","F12","R1","10 opinions agree upon the species present","Buffalo","1","1"
"http://www.snapshotserengeti.org/subjects/standard/51a363e8e18f49172b12cf99_1.jpg","ASG000r7ik","2","5","L10","R2","10 opinions agree upon the species present","Buffalo","1","1"
"http://www.snapshotserengeti.org/subjects/standard/50c219418a607540b9073b08_1.jpg","ASG000a5mw","2","3","J05","R12","10 opinions agree upon the species present","Buffalo","1","1"
"http://www.snapshotserengeti.org/subjects/standard/50dc8c29a2fc8e37890510a4_0.jpg","ASG000c94g","1","4","J10","R1","10 opinions agree upon the species present","Buffalo","1","1"
"http://www.snapshotserengeti.org/subjects/standard/51a2ec63e18f49172b0492dd_0.jpg","ASG000nu5p","1","5","D05","R1","10 opinions agree upon the species present","Buffalo","1","3"
"http://www.snapshotserengeti.org/subjects/standard/50dc8c1aa2fc8e3789050a7e_2.jpg","ASG000c8yf","3","4","J10","R1","10 opinions agree upon the species present","Buffalo","1","1"
"http://www.snapshotserengeti.org/subjects/standard/50dc8c18a2fc8e3789050a04_2.jpg","ASG000c8y1","3","4","J10","R1","10 opinions agree upon the species present","Buffalo","1","1"
"http://www.snapshotserengeti.org/subjects/standard/51e914b7e0053a09c30d384e_1.jpg","ASG00110g4","2","6","P03","R2","10 opinions agree upon the species present","Buffalo","1","1"
"http://www.snapshotserengeti.org/subjects/standard/5331dc2b1bccd304b6063349_0.JPG","ASG0012yt7","1","7","N04","R3","Most common opinion from 25 opinions","Buffalo","1","2"
"http://www.snapshotserengeti.org/subjects/standard/50c2145e8a607540b903998b_2.jpg","ASG0005217","3","2","G02","R1","10 opinions agree upon the species present","Buffalo","1","1"
"http://www.snapshotserengeti.org/subjects/standard/51e93168e0053a09c3106c2e_0.jpg","ASG0011qpi","1","6","U10","R1","10 opinions agree upon the species present","Buffalo","1","2"
"http://www.snapshotserengeti.org/subjects/standard/51a36423e18f49172b12d6bb_1.jpg","ASG000r7r7","2","5","L10","R2","Most common opinion from 25 opinions","Buffalo","1","1"
"http://www.snapshotserengeti.org/subjects/standard/51e903a0e0053a09c30b4acc_2.jpg","ASG0010l4e","3","6","N02","R1","10 opinions agree upon the species present","Buffalo","1","4"
"http://www.snapshotserengeti.org/subjects/standard/50dcd713a2fc8e3789107b95_0.jpg","ASG000ew8y","1","4","J05","R2","10 opinions agree upon the species present","Buffalo","1","1"
"http://www.snapshotserengeti.org/subjects/standard/51a352e7e18f49172b10cdcd_1.jpg","ASG000qqfk","2","5","K02","R1","10 opinions agree upon the species present","Buffalo","1","1"
"http://www.snapshotserengeti.org/subjects/standard/50c217bc8a607540b906178b_0.jpg","ASG0008k23","1","3","M03","R11","10 opinions agree upon the species present","Buffalo","1","1"
"http://www.snapshotserengeti.org/subjects/standard/50c219398a607540b9073579_0.jpg","ASG000a4jd","1","3","J03","R12","10 opinions agree upon the species present","Buffalo","1","1"
"http://www.snapshotserengeti.org/subjects/standard/5331d8091bccd304b60476fd_2.JPG","ASG00145ve","3","7","O11","R3","10 opinions agree upon the species present","Buffalo","1","4"
"http://www.snapshotserengeti.org/subjects/standard/51e8e18fe0053a09c3075a1d_1.jpg","ASG000znj1","2","6","I03","R2","10 opinions agree upon the species present","Buffalo","1","1"
"http://www.snapshotserengeti.org/subjects/standard/50c214138a607540b9035cb2_0.jpg","ASG0004q0i","1","2","F03","R1","10 opinions agree upon the species present","Buffalo","1","2"
"http://www.snapshotserengeti.org/subjects/standard/50c2146c8a607540b903a36d_1.jpg","ASG00053zh","2","2","G03","R4","10 opinions agree upon the species present","Buffalo","1","1"
"http://www.snapshotserengeti.org/subjects/standard/50c211cd8a607540b9017271_1.jpg","ASG0002169","2","1","O06","R1","10 opinions agree upon the species present","Buffalo","1","1"
"http://www.snapshotserengeti.org/subjects/standard/5331e2ea1bccd304b608f5ef_0.JPG","ASG00186ut","1","7","P13","R3","10 opinions agree upon the species present","Buffalo","1","1"
"http://www.snapshotserengeti.org/subjects/standard/50c218dc8a607540b906f11b_0.jpg","ASG0009r17","1","3","H07","R12","10 opinions agree upon the species present","Buffalo","1","2"
"http://www.snapshotserengeti.org/subjects/standard/51a31459e18f49172b0959cf_1.jpg","ASG000oyi3","2","5","F02","R2","10 opinions agree upon the species present","Buffalo","1","1"
"http://www.snapshotserengeti.org/subjects/standard/50c2150d8a607540b9042348_1.jpg","ASG0005t8o","2","2","I07","R5","10 opinions agree upon the species present","Buffalo","1","1"
"http://www.snapshotserengeti.org/subjects/standard/51a31db2e18f49172b0a7815_0.jpg","ASG000p8fr","1","5","G02","R2","10 opinions agree upon the species present","Buffalo","1","2"
"http://www.snapshotserengeti.org/subjects/standard/5331dd0f1bccd304b60691a5_1.JPG","ASG0012peo","2","7","O08","R1","Most common opinion from 25 opinions","Buffalo","1","1"
"http://www.snapshotserengeti.org/subjects/standard/5331dfdb1bccd304b607c00f_0.JPG","ASG0017cc6","1","7","F01","R2","10 opinions agree upon the species present","Buffalo","1","5"
"http://zooniverse-static.s3.amazonaws.com/www.snapshotserengeti.org/subjects/standard/54cfd33587ee0404d505d0ef_0.JPG","ASG001aikf","1","8","J05","R2","10 opinions agree upon the species present","Buffalo","1","4"
"http://www.snapshotserengeti.org/subjects/standard/51a36363e18f49172b12bfa2_2.jpg","ASG000r6ww","3","5","L10","R2","10 opinions agree upon the species present","Buffalo","1","1"
"http://www.snapshotserengeti.org/subjects/standard/50dcd726a2fc8e3789108802_1.jpg","ASG000ewof","2","4","J05","R1","10 opinions agree upon the species present","Buffalo","1","1"
"http://www.snapshotserengeti.org/subjects/standard/51e8bff4e0053a09c3037b1c_0.jpg","ASG000yrg6","1","6","E03","R2","10 opinions agree upon the species present","Buffalo","1","1"
"http://www.snapshotserengeti.org/subjects/standard/50c2170b8a607540b9058761_2.jpg","ASG0007rkx","3","2","M07","R2","10 opinions agree upon the species present","Buffalo","1","1"
"http://www.snapshotserengeti.org/subjects/standard/51e8aa33e0053a09c300f97a_2.jpg","ASG000y7av","3","6","C03","R1","10 opinions agree upon the species present","Buffalo","1","5"
"http://www.snapshotserengeti.org/subjects/standard/50dc917ca2fc8e378906710f_2.jpg","ASG000cmhd","3","4","J03","R1","10 opinions agree upon the species present","Buffalo","1","1"
"http://www.snapshotserengeti.org/subjects/standard/50c2121f8a607540b901b5f0_2.jpg","ASG0002ei8","3","1","J12","R1","10 opinions agree upon the species present","Buffalo","1","2"
"http://www.snapshotserengeti.org/subjects/standard/50c2150d8a607540b9042344_2.jpg","ASG0005t8k","3","2","I07","R5","10 opinions agree upon the species present","Buffalo","1","1"
"http://www.snapshotserengeti.org/subjects/standard/51e8d1a5e0053a09c30583b9_2.jpg","ASG000z8qu","3","6","G07","R1","10 opinions agree upon the species present","Buffalo","1","4"
"http://www.snapshotserengeti.org/subjects/standard/50c211e38a607540b9018564_0.jpg","ASG00024x0","1","1","P07","R1","10 opinions agree upon the species present","Buffalo","1","5"
"http://www.snapshotserengeti.org/subjects/standard/50c219d88a607540b907ad54_0.jpg","ASG000as7o","1","3","P07","R12","10 opinions agree upon the species present","Buffalo","1","1"
"http://www.snapshotserengeti.org/subjects/standard/50dcb0b9a2fc8e37890c7dc7_2.jpg","ASG000dzm2","3","4","L07","R1","10 opinions agree upon the species present","Buffalo","1","1"
"http://www.snapshotserengeti.org/subjects/standard/51e8e18de0053a09c30759ec_0.jpg","ASG000zniu","1","6","I03","R2","10 opinions agree upon the species present","Buffalo","1","1"
"http://www.snapshotserengeti.org/subjects/standard/51e8e189e0053a09c3075974_1.jpg","ASG000znic","2","6","I03","R2","10 opinions agree upon the species present","Buffalo","1","2"
"http://www.snapshotserengeti.org/subjects/standard/50dcac2ca2fc8e37890c01e1_1.jpg","ASG000dvms","2","4","H02","R2","10 opinions agree upon the species present","Buffalo","1","3"
"http://www.snapshotserengeti.org/subjects/standard/50c2187e8a607540b906ac90_2.jpg","ASG0009dhs","3","3","G01","R11","10 opinions agree upon the species present","Buffalo","1","1"
"http://www.snapshotserengeti.org/subjects/standard/50dc9fcea2fc8e37890a8d47_1.jpg","ASG000dk2f","2","4","E03","R1","10 opinions agree upon the species present","Buffalo","1","1"
"http://www.snapshotserengeti.org/subjects/standard/50c2187f8a607540b906acfc_0.jpg","ASG0009dks","1","3","G01","R11","10 opinions agree upon the species present","Buffalo","1","1"
"http://www.snapshotserengeti.org/subjects/standard/50c218a98a607540b906ccab_1.jpg","ASG0009ju3","2","3","G02","R11","10 opinions agree upon the species present","Buffalo","1","1"
"http://www.snapshotserengeti.org/subjects/standard/50dc8bf3a2fc8e378904ec80_0.jpg","ASG000c7vb","1","4","B07","R1","10 opinions agree upon the species present","Buffalo","1","5"
"http://www.snapshotserengeti.org/subjects/standard/50c21a078a607540b907d1a2_1.jpg","ASG000azdu","2","3","S07","R12","10 opinions agree upon the species present","Buffalo","1","2"
"http://www.snapshotserengeti.org/subjects/standard/5331dfdd1bccd304b607c109_2.JPG","ASG0017cez","3","7","F01","R3","10 opinions agree upon the species present","Buffalo","1","5"
"http://www.snapshotserengeti.org/subjects/standard/50c219028a607540b9070bd1_0.jpg","ASG0009wb5","1","3","I05","R12","10 opinions agree upon the species present","Buffalo","1","1"
"http://www.snapshotserengeti.org/subjects/standard/50c217358a607540b905a694_2.jpg","ASG0007xqs","3","3","D03","R11","Most common opinion from 25 opinions","Buffalo","1","2"
"http://www.snapshotserengeti.org/subjects/standard/5331e2ea1bccd304b608f5e5_2.JPG","ASG00186v0","3","7","P13","R3","10 opinions agree upon the species present","Buffalo","1","1"
"http://www.snapshotserengeti.org/subjects/standard/50dc8bf1a2fc8e378904e9f5_1.jpg","ASG000c7rr","2","4","B07","R1","10 opinions agree upon the species present","Buffalo","1","1"
"http://www.snapshotserengeti.org/subjects/standard/50c2138c8a607540b902f235_2.jpg","ASG00044z9","3","2","D05","R1","10 opinions agree upon the species present","Buffalo","1","1"
"http://www.snapshotserengeti.org/subjects/standard/50c2114b8a607540b9010500_0.jpg","ASG0001fk0","1","1","K03","R1","10 opinions agree upon the species present","Buffalo","1","1"
"http://www.snapshotserengeti.org/subjects/standard/50c214498a607540b90387be_1.jpg","ASG0004yim","2","2","F12","R1","10 opinions agree upon the species present","Buffalo","1","1"
"http://www.snapshotserengeti.org/subjects/standard/51e937d3e0053a09c316bbd4_0.jpg","ASG0011x5d","1","6","P03","R1","10 opinions agree upon the species present","Buffalo","1","3"
"http://www.snapshotserengeti.org/subjects/standard/50c213b28a607540b9030cdf_1.jpg","ASG0004a8v","2","2","D13","R2","10 opinions agree upon the species present","Buffalo","1","1"
"http://www.snapshotserengeti.org/subjects/standard/51a2ec86e18f49172b0496f0_0.jpg","ASG000nua0","1","5","D05","R1","10 opinions agree upon the species present","Buffalo","1","1"
"http://www.snapshotserengeti.org/subjects/standard/5331d78d1bccd304b6044409_1.JPG","ASG0014av0","2","7","H05","R1","10 opinions agree upon the species present","Buffalo","1","3"
"http://www.snapshotserengeti.org/subjects/standard/51a32c24e18f49172b0c3170_0.jpg","ASG000pnqa","1","5","H03","R2","10 opinions agree upon the species present","Buffalo","1","1"
"http://www.snapshotserengeti.org/subjects/standard/5331cd461bccd304b60025af_0.JPG","ASG00177kf","1","7","B07","R1","10 opinions agree upon the species present","Buffalo","1","3"
"http://www.snapshotserengeti.org/subjects/standard/50c2135a8a607540b902ca32_1.jpg","ASG0003x2q","2","2","H07","R1","10 opinions agree upon the species present","Buffalo","1","1"
"http://zooniverse-static.s3.amazonaws.com/www.snapshotserengeti.org/subjects/standard/54cfc76a87ee0404d5000385_0.JPG","ASG0018r49","1","8","B03","R1","10 opinions agree upon the species present","Buffalo","1","3"
"http://www.snapshotserengeti.org/subjects/standard/51a31375e18f49172b093e81_0.jpg","ASG000oxk1","1","5","F01","R2","10 opinions agree upon the species present","Buffalo","1","2"
"http://zooniverse-static.s3.amazonaws.com/www.snapshotserengeti.org/subjects/standard/56a6932441479b004205c0c9_0.JPG","ASG001gvck","1","9","F01","1","","Buffalo","1","1"
"http://www.snapshotserengeti.org/subjects/standard/50c2156c8a607540b90467a1_2.jpg","ASG00066qp","3","2","J10","R1","10 opinions agree upon the species present","Buffalo","1","1"
"http://www.snapshotserengeti.org/subjects/standard/50c216b48a607540b9054d28_0.jpg","ASG0007g2w","1","2","L03","R1","10 opinions agree upon the species present","Buffalo","1","1"
"http://www.snapshotserengeti.org/subjects/standard/50c214688a607540b9039fc9_0.jpg","ASG000539l","1","2","G03","R1","10 opinions agree upon the species present","Buffalo","1","1"
"http://www.snapshotserengeti.org/subjects/standard/50c2156d8a607540b9046833_2.jpg","ASG00066ur","3","2","J10","R2","10 opinions agree upon the species present","Buffalo","1","1"
"http://www.snapshotserengeti.org/subjects/standard/50c2156d8a607540b9046826_1.jpg","ASG00066ue","2","2","J10","R2","10 opinions agree upon the species present","Buffalo","1","1"
"http://www.snapshotserengeti.org/subjects/standard/50dc77fea2fc8e378901fdba_0.jpg","ASG000bkik","1","4","F12","R1","10 opinions agree upon the species present","Buffalo","1","3"
"http://www.snapshotserengeti.org/subjects/standard/51a324e0e18f49172b0b52f1_0.jpg","ASG000pfi1","1","5","G12","R1","10 opinions agree upon the species present","Buffalo","1","2"
"http://www.snapshotserengeti.org/subjects/standard/50dc9319a2fc8e378906e6b7_0.jpg","ASG000cq5q","1","4","H07","R1","10 opinions agree upon the species present","Buffalo","1","1"
"http://www.snapshotserengeti.org/subjects/standard/50c215008a607540b9041a4f_0.jpg","ASG0005rgv","1","2","I03","R1","10 opinions agree upon the species present","Buffalo","1","1"
"http://www.snapshotserengeti.org/subjects/standard/51e8e1a9e0053a09c3075d18_1.jpg","ASG000znms","2","6","I04","R1","10 opinions agree upon the species present","Buffalo","1","3"
"http://www.snapshotserengeti.org/subjects/standard/50c213148a607540b9029054_0.jpg","ASG0003ln8","1","2","C03","R3","10 opinions agree upon the species present","Buffalo","1","1"
"http://www.snapshotserengeti.org/subjects/standard/50c215868a607540b90477e6_2.jpg","ASG00069ye","3","2","O05","R1","10 opinions agree upon the species present","Buffalo","1","4"
"http://www.snapshotserengeti.org/subjects/standard/51a351bfe18f49172b10aadc_0.jpg","ASG000qpal","1","5","J10","R1","10 opinions agree upon the species present","Buffalo","1","1"
"http://www.snapshotserengeti.org/subjects/standard/50c214758a607540b903aaca_0.jpg","ASG00055fu","1","2","G04","R2","10 opinions agree upon the species present","Buffalo","1","2"
"http://zooniverse-static.s3.amazonaws.com/www.snapshotserengeti.org/subjects/standard/54cfcb1287ee0404d501d14f_0.JPG","ASG001f5kl","1","8","E01","R1","10 opinions agree upon the species present","Buffalo","1","5"
"http://www.snapshotserengeti.org/subjects/standard/51a3a0b8e18f49172b1a0ded_0.jpg","ASG000su9m","1","5","Q04","R3","10 opinions agree upon the species present","Buffalo","1","3"
"http://www.snapshotserengeti.org/subjects/standard/51e8d115e0053a09c3057348_0.jpg","ASG000z86z","1","6","G04","R1","10 opinions agree upon the species present","Buffalo","1","1"
"http://www.snapshotserengeti.org/subjects/standard/50dc9d6ea2fc8e378909be32_1.jpg","ASG000ddbe","2","4","K10","R1","10 opinions agree upon the species present","Buffalo","1","1"
"http://www.snapshotserengeti.org/subjects/standard/50dc915fa2fc8e3789066421_2.jpg","ASG000cm25","3","4","J03","R2","10 opinions agree upon the species present","Buffalo","1","2"
"http://www.snapshotserengeti.org/subjects/standard/51a32be5e18f49172b0c29d8_0.jpg","ASG000pngk","1","5","H03","R2","10 opinions agree upon the species present","Buffalo","1","1"
"http://www.snapshotserengeti.org/subjects/standard/5331dad71bccd304b605a3db_0.JPG","ASG0013c3o","1","7","G01","R2","10 opinions agree upon the species present","Buffalo","1","2"
"http://www.snapshotserengeti.org/subjects/standard/5331e25f1bccd304b608bc21_1.JPG","ASG001817d","2","7","J02","R3","10 opinions agree upon the species present","Buffalo","1","3"
"http://www.snapshotserengeti.org/subjects/standard/50c2114c8a607540b90105c1_2.jpg","ASG0001fpd","3","1","K03","R1","10 opinions agree upon the species present","Buffalo","1","2"
"http://www.snapshotserengeti.org/subjects/standard/50dc8c06a2fc8e378904ffc9_2.jpg","ASG000c8k9","3","4","J10","R2","10 opinions agree upon the species present","Buffalo","1","2"
"http://www.snapshotserengeti.org/subjects/standard/50dcd728a2fc8e3789108948_1.jpg","ASG000ewps","2","4","J05","R1","10 opinions agree upon the species present","Buffalo","1","1"
"http://www.snapshotserengeti.org/subjects/standard/50c2150c8a607540b904226c_0.jpg","ASG0005t2k","1","2","I06","R2","10 opinions agree upon the species present","Buffalo","1","1"
