url,Subject ID,Frame,Season,Site,Roll,Decision Type,Crowd Determination
http://www.snapshotserengeti.org/subjects/standard/51e8e213e0053a09c307696f_1.jpg,ASG000zo2v,2,6,I04,R2,10 opinions agree upon the species present,Buffalo
http://www.snapshotserengeti.org/subjects/standard/5331dfd61bccd304b607bdef_0.JPG,ASG0017byz,1,7,F01,R2,10 opinions agree upon the species present,Buffalo
http://www.snapshotserengeti.org/subjects/standard/51a38a8de18f49172b17697d_1.jpg,ASG000s89p,2,5,O06,R1,10 opinions agree upon the species present,Buffalo
http://www.snapshotserengeti.org/subjects/standard/50dc793ba2fc8e378902631c_0.jpg,ASG000bnoo,1,4,M06,R2,10 opinions agree upon the species present,Buffalo
http://www.snapshotserengeti.org/subjects/standard/50c210d98a607540b900a561_2.jpg,ASG0000wo1,3,1,G03,R4,10 opinions agree upon the species present,Buffalo
http://www.snapshotserengeti.org/subjects/standard/51e8a6e2e0053a09c30097a4_1.jpg,ASG000y42k,2,6,B09,R2,10 opinions agree upon the species present,Buffalo
http://www.snapshotserengeti.org/subjects/standard/5331ce0d1bccd304b600765f_0.JPG,ASG0016zds,1,7,B13,R2,10 opinions agree upon the species present,Buffalo
http://www.snapshotserengeti.org/subjects/standard/51e8c71fe0053a09c3044ed6_0.jpg,ASG000yy18,1,6,F03,R2,10 opinions agree upon the species present,Buffalo
http://www.snapshotserengeti.org/subjects/standard/50c219708a607540b9075d52_2.jpg,ASG000aceq,3,3,K07,R12,10 opinions agree upon the species present,Buffalo
http://www.snapshotserengeti.org/subjects/standard/51e93210e0053a09c3107fa8_0.jpg,ASG0011rc6,1,6,U10,R2,10 opinions agree upon the species present,Buffalo
http://www.snapshotserengeti.org/subjects/standard/50c219e38a607540b907b5ea_2.jpg,ASG000atwq,3,3,Q06,R12,10 opinions agree upon the species present,Buffalo
http://www.snapshotserengeti.org/subjects/standard/50c2145e8a607540b903998b_2.jpg,ASG0005217,3,2,G02,R1,10 opinions agree upon the species present,Buffalo
http://www.snapshotserengeti.org/subjects/standard/5331d7ef1bccd304b6046ca9_1.JPG,ASG00146ve,2,7,O10,R3,10 opinions agree upon the species present,Buffalo
http://www.snapshotserengeti.org/subjects/standard/50c214758a607540b903aa91_2.jpg,ASG00055e9,3,2,G04,R2,10 opinions agree upon the species present,Buffalo
http://www.snapshotserengeti.org/subjects/standard/51e903a0e0053a09c30b4ae1_0.jpg,ASG0010l4h,1,6,N02,R1,10 opinions agree upon the species present,Buffalo
http://zooniverse-static.s3.amazonaws.com/www.snapshotserengeti.org/subjects/standard/54cfda0387ee0404d5092b6f_0.JPG,ASG0018wso,1,8,O11,R1,10 opinions agree upon the species present,Buffalo
http://www.snapshotserengeti.org/subjects/standard/50c211e38a607540b901859d_0.jpg,ASG00024yl,1,1,P07,R1,10 opinions agree upon the species present,Buffalo
http://www.snapshotserengeti.org/subjects/standard/50c216b58a607540b9054df9_1.jpg,ASG0007g8p,2,2,L03,R2,10 opinions agree upon the species present,Buffalo
http://www.snapshotserengeti.org/subjects/standard/50dc76dca2fc8e378901799d_2.jpg,ASG000bgdt,3,4,C10,R3,10 opinions agree upon the species present,Buffalo
http://www.snapshotserengeti.org/subjects/standard/50dcd32ea2fc8e37890f14be_0.jpg,ASG000ekoy,1,4,G04,R1,10 opinions agree upon the species present,Buffalo
http://www.snapshotserengeti.org/subjects/standard/51a31946e18f49172b09f09e_2.jpg,ASG000p3cv,3,5,F05,R1,10 opinions agree upon the species present,Buffalo
http://www.snapshotserengeti.org/subjects/standard/50c218d48a607540b906ec1b_0.jpg,ASG0009q1n,1,3,H05,R12,10 opinions agree upon the species present,Buffalo
http://www.snapshotserengeti.org/subjects/standard/51e8a96ee0053a09c300e2ca_1.jpg,ASG000y6kl,2,6,C01,R2,10 opinions agree upon the species present,Buffalo
http://www.snapshotserengeti.org/subjects/standard/50c2179a8a607540b905fa8d_0.jpg,ASG0008ebx,1,3,J10,R11,10 opinions agree upon the species present,Buffalo
http://www.snapshotserengeti.org/subjects/standard/50c218dd8a607540b906f1bb_0.jpg,ASG0009r5n,1,3,H07,R12,10 opinions agree upon the species present,Buffalo
http://www.snapshotserengeti.org/subjects/standard/51a31476e18f49172b095d49_2.jpg,ASG000oyme,3,5,F02,R3,10 opinions agree upon the species present,Buffalo
http://www.snapshotserengeti.org/subjects/standard/51a2d800e18f49172b022513_1.jpg,ASG000myr4,2,5,C01,R3,10 opinions agree upon the species present,Buffalo
http://www.snapshotserengeti.org/subjects/standard/51a32b15e18f49172b0c112f_0.jpg,ASG000pmlx,1,5,H02,R3,10 opinions agree upon the species present,Buffalo
http://www.snapshotserengeti.org/subjects/standard/51a35c59e18f49172b11ee62_2.jpg,ASG000qzv4,3,5,L03,R2,10 opinions agree upon the species present,Buffalo
http://www.snapshotserengeti.org/subjects/standard/51e8b41ce0053a09c3021e1d_1.jpg,ASG000ygl6,2,6,D02,R2,10 opinions agree upon the species present,Buffalo
http://www.snapshotserengeti.org/subjects/standard/50c218dc8a607540b906f12f_0.jpg,ASG0009r1r,1,3,H07,R12,10 opinions agree upon the species present,Buffalo
http://www.snapshotserengeti.org/subjects/standard/51a331dbe18f49172b0ce008_1.jpg,ASG000ptc1,2,5,H07,R1,10 opinions agree upon the species present,Buffalo
http://www.snapshotserengeti.org/subjects/standard/51e8e0cae0053a09c3074367_0.jpg,ASG000zmpf,1,6,I01,R1,10 opinions agree upon the species present,Buffalo
http://www.snapshotserengeti.org/subjects/standard/51a363f0e18f49172b12d08f_1.jpg,ASG000r7jr,2,5,L10,R2,10 opinions agree upon the species present,Buffalo
http://www.snapshotserengeti.org/subjects/standard/51a2e603e18f49172b03d04a_1.jpg,ASG000nnse,2,5,C12,R3,10 opinions agree upon the species present,Buffalo
http://www.snapshotserengeti.org/subjects/standard/50dcb0a5a2fc8e37890c6cc0_0.jpg,ASG000dyze,1,4,I02,R2,10 opinions agree upon the species present,Buffalo
http://www.snapshotserengeti.org/subjects/standard/50dcd725a2fc8e378910873a_1.jpg,ASG000ewnh,2,4,J05,R1,10 opinions agree upon the species present,Buffalo
http://www.snapshotserengeti.org/subjects/standard/51a317d3e18f49172b09c405_0.jpg,ASG000p1xh,1,5,F04,R2,10 opinions agree upon the species present,Buffalo
http://www.snapshotserengeti.org/subjects/standard/50dcd71ea2fc8e3789108432_1.jpg,ASG000ewkr,2,4,J05,R1,10 opinions agree upon the species present,Buffalo
http://www.snapshotserengeti.org/subjects/standard/5331dad81bccd304b605a425_2.JPG,ASG0013c5r,3,7,G01,R2,10 opinions agree upon the species present,Buffalo
http://www.snapshotserengeti.org/subjects/standard/50c214498a607540b903879e_2.jpg,ASG0004yhq,3,2,F12,R1,10 opinions agree upon the species present,Buffalo
http://zooniverse-static.s3.amazonaws.com/www.snapshotserengeti.org/subjects/standard/56a6829341479b004204a785_0.JPG,ASG001hytx,1,9,C13,1,,Buffalo
http://www.snapshotserengeti.org/subjects/standard/50dc94e2a2fc8e3789077a9c_1.jpg,ASG000cum3,2,4,D12,R2,10 opinions agree upon the species present,Buffalo
http://www.snapshotserengeti.org/subjects/standard/51a32b89e18f49172b0c1efd_0.jpg,ASG000pn35,1,5,H03,R1,Most common opinion from 25 opinions,Buffalo
http://www.snapshotserengeti.org/subjects/standard/51e8d06de0053a09c305600b_1.jpg,ASG000z7jq,2,6,G01,R1,10 opinions agree upon the species present,Buffalo
http://www.snapshotserengeti.org/subjects/standard/50c2162a8a607540b904ec47_0.jpg,ASG0006wxz,1,2,N06,R1,10 opinions agree upon the species present,Buffalo
http://www.snapshotserengeti.org/subjects/standard/5331ce0f1bccd304b600775b_2.JPG,ASG0012q9j,3,7,B13,R3,10 opinions agree upon the species present,Buffalo
http://www.snapshotserengeti.org/subjects/standard/5331ce131bccd304b6007803_0.JPG,ASG0012q9l,1,7,C01,R1,10 opinions agree upon the species present,Buffalo
http://www.snapshotserengeti.org/subjects/standard/51e8f2c5e0053a09c3095787_1.jpg,ASG00104or,2,6,L02,R1,10 opinions agree upon the species present,Buffalo
http://www.snapshotserengeti.org/subjects/standard/50dcd394a2fc8e37890f37de_0.jpg,ASG000elqf,1,4,F03,R2,10 opinions agree upon the species present,Buffalo
http://www.snapshotserengeti.org/subjects/standard/50c2170a8a607540b90586d2_2.jpg,ASG0007rgy,3,2,M07,R1,Most common opinion from 25 opinions,Buffalo
http://www.snapshotserengeti.org/subjects/standard/50dc8c10a2fc8e37890505cc_0.jpg,ASG000c8sl,1,4,J10,R1,Most common opinion from 25 opinions,Buffalo
http://www.snapshotserengeti.org/subjects/standard/51a32b17e18f49172b0c1184_2.jpg,ASG000pmmc,3,5,H02,R3,10 opinions agree upon the species present,Buffalo
http://www.snapshotserengeti.org/subjects/standard/50c219e38a607540b907b61e_2.jpg,ASG000aty6,3,3,Q06,R12,10 opinions agree upon the species present,Buffalo
http://www.snapshotserengeti.org/subjects/standard/51a38c2de18f49172b179ac0_0.jpg,ASG000s9vm,1,5,O09,R3,10 opinions agree upon the species present,Buffalo
http://www.snapshotserengeti.org/subjects/standard/50dc8c24a2fc8e3789050e77_1.jpg,ASG000c922,2,4,J10,R1,10 opinions agree upon the species present,Buffalo
http://www.snapshotserengeti.org/subjects/standard/5331dcea1bccd304b60682b5_0.JPG,ASG0012r0d,1,7,O06,R3,10 opinions agree upon the species present,Buffalo
http://www.snapshotserengeti.org/subjects/standard/50c2176d8a607540b905d38f_0.jpg,ASG00086mn,1,3,H12,R11,10 opinions agree upon the species present,Buffalo
http://www.snapshotserengeti.org/subjects/standard/50dcb44ba2fc8e37890db5b4_0.jpg,ASG000e9n7,1,4,C02,r1,10 opinions agree upon the species present,Buffalo
http://www.snapshotserengeti.org/subjects/standard/5331da7e1bccd304b6057ea1_0.JPG,ASG0013fs5,1,7,F06,R3,10 opinions agree upon the species present,Buffalo
http://www.snapshotserengeti.org/subjects/standard/50dc7802a2fc8e378901ffc5_1.jpg,ASG000bklm,2,4,F12,R1,10 opinions agree upon the species present,Buffalo
http://www.snapshotserengeti.org/subjects/standard/51e8f413e0053a09c3097e3f_0.jpg,ASG00105v2,1,6,L03,R2,10 opinions agree upon the species present,Buffalo
http://www.snapshotserengeti.org/subjects/standard/51a33c85e18f49172b0e2280_1.jpg,ASG000q3nd,2,5,I03,R3,10 opinions agree upon the species present,Buffalo
http://www.snapshotserengeti.org/subjects/standard/51a35320e18f49172b10d49f_1.jpg,ASG000qqnk,2,5,K02,R3,10 opinions agree upon the species present,Buffalo
http://www.snapshotserengeti.org/subjects/standard/51e903afe0053a09c30b4c92_0.jpg,ASG0010l6c,1,6,N02,R1,10 opinions agree upon the species present,Buffalo
http://zooniverse-static.s3.amazonaws.com/www.snapshotserengeti.org/subjects/standard/54cfc76987ee0404d5000343_0.JPG,ASG001dt6y,1,8,B03,R1,10 opinions agree upon the species present,Buffalo
http://www.snapshotserengeti.org/subjects/standard/51e8a93ee0053a09c300dd4b_0.jpg,ASG000y6ds,1,6,C01,R1,10 opinions agree upon the species present,Buffalo
http://www.snapshotserengeti.org/subjects/standard/51e8a93ee0053a09c300dd2f_0.jpg,ASG000y6do,1,6,C01,R1,10 opinions agree upon the species present,Buffalo
http://www.snapshotserengeti.org/subjects/standard/51e904efe0053a09c30b71af_0.jpg,ASG0010mbo,1,6,N05,R2,10 opinions agree upon the species present,Buffalo
http://www.snapshotserengeti.org/subjects/standard/5331dada1bccd304b605a4e9_1.JPG,ASG0013c6w,2,7,G01,R3,10 opinions agree upon the species present,Buffalo
http://www.snapshotserengeti.org/subjects/standard/50dc8c05a2fc8e378904fe7f_0.jpg,ASG000c8ik,1,4,J10,R2,10 opinions agree upon the species present,Buffalo
http://www.snapshotserengeti.org/subjects/standard/5331ce0f1bccd304b600778d_2.JPG,ASG0012q84,3,7,B13,R3,10 opinions agree upon the species present,Buffalo
http://www.snapshotserengeti.org/subjects/standard/50c214db8a607540b903fffc_1.jpg,ASG0005m9o,2,2,H06,R1,10 opinions agree upon the species present,Buffalo
http://www.snapshotserengeti.org/subjects/standard/50c2179a8a607540b905fabb_1.jpg,ASG0008ed7,2,3,J10,R11,10 opinions agree upon the species present,Buffalo
http://www.snapshotserengeti.org/subjects/standard/51a367b4e18f49172b13437f_2.jpg,ASG000rb9h,3,5,M04,R1,10 opinions agree upon the species present,Buffalo
http://www.snapshotserengeti.org/subjects/standard/50dcdc23a2fc8e378911d9e3_1.jpg,ASG000f84n,2,4,J11,R1,10 opinions agree upon the species present,Buffalo
http://zooniverse-static.s3.amazonaws.com/www.snapshotserengeti.org/subjects/standard/54cfd0cb87ee0404d5049ca5_0.JPG,ASG001bk2k,1,8,H04,R2,10 opinions agree upon the species present,Buffalo
http://www.snapshotserengeti.org/subjects/standard/51a367cae18f49172b1345f7_0.jpg,ASG000rbch,1,5,M04,R1,10 opinions agree upon the species present,Buffalo
http://www.snapshotserengeti.org/subjects/standard/50dc8c22a2fc8e3789050d91_2.jpg,ASG000c914,3,4,J10,R1,10 opinions agree upon the species present,Buffalo
http://www.snapshotserengeti.org/subjects/standard/51a3490ae18f49172b0fa0af_1.jpg,ASG000qfxd,2,5,J01,R2,10 opinions agree upon the species present,Buffalo
http://www.snapshotserengeti.org/subjects/standard/50dcdc1ea2fc8e378911d6c8_2.jpg,ASG000f80e,3,4,J11,R1,10 opinions agree upon the species present,Buffalo
http://www.snapshotserengeti.org/subjects/standard/50dc722ba2fc8e378900ee5e_0.jpg,ASG000bbub,1,4,D02,R2,10 opinions agree upon the species present,Buffalo
http://www.snapshotserengeti.org/subjects/standard/50c219df8a607540b907b2c7_2.jpg,ASG000ataf,3,3,P10,R12,10 opinions agree upon the species present,Buffalo
http://www.snapshotserengeti.org/subjects/standard/51e8a6e6e0053a09c300981d_2.jpg,ASG000y433,3,6,B09,R2,10 opinions agree upon the species present,Buffalo
http://www.snapshotserengeti.org/subjects/standard/50dcd71ca2fc8e378910825f_0.jpg,ASG000ewid,1,4,J05,R1,10 opinions agree upon the species present,Buffalo
http://www.snapshotserengeti.org/subjects/standard/50dcd39ba2fc8e37890f3eed_2.jpg,ASG000elzw,3,4,C06,R1,10 opinions agree upon the species present,Buffalo
http://www.snapshotserengeti.org/subjects/standard/51a35c39e18f49172b11ea95_0.jpg,ASG000qzpv,1,5,L02,R3,10 opinions agree upon the species present,Buffalo
http://www.snapshotserengeti.org/subjects/standard/50c214758a607540b903aaaa_0.jpg,ASG00055ey,1,2,G04,R2,10 opinions agree upon the species present,Buffalo
http://www.snapshotserengeti.org/subjects/standard/50dcdc9ba2fc8e378912124f_0.jpg,ASG000fa12,1,4,U11,R1,10 opinions agree upon the species present,Buffalo
http://www.snapshotserengeti.org/subjects/standard/51a3c476e18f49172b1e4da6_1.jpg,ASG000tryo,2,5,U10,R1,10 opinions agree upon the species present,Buffalo
http://zooniverse-static.s3.amazonaws.com/www.snapshotserengeti.org/subjects/standard/54cfd06687ee0404d5046aeb_0.JPG,ASG001bp4t,1,8,H02,R3,10 opinions agree upon the species present,Buffalo
http://www.snapshotserengeti.org/subjects/standard/50c214c78a607540b903f1d6_0.jpg,ASG0005jh2,1,2,H03,R1,10 opinions agree upon the species present,Buffalo
http://www.snapshotserengeti.org/subjects/standard/5331e2ea1bccd304b608f5f3_0.JPG,ASG00186xa,1,7,P13,R3,10 opinions agree upon the species present,Buffalo
http://www.snapshotserengeti.org/subjects/standard/51a31c66e18f49172b0a5079_2.jpg,ASG000p6wr,3,5,G01,R2,10 opinions agree upon the species present,Buffalo
http://www.snapshotserengeti.org/subjects/standard/51a35c6be18f49172b11f06b_1.jpg,ASG000qzxo,2,5,L03,R3,10 opinions agree upon the species present,Buffalo
http://www.snapshotserengeti.org/subjects/standard/5331da831bccd304b60580b1_0.JPG,ASG0013fix,1,7,F07,R2,10 opinions agree upon the species present,Buffalo
http://zooniverse-static.s3.amazonaws.com/www.snapshotserengeti.org/subjects/standard/54cfcf3e87ee0404d503d875_0.JPG,ASG001c2jg,1,8,G04,R2,Most common opinion from 25 opinions,Buffalo
http://www.snapshotserengeti.org/subjects/standard/50c213998a607540b902fbae_0.jpg,ASG00046um,1,2,D08,R2,10 opinions agree upon the species present,Buffalo
http://www.snapshotserengeti.org/subjects/standard/5331cd321bccd304b6001d1f_0.JPG,ASG00178bp,1,7,B06,R1,10 opinions agree upon the species present,Buffalo
http://www.snapshotserengeti.org/subjects/standard/51a2ec75e18f49172b0494fe_2.jpg,ASG000nu80,3,5,D05,R1,10 opinions agree upon the species present,Buffalo
