url,Subject ID,Frame,Season,Site,Roll,Decision Type,Crowd Determination
http://www.snapshotserengeti.org/subjects/standard/51a30829e18f49172b07e491_0.jpg,ASG000omu0,1,5,E09,R1,Most common opinion from 25 opinions,Buffalo
http://www.snapshotserengeti.org/subjects/standard/5331d8091bccd304b604771b_1.JPG,ASG00145q9,2,7,O11,R3,10 opinions agree upon the species present,Buffalo
http://www.snapshotserengeti.org/subjects/standard/50dca4eea2fc8e37890bdcfc_2.jpg,ASG000dufa,3,4,E10,R1,10 opinions agree upon the species present,Buffalo
http://www.snapshotserengeti.org/subjects/standard/50c217438a607540b905b311_2.jpg,ASG000807l,3,3,F07,R11,10 opinions agree upon the species present,Buffalo
http://www.snapshotserengeti.org/subjects/standard/50c2150b8a607540b90421d4_0.jpg,ASG0005syc,1,2,I06,R1,10 opinions agree upon the species present,Buffalo
http://www.snapshotserengeti.org/subjects/standard/51e8d56ce0053a09c305f3b4_2.jpg,ASG000zcj8,3,6,H02,R1,10 opinions agree upon the species present,Buffalo
http://www.snapshotserengeti.org/subjects/standard/51a31dbbe18f49172b0a792c_1.jpg,ASG000p8h6,2,5,G02,R2,10 opinions agree upon the species present,Buffalo
http://www.snapshotserengeti.org/subjects/standard/50c2193c8a607540b90737bd_0.jpg,ASG000a4zh,1,3,J03,R12,10 opinions agree upon the species present,Buffalo
http://www.snapshotserengeti.org/subjects/standard/50c2187f8a607540b906acdf_2.jpg,ASG0009djz,3,3,G01,R11,10 opinions agree upon the species present,Buffalo
http://www.snapshotserengeti.org/subjects/standard/50c217bc8a607540b906177e_0.jpg,ASG0008k1q,1,3,M03,R11,Most common opinion from 25 opinions,Buffalo
