"url","Subject ID","Frame","Season","Site","Roll","Decision Type","Crowd Determination","Total Species Present","Total Animals Present"
"http://www.snapshotserengeti.org/subjects/standard/50c217a48a607540b9060284_0.jpg","ASG0008fwk","1","3","K05","R11","10 opinions agree upon the species present","Buffalo","1","2"
"http://www.snapshotserengeti.org/subjects/standard/5331dfdd1bccd304b607c0f9_0.JPG","ASG0017cgr","1","7","F01","R3","10 opinions agree upon the species present","Buffalo","1","7"
"http://www.snapshotserengeti.org/subjects/standard/51e8a92de0053a09c300db39_0.jpg","ASG000y6bi","1","6","C01","R1","10 opinions agree upon the species present","Buffalo","1","1"
"http://www.snapshotserengeti.org/subjects/standard/51a3af61e18f49172b1bc91a_1.jpg","ASG000t7vr","2","5","R06","R3","10 opinions agree upon the species present","Buffalo","1","7"
"http://www.snapshotserengeti.org/subjects/standard/5331d0ff1bccd304b601a367_2.JPG","ASG00165xn","3","7","L10","R1","10 opinions agree upon the species present","Buffalo","1","1"
"http://www.snapshotserengeti.org/subjects/standard/51a35c3be18f49172b11eadd_0.jpg","ASG000qzq6","1","5","L02","R3","10 opinions agree upon the species present","Buffalo","1","2"
"http://www.snapshotserengeti.org/subjects/standard/50c2170c8a607540b9058830_2.jpg","ASG0007rqo","3","2","M07","R2","10 opinions agree upon the species present","Buffalo","1","1"
"http://www.snapshotserengeti.org/subjects/standard/50dc8c18a2fc8e3789050a04_1.jpg","ASG000c8y1","2","4","J10","R1","10 opinions agree upon the species present","Buffalo","1","1"
"http://www.snapshotserengeti.org/subjects/standard/51a3392fe18f49172b0dbbfb_0.jpg","ASG000q08f","1","5","I01","R1","10 opinions agree upon the species present","Buffalo","1","1"
"http://www.snapshotserengeti.org/subjects/standard/50c216238a607540b904e81b_0.jpg","ASG0006w4b","1","2","M04","R2","10 opinions agree upon the species present","Buffalo","1","3"
"http://www.snapshotserengeti.org/subjects/standard/50dcac2da2fc8e37890c0297_0.jpg","ASG000dvns","1","4","H02","R2","10 opinions agree upon the species present","Buffalo","1","1"
"http://www.snapshotserengeti.org/subjects/standard/51e8be94e0053a09c303527d_2.jpg","ASG000yq0u","3","6","E01","R1","10 opinions agree upon the species present","Buffalo","1","3"
"http://www.snapshotserengeti.org/subjects/standard/50c2135a8a607540b902ca86_1.jpg","ASG0003x52","2","2","H07","R1","10 opinions agree upon the species present","Buffalo","1","1"
"http://www.snapshotserengeti.org/subjects/standard/50dcd320a2fc8e37890f0d9d_2.jpg","ASG000ekh2","3","4","G04","R1","Most common opinion from 25 opinions","Buffalo","1","5"
"http://www.snapshotserengeti.org/subjects/standard/51e8b45ae0053a09c3022537_0.jpg","ASG000ygta","1","6","D03","R1","10 opinions agree upon the species present","Buffalo","1","1"
"http://www.snapshotserengeti.org/subjects/standard/50c2156c8a607540b904675e_0.jpg","ASG00066ou","1","2","J10","R1","10 opinions agree upon the species present","Buffalo","1","1"
"http://www.snapshotserengeti.org/subjects/standard/50c214688a607540b9039fdd_0.jpg","ASG00053a5","1","2","G03","R1","10 opinions agree upon the species present","Buffalo","1","1"
"http://www.snapshotserengeti.org/subjects/standard/51e90bb9e0053a09c30c3aa6_2.jpg","ASG0010sgm","3","6","O05","R2","10 opinions agree upon the species present","Buffalo","1","1"
"http://www.snapshotserengeti.org/subjects/standard/51a2ec82e18f49172b04968e_0.jpg","ASG000nu9m","1","5","D05","R1","10 opinions agree upon the species present","Buffalo","1","1"
"http://www.snapshotserengeti.org/subjects/standard/5331d9941bccd304b6051e37_1.JPG","ASG0013pag","2","7","D02","R1","10 opinions agree upon the species present","Buffalo","1","8"
"http://www.snapshotserengeti.org/subjects/standard/50c210ae8a607540b90082f7_1.jpg","ASG0000pvb","2","1","E13","R1","10 opinions agree upon the species present","Buffalo","1","2"
"http://www.snapshotserengeti.org/subjects/standard/51e8f2c1e0053a09c309573c_0.jpg","ASG00104og","1","6","L02","R1","10 opinions agree upon the species present","Buffalo","1","8"
"http://www.snapshotserengeti.org/subjects/standard/50dc8c04a2fc8e378904fd60_0.jpg","ASG000c8gx","1","4","U10","R3","10 opinions agree upon the species present","Buffalo","1","1"
"http://www.snapshotserengeti.org/subjects/standard/50dc9490a2fc8e3789076287_2.jpg","ASG000ctqw","3","4","D12","R2","10 opinions agree upon the species present","Buffalo","1","9"
"http://www.snapshotserengeti.org/subjects/standard/5331e0281bccd304b607df31_0.JPG","ASG0017fey","1","7","K08","R3","10 opinions agree upon the species present","Buffalo","1","9"
"http://zooniverse-static.s3.amazonaws.com/www.snapshotserengeti.org/subjects/standard/56a6910d41479b0042059943_0.JPG","ASG001gz9w","1","9","E02","2","","Buffalo","1","1"
"http://www.snapshotserengeti.org/subjects/standard/50c218cd8a607540b906e88c_0.jpg","ASG0009pcc","1","3","H03","R11","10 opinions agree upon the species present","Buffalo","1","2"
"http://www.snapshotserengeti.org/subjects/standard/51a2e76fe18f49172b03fbcd_1.jpg","ASG000np6g","2","5","C13","R2","10 opinions agree upon the species present","Buffalo","1","7"
"http://www.snapshotserengeti.org/subjects/standard/51e8a6ede0053a09c30098ee_2.jpg","ASG000y43y","3","6","B09","R2","10 opinions agree upon the species present","Buffalo","1","6"
"http://www.snapshotserengeti.org/subjects/standard/50dc7823a2fc8e3789020e8f_0.jpg","ASG000bl4e","1","4","F12","R1","10 opinions agree upon the species present","Buffalo","1","4"
"http://www.snapshotserengeti.org/subjects/standard/50dcb45ba2fc8e37890dbed0_1.jpg","ASG000e9zs","2","4","C02","r1","10 opinions agree upon the species present","Buffalo","1","7"
"http://www.snapshotserengeti.org/subjects/standard/51a35c02e18f49172b11e411_0.jpg","ASG000qzgw","1","5","L01","R2","10 opinions agree upon the species present","Buffalo","1","2"
"http://www.snapshotserengeti.org/subjects/standard/50c213668a607540b902d494_2.jpg","ASG0003z4k","3","2","D02","R3","10 opinions agree upon the species present","Buffalo","1","1"
"http://www.snapshotserengeti.org/subjects/standard/51a325f3e18f49172b0b73f4_1.jpg","ASG000pgsb","2","5","G12","R3","10 opinions agree upon the species present","Buffalo","1","2"
"http://www.snapshotserengeti.org/subjects/standard/50dc9e34a2fc8e37890a0783_1.jpg","ASG000dfqd","2","4","O10","R1","10 opinions agree upon the species present","Buffalo","1","1"
"http://www.snapshotserengeti.org/subjects/standard/51a2ec69e18f49172b049388_0.jpg","ASG000nu6g","1","5","D05","R1","10 opinions agree upon the species present","Buffalo","1","3"
"http://www.snapshotserengeti.org/subjects/standard/51a2d7fee18f49172b0224cc_0.jpg","ASG000myqt","1","5","C01","R3","10 opinions agree upon the species present","Buffalo","1","11"
"http://www.snapshotserengeti.org/subjects/standard/50c2143e8a607540b9038068_2.jpg","ASG0004x2g","3","2","F10","R1","10 opinions agree upon the species present","Buffalo","1","2"
"http://www.snapshotserengeti.org/subjects/standard/51e8a457e0053a09c3004c73_2.jpg","ASG000y1ny","3","6","B05","R2","10 opinions agree upon the species present","Buffalo","1","1"
"http://www.snapshotserengeti.org/subjects/standard/50dcac2ca2fc8e37890c0158_0.jpg","ASG000dvm4","1","4","H02","R2","10 opinions agree upon the species present","Buffalo","1","1"
"http://www.snapshotserengeti.org/subjects/standard/5331ce0f1bccd304b600772f_1.JPG","ASG0012q9v","2","7","B13","R3","10 opinions agree upon the species present","Buffalo","1","11"
"http://www.snapshotserengeti.org/subjects/standard/50c2136a8a607540b902d871_0.jpg","ASG0003zw1","1","2","D02","R2","10 opinions agree upon the species present","Buffalo","1","2"
"http://www.snapshotserengeti.org/subjects/standard/51a3c69de18f49172b1e8f6f_0.jpg","ASG000tu03","1","5","U10","R4","10 opinions agree upon the species present","Buffalo","1","1"
"http://www.snapshotserengeti.org/subjects/standard/50c217488a607540b905b739_1.jpg","ASG0008115","2","3","F12","R11","10 opinions agree upon the species present","Buffalo","1","11"
"http://www.snapshotserengeti.org/subjects/standard/50c217fc8a607540b9064de3_0.jpg","ASG0008usj","1","3","B07","R11","10 opinions agree upon the species present","Buffalo","1","1"
"http://zooniverse-static.s3.amazonaws.com/www.snapshotserengeti.org/subjects/standard/56a68b7641479b0042053cfd_0.JPG","ASG001hdnu","1","9","I01","3","","Buffalo","1","6"
"http://www.snapshotserengeti.org/subjects/standard/50c219f98a607540b907c61d_2.jpg","ASG000ax3x","3","3","R06","R12","10 opinions agree upon the species present","Buffalo","1","2"
"http://www.snapshotserengeti.org/subjects/standard/50dc91a1a2fc8e3789068162_2.jpg","ASG000cmxm","3","4","J09","R1","10 opinions agree upon the species present","Buffalo","1","2"
"http://zooniverse-static.s3.amazonaws.com/www.snapshotserengeti.org/subjects/standard/5582de34c4af4e0042000249_0.JPG","ASG001gkbi","1","0","G04","R2","10 opinions agree upon the species present","Buffalo","1","6"
"http://www.snapshotserengeti.org/subjects/standard/51e8e1bae0053a09c3075f10_0.jpg","ASG000znq4","1","6","I04","R1","10 opinions agree upon the species present","Buffalo","1","1"
"http://www.snapshotserengeti.org/subjects/standard/50dc7762a2fc8e378901acb7_2.jpg","ASG000bi0j","3","4","D11","R2","10 opinions agree upon the species present","Buffalo","1","5"
"http://www.snapshotserengeti.org/subjects/standard/51e8b432e0053a09c30220b3_0.jpg","ASG000ygo0","1","6","D02","R2","10 opinions agree upon the species present","Buffalo","1","11"
"http://www.snapshotserengeti.org/subjects/standard/50c2147e8a607540b903b383_0.jpg","ASG000575v","1","2","G06","R2","10 opinions agree upon the species present","Buffalo","1","1"
"http://www.snapshotserengeti.org/subjects/standard/51e8c6dfe0053a09c3044785_0.jpg","ASG000yxr6","1","6","F02","R1","10 opinions agree upon the species present","Buffalo","1","3"
"http://www.snapshotserengeti.org/subjects/standard/50c2142f8a607540b903725e_0.jpg","ASG0004uam","1","2","F06","R3","10 opinions agree upon the species present","Buffalo","1","3"
"http://www.snapshotserengeti.org/subjects/standard/51e8d547e0053a09c305ef7d_0.jpg","ASG000zcdy","1","6","H01","R1","10 opinions agree upon the species present","Buffalo","1","1"
"http://www.snapshotserengeti.org/subjects/standard/50c2150b8a607540b90421ca_0.jpg","ASG0005sy2","1","2","I06","R1","10 opinions agree upon the species present","Buffalo","1","1"
"http://www.snapshotserengeti.org/subjects/standard/50c217de8a607540b906331f_0.jpg","ASG0008pi7","1","3","P07","R11","10 opinions agree upon the species present","Buffalo","1","1"
"http://www.snapshotserengeti.org/subjects/standard/50c214498a607540b90387b6_0.jpg","ASG0004yie","1","2","F12","R1","10 opinions agree upon the species present","Buffalo","1","2"
"http://www.snapshotserengeti.org/subjects/standard/51a33983e18f49172b0dc612_1.jpg","ASG000q0lk","2","5","I01","R3","10 opinions agree upon the species present","Buffalo","1","1"
"http://www.snapshotserengeti.org/subjects/standard/50c219e18a607540b907b478_2.jpg","ASG000atmg","3","3","Q06","R12","10 opinions agree upon the species present","Buffalo","1","6"
"http://www.snapshotserengeti.org/subjects/standard/51a3579be18f49172b115da5_0.jpg","ASG000qvdd","1","5","K10","R1","10 opinions agree upon the species present","Buffalo","1","2"
"http://www.snapshotserengeti.org/subjects/standard/50dc780ba2fc8e3789020511_2.jpg","ASG000bkt7","3","4","F12","R1","10 opinions agree upon the species present","Buffalo","1","2"
"http://www.snapshotserengeti.org/subjects/standard/51a2ec8ce18f49172b0497c4_1.jpg","ASG000nuaw","2","5","D05","R1","10 opinions agree upon the species present","Buffalo","1","1"
"http://www.snapshotserengeti.org/subjects/standard/50c216428a607540b904fe5d_2.jpg","ASG00070il","3","2","T09","R2","10 opinions agree upon the species present","Buffalo","1","1"
"http://zooniverse-static.s3.amazonaws.com/www.snapshotserengeti.org/subjects/standard/54cfc87f87ee0404d5008fb3_0.JPG","ASG001ekza","1","8","C02","R2","10 opinions agree upon the species present","Buffalo","1","1"
"http://www.snapshotserengeti.org/subjects/standard/5331daf91bccd304b605b231_1.JPG","ASG0013ael","2","7","G02","R2","10 opinions agree upon the species present","Buffalo","1","8"
"http://www.snapshotserengeti.org/subjects/standard/50c2147c8a607540b903b1f6_0.jpg","ASG00056uu","1","2","G06","R1","10 opinions agree upon the species present","Buffalo","1","5"
"http://www.snapshotserengeti.org/subjects/standard/51a302d0e18f49172b074132_1.jpg","ASG000oh25","2","5","E03","R1","10 opinions agree upon the species present","Buffalo","1","1"
"http://www.snapshotserengeti.org/subjects/standard/51a331d2e18f49172b0cdee0_0.jpg","ASG000ptat","1","5","H07","R1","10 opinions agree upon the species present","Buffalo","1","1"
"http://www.snapshotserengeti.org/subjects/standard/50c2156d8a607540b9046818_0.jpg","ASG00066u0","1","2","J10","R2","10 opinions agree upon the species present","Buffalo","1","1"
"http://www.snapshotserengeti.org/subjects/standard/51a367c9e18f49172b1345e9_1.jpg","ASG000rbcf","2","5","M04","R1","10 opinions agree upon the species present","Buffalo","1","1"
"http://www.snapshotserengeti.org/subjects/standard/50dcd2c0a2fc8e37890ee0bc_0.jpg","ASG000eiun","1","4","L10","R1","10 opinions agree upon the species present","Buffalo","1","1"
"http://www.snapshotserengeti.org/subjects/standard/50c2179b8a607540b905fbe4_2.jpg","ASG0008elg","3","3","J11","R11","10 opinions agree upon the species present","Buffalo","1","1"
"http://www.snapshotserengeti.org/subjects/standard/5331dfdd1bccd304b607c117_2.JPG","ASG0017cfq","3","7","F01","R3","10 opinions agree upon the species present","Buffalo","1","3"
"http://www.snapshotserengeti.org/subjects/standard/51a3c496e18f49172b1e5182_2.jpg","ASG000ts3w","3","5","U10","R1","10 opinions agree upon the species present","Buffalo","1","1"
"http://www.snapshotserengeti.org/subjects/standard/50c2179f8a607540b905fe6a_2.jpg","ASG0008f3e","3","3","J12","R11","10 opinions agree upon the species present","Buffalo","1","1"
"http://zooniverse-static.s3.amazonaws.com/www.snapshotserengeti.org/subjects/standard/5582dec6c4af4e00420043c3_0.JPG","ASG001getr","1","0","J02","R11","10 opinions agree upon the species present","Buffalo","1","2"
"http://www.snapshotserengeti.org/subjects/standard/50c2122b8a607540b901c067_1.jpg","ASG0002gkn","2","1","E02","R5","10 opinions agree upon the species present","Buffalo","1","1"
"http://www.snapshotserengeti.org/subjects/standard/50dc843aa2fc8e3789035733_0.jpg","ASG000bvav","1","4","I04","R1","10 opinions agree upon the species present","Buffalo","1","1"
"http://www.snapshotserengeti.org/subjects/standard/50c214048a607540b90351dd_1.jpg","ASG0004nvh","2","2","E13","R1","10 opinions agree upon the species present","Buffalo","1","6"
"http://www.snapshotserengeti.org/subjects/standard/51a2d80be18f49172b02266a_1.jpg","ASG000mysl","2","5","C01","R3","10 opinions agree upon the species present","Buffalo","1","2"
"http://www.snapshotserengeti.org/subjects/standard/51e8a941e0053a09c300dd91_2.jpg","ASG000y6e2","3","6","C01","R1","10 opinions agree upon the species present","Buffalo","1","1"
"http://www.snapshotserengeti.org/subjects/standard/50c214c08a607540b903eb20_0.jpg","ASG0005i5c","1","2","H02","R1","10 opinions agree upon the species present","Buffalo","1","1"
"http://www.snapshotserengeti.org/subjects/standard/50dc84baa2fc8e37890392e4_0.jpg","ASG000bx8l","1","4","F01","R2","10 opinions agree upon the species present","Buffalo","1","4"
"http://www.snapshotserengeti.org/subjects/standard/50dcd332a2fc8e37890f168d_1.jpg","ASG000ekqz","2","4","G04","R1","10 opinions agree upon the species present","Buffalo","1","7"
"http://www.snapshotserengeti.org/subjects/standard/5331dea91bccd304b6073df3_0.JPG","ASG00128r7","1","7","H01","R3","10 opinions agree upon the species present","Buffalo","1","1"
"http://www.snapshotserengeti.org/subjects/standard/51a31f44e18f49172b0aa856_0.jpg","ASG000pa4r","1","5","G04","R2","10 opinions agree upon the species present","Buffalo","1","3"
"http://www.snapshotserengeti.org/subjects/standard/50dc797aa2fc8e3789029119_0.jpg","ASG000bpdd","1","4","L01","R1","10 opinions agree upon the species present","Buffalo","1","3"
"http://www.snapshotserengeti.org/subjects/standard/50dc8c00a2fc8e378904f8a7_0.jpg","ASG000c8a8","1","4","U10","R2","10 opinions agree upon the species present","Buffalo","1","1"
"http://www.snapshotserengeti.org/subjects/standard/50dc8d6ea2fc8e3789055d2c_2.jpg","ASG000cbtl","3","4","F05","R1","10 opinions agree upon the species present","Buffalo","1","2"
"http://www.snapshotserengeti.org/subjects/standard/51e8dbb7e0053a09c306adbd_2.jpg","ASG000zi63","3","6","H06","R1","10 opinions agree upon the species present","Buffalo","1","1"
"http://www.snapshotserengeti.org/subjects/standard/50c2134b8a607540b902bcf6_1.jpg","ASG0003ugm","2","2","C11","R2","10 opinions agree upon the species present","Buffalo","1","5"
"http://www.snapshotserengeti.org/subjects/standard/5331d1b11bccd304b601e677_0.JPG","ASG0015z9w","1","7","M04","R2","10 opinions agree upon the species present","Buffalo","1","2"
"http://www.snapshotserengeti.org/subjects/standard/51a2cf92e18f49172b012486_1.jpg","ASG000n8qb","2","5","B10","R1","10 opinions agree upon the species present","Buffalo","1","11"
"http://zooniverse-static.s3.amazonaws.com/www.snapshotserengeti.org/subjects/standard/54cfda0687ee0404d5092ccd_0.JPG","ASG0018wp5","1","8","O11","R2","10 opinions agree upon the species present","Buffalo","1","1"
"http://www.snapshotserengeti.org/subjects/standard/5331d9931bccd304b6051dbb_2.JPG","ASG0013pb4","3","7","D02","R1","10 opinions agree upon the species present","Buffalo","1","10"
"http://www.snapshotserengeti.org/subjects/standard/51a317d1e18f49172b09c3cf_0.jpg","ASG000p1wz","1","5","F04","R2","10 opinions agree upon the species present","Buffalo","1","2"
"http://www.snapshotserengeti.org/subjects/standard/50dc8c0ea2fc8e378905042e_1.jpg","ASG000c8qc","2","4","J10","R1","10 opinions agree upon the species present","Buffalo","1","2"
"http://www.snapshotserengeti.org/subjects/standard/50c214608a607540b9039b41_2.jpg","ASG00052dd","3","2","G02","R3","10 opinions agree upon the species present","Buffalo","1","2"
