"url","Subject ID","Frame","Season","Site","Roll","Decision Type","Crowd Determination","Total Species Present","Total Animals Present"
"http://www.snapshotserengeti.org/subjects/standard/50c213ae8a607540b9030a3c_0.jpg","ASG00049q4","1","2","D12","R3","10 opinions agree upon the species present","Elephants","1","1"
"http://www.snapshotserengeti.org/subjects/standard/50c214df8a607540b90402f3_2.jpg","ASG0005mur","3","2","H08","R3","10 opinions agree upon the species present","Elephants","1","3"
"http://www.snapshotserengeti.org/subjects/standard/51e8a6ffe0053a09c3009b01_0.jpg","ASG000y46t","1","6","B09","R2","10 opinions agree upon the species present","Elephants","1","1"
"http://www.snapshotserengeti.org/subjects/standard/51a2d9d2e18f49172b025bff_0.jpg","ASG000mrru","1","5","C04","R1","10 opinions agree upon the species present","Elephants","1","2"
"http://www.snapshotserengeti.org/subjects/standard/50dc9e33a2fc8e37890a0563_2.jpg","ASG000dfnf","3","4","O10","R1","10 opinions agree upon the species present","Elephants","1","1"
"http://www.snapshotserengeti.org/subjects/standard/50c218608a607540b90697d4_1.jpg","ASG00099ec","2","3","F08","R12","10 opinions agree upon the species present","Elephants","1","1"
"http://www.snapshotserengeti.org/subjects/standard/50c212998a607540b9022a14_2.jpg","ASG00031g4","3","1","F02","R2","10 opinions agree upon the species present","Elephants","1","2"
"http://www.snapshotserengeti.org/subjects/standard/50c213108a607540b9028c48_2.jpg","ASG0003kug","3","2","C03","R3","10 opinions agree upon the species present","Elephants","1","2"
"http://www.snapshotserengeti.org/subjects/standard/50c2156a8a607540b90465b0_0.jpg","ASG00066cw","1","2","J08","R2","10 opinions agree upon the species present","Elephants","1","1"
"http://www.snapshotserengeti.org/subjects/standard/5331d7f31bccd304b6046e0d_0.JPG","ASG00146r4","1","7","O11","R1","10 opinions agree upon the species present","Elephants","1","2"
"http://www.snapshotserengeti.org/subjects/standard/51a351b2e18f49172b10a970_0.jpg","ASG000qp8z","1","5","J09","R2","10 opinions agree upon the species present","Elephants","1","1"
"http://www.snapshotserengeti.org/subjects/standard/50c218b08a607540b906d1fb_0.jpg","ASG0009kvv","1","3","G07","R12","10 opinions agree upon the species present","Elephants","1","1"
"http://www.snapshotserengeti.org/subjects/standard/50c2101b8a607540b9000413_2.jpg","ASG00000sz","3","1","D04","R4","10 opinions agree upon the species present","Elephants","1","1"
"http://www.snapshotserengeti.org/subjects/standard/5331da461bccd304b6056743_1.JPG","ASG0013i2j","2","7","D07","R1","10 opinions agree upon the species present","Elephants","1","2"
"http://www.snapshotserengeti.org/subjects/standard/5331d6491bccd304b603bd8d_0.JPG","ASG0014o1q","1","7","H06","R2","10 opinions agree upon the species present","Elephants","1","3"
"http://www.snapshotserengeti.org/subjects/standard/50c219a88a607540b907882a_2.jpg","ASG000akve","3","3","L11","R12","10 opinions agree upon the species present","Elephants","1","1"
"http://www.snapshotserengeti.org/subjects/standard/51a324d6e18f49172b0b51c7_2.jpg","ASG000pfgr","3","5","G12","R1","10 opinions agree upon the species present","Elephants","1","3"
"http://www.snapshotserengeti.org/subjects/standard/5331da821bccd304b605807b_0.JPG","ASG0013fm1","1","7","F07","R2","10 opinions agree upon the species present","Elephants","1","1"
"http://www.snapshotserengeti.org/subjects/standard/51e91bcfe0053a09c30decaf_0.jpg","ASG0011641","1","6","Q08","R1","10 opinions agree upon the species present","Elephants","1","2"
"http://zooniverse-static.s3.amazonaws.com/www.snapshotserengeti.org/subjects/standard/5582df0fc4af4e0042006333_0.JPG","ASG001g9td","1","0","L11","R1","10 opinions agree upon the species present","Elephants","1","3"
"http://www.snapshotserengeti.org/subjects/standard/50c219ac8a607540b9078af6_2.jpg","ASG000alfa","3","3","M06","R12","10 opinions agree upon the species present","Elephants","1","1"
"http://www.snapshotserengeti.org/subjects/standard/50dcd701a2fc8e3789106f8e_0.jpg","ASG000evst","1","4","K08","R2","10 opinions agree upon the species present","Elephants","1","1"
"http://zooniverse-static.s3.amazonaws.com/www.snapshotserengeti.org/subjects/standard/54cfce4e87ee0404d50361d7_0.JPG","ASG001g30e","1","8","F07","R3","10 opinions agree upon the species present","Elephants","1","2"
"http://www.snapshotserengeti.org/subjects/standard/50c219d98a607540b907adf3_2.jpg","ASG000asc3","3","3","P07","R12","10 opinions agree upon the species present","Elephants","1","1"
"http://zooniverse-static.s3.amazonaws.com/www.snapshotserengeti.org/subjects/standard/56a6a96241479b004207394f_0.JPG","ASG001kztj","1","9","B13","2","","Elephants","1","9"
"http://www.snapshotserengeti.org/subjects/standard/50c213ae8a607540b9030a6b_0.jpg","ASG00049rf","1","2","D12","R3","10 opinions agree upon the species present","Elephants","1","1"
"http://zooniverse-static.s3.amazonaws.com/www.snapshotserengeti.org/subjects/standard/54cfd06287ee0404d504693b_0.JPG","ASG001bpa0","1","8","H02","R3","10 opinions agree upon the species present","Elephants","1","1"
"http://zooniverse-static.s3.amazonaws.com/www.snapshotserengeti.org/subjects/standard/54cfd25087ee0404d5056055_0.JPG","ASG001b35d","1","8","I06","R2","10 opinions agree upon the species present","Elephants","1","5"
"http://www.snapshotserengeti.org/subjects/standard/51e8cc6ee0053a09c304eb82_1.jpg","ASG000z3pt","2","6","F06","R1","10 opinions agree upon the species present","Elephants","1","1"
"http://www.snapshotserengeti.org/subjects/standard/51a31fd0e18f49172b0ab90f_1.jpg","ASG000paon","2","5","G05","R1","10 opinions agree upon the species present","Elephants","1","1"
"http://www.snapshotserengeti.org/subjects/standard/5331d4771bccd304b602fd9b_2.JPG","ASG0015732","3","7","R05","R1","10 opinions agree upon the species present","Elephants","1","2"
"http://www.snapshotserengeti.org/subjects/standard/50c214318a607540b90373f5_1.jpg","ASG0004ulx","2","2","F07","R1","10 opinions agree upon the species present","Elephants","1","2"
"http://www.snapshotserengeti.org/subjects/standard/51e8f2cbe0053a09c3095838_0.jpg","ASG00104pi","1","6","L02","R1","10 opinions agree upon the species present","Elephants","1","3"
"http://www.snapshotserengeti.org/subjects/standard/50c218c58a607540b906e108_1.jpg","ASG0009nuw","2","3","H02","R11","10 opinions agree upon the species present","Elephants","1","1"
"http://www.snapshotserengeti.org/subjects/standard/51a325b2e18f49172b0b6c11_1.jpg","ASG000pgh2","2","5","G12","R3","10 opinions agree upon the species present","Elephants","1","1"
"http://zooniverse-static.s3.amazonaws.com/www.snapshotserengeti.org/subjects/standard/54cfc8de87ee0404d500beed_0.JPG","ASG001cbkh","1","8","C06","R3","10 opinions agree upon the species present","Elephants","1","1"
"http://www.snapshotserengeti.org/subjects/standard/50c218c58a607540b906e0bc_2.jpg","ASG0009nss","3","3","H02","R11","10 opinions agree upon the species present","Elephants","1","1"
"http://www.snapshotserengeti.org/subjects/standard/50c213dd8a607540b903316a_1.jpg","ASG0004hgq","2","2","E06","R4","10 opinions agree upon the species present","Elephants","1","4"
"http://www.snapshotserengeti.org/subjects/standard/50c217f88a607540b90649d5_1.jpg","ASG0008tzp","2","3","B06","R11","10 opinions agree upon the species present","Elephants","1","6"
"http://zooniverse-static.s3.amazonaws.com/www.snapshotserengeti.org/subjects/standard/54cfc82b87ee0404d5006699_0.JPG","ASG001e0gu","1","8","B13","R3","10 opinions agree upon the species present","Elephants","1","1"
"http://www.snapshotserengeti.org/subjects/standard/5331d7f31bccd304b6046e3b_2.JPG","ASG00146os","3","7","O11","R1","10 opinions agree upon the species present","Elephants","1","1"
"http://www.snapshotserengeti.org/subjects/standard/5331d98d1bccd304b6051b5d_2.JPG","ASG0013pm3","3","7","C13","R3","10 opinions agree upon the species present","Elephants","1","2"
"http://www.snapshotserengeti.org/subjects/standard/5331dcdd1bccd304b6067d57_1.JPG","ASG0012rj9","2","7","O06","R1","10 opinions agree upon the species present","Elephants","1","1"
"http://www.snapshotserengeti.org/subjects/standard/50dcd6f0a2fc8e3789106267_2.jpg","ASG000evcg","3","4","B12","R1","10 opinions agree upon the species present","Elephants","1","1"
"http://www.snapshotserengeti.org/subjects/standard/50c213cb8a607540b90322dd_2.jpg","ASG0004el9","3","2","E05","R4","10 opinions agree upon the species present","Elephants","1","2"
"http://www.snapshotserengeti.org/subjects/standard/51a35407e18f49172b10f04c_0.jpg","ASG000qrpl","1","5","K03","R2","10 opinions agree upon the species present","Elephants","1","9"
"http://www.snapshotserengeti.org/subjects/standard/51e8ea9fe0053a09c30865df_0.jpg","ASG000zwb8","1","6","J09","R1","10 opinions agree upon the species present","Elephants","1","2"
"http://www.snapshotserengeti.org/subjects/standard/51e8b723e0053a09c30277e9_0.jpg","ASG000yjgp","1","6","D06","R2","10 opinions agree upon the species present","Elephants","1","1"
"http://www.snapshotserengeti.org/subjects/standard/51a2ea38e18f49172b0450ee_2.jpg","ASG000nrub","3","5","D02","R3","10 opinions agree upon the species present","Elephants","1","1"
"http://www.snapshotserengeti.org/subjects/standard/5331d85a1bccd304b604997f_0.JPG","ASG00142fe","1","7","P03","R2","10 opinions agree upon the species present","Elephants","1","4"
"http://www.snapshotserengeti.org/subjects/standard/50c215168a607540b9042ae5_2.jpg","ASG0005uqt","3","2","I09","R2","10 opinions agree upon the species present","Elephants","1","3"
"http://zooniverse-static.s3.amazonaws.com/www.snapshotserengeti.org/subjects/standard/5582df15c4af4e00420065a3_0.JPG","ASG001ga2i","1","0","L11","R1","10 opinions agree upon the species present","Elephants","1","1"
"http://www.snapshotserengeti.org/subjects/standard/50c2114e8a607540b90107c4_0.jpg","ASG0001g3o","1","1","K07","R1","10 opinions agree upon the species present","Elephants","1","1"
"http://www.snapshotserengeti.org/subjects/standard/5331d4f31bccd304b60331a5_0.JPG","ASG001520o","1","7","R09","R1","10 opinions agree upon the species present","Elephants","1","1"
"http://zooniverse-static.s3.amazonaws.com/www.snapshotserengeti.org/subjects/standard/5582dee5c4af4e0042005127_0.JPG","ASG001g81g","1","0","G12","R2","10 opinions agree upon the species present","Elephants","1","1"
"http://www.snapshotserengeti.org/subjects/standard/51e8b0a5e0053a09c301b7d4_2.jpg","ASG000ydgw","3","6","C12","R1","10 opinions agree upon the species present","Elephants","1","1"
"http://zooniverse-static.s3.amazonaws.com/www.snapshotserengeti.org/subjects/standard/54cfd38d87ee0404d505fdb7_0.JPG","ASG001alq3","1","8","J09","R2","10 opinions agree upon the species present","Elephants","1","1"
"http://www.snapshotserengeti.org/subjects/standard/51e8aad5e0053a09c3010c48_2.jpg","ASG000y7wu","3","6","C04","R1","10 opinions agree upon the species present","Elephants","1","1"
"http://www.snapshotserengeti.org/subjects/standard/51e8eac6e0053a09c3086a79_0.jpg","ASG000zwg6","1","6","J09","R2","10 opinions agree upon the species present","Elephants","1","3"
"http://www.snapshotserengeti.org/subjects/standard/50c213c08a607540b90319b2_0.jpg","ASG0004cs2","1","2","E02","R2","10 opinions agree upon the species present","Elephants","1","4"
"http://www.snapshotserengeti.org/subjects/standard/51e91644e0053a09c30d65da_0.jpg","ASG001120a","1","6","P10","R2","10 opinions agree upon the species present","Elephants","1","1"
"http://www.snapshotserengeti.org/subjects/standard/50c211168a607540b900d81d_0.jpg","ASG00016ot","1","1","H13","R1","10 opinions agree upon the species present","Elephants","1","1"
"http://www.snapshotserengeti.org/subjects/standard/50c210d38a607540b900a07b_1.jpg","ASG0000vp7","2","1","G01","R2","10 opinions agree upon the species present","Elephants","1","1"
"http://www.snapshotserengeti.org/subjects/standard/51a344fde18f49172b0f24f4_0.jpg","ASG000qc7r","1","5","I12","R2","10 opinions agree upon the species present","Elephants","1","1"
"http://www.snapshotserengeti.org/subjects/standard/5331e2111bccd304b6089b45_0.JPG","ASG0017xyd","1","7","I12","R3","10 opinions agree upon the species present","Elephants","1","1"
"http://www.snapshotserengeti.org/subjects/standard/51a35803e18f49172b116a2d_0.jpg","ASG000qvqx","1","5","K10","R2","10 opinions agree upon the species present","Elephants","1","2"
"http://www.snapshotserengeti.org/subjects/standard/5331e2ad1bccd304b608dd4f_0.JPG","ASG00184hx","1","7","P13","R1","10 opinions agree upon the species present","Elephants","1","1"
"http://www.snapshotserengeti.org/subjects/standard/51e8e536e0053a09c307c60f_2.jpg","ASG000zqy4","3","6","I12","R2","10 opinions agree upon the species present","Elephants","1","1"
"http://www.snapshotserengeti.org/subjects/standard/5331de0b1bccd304b606fc13_0.JPG","ASG0012eyk","1","7","U09","R3","10 opinions agree upon the species present","Elephants","1","1"
"http://www.snapshotserengeti.org/subjects/standard/51a2d395e18f49172b019ec5_0.jpg","ASG000mu65","1","5","B12","R3","10 opinions agree upon the species present","Elephants","1","1"
"http://www.snapshotserengeti.org/subjects/standard/5331e2b31bccd304b608ded9_2.JPG","ASG00184p0","3","7","P13","R1","10 opinions agree upon the species present","Elephants","1","1"
"http://www.snapshotserengeti.org/subjects/standard/51a3064de18f49172b07abdc_0.jpg","ASG000okyf","1","5","E05","R4","10 opinions agree upon the species present","Elephants","1","1"
"http://zooniverse-static.s3.amazonaws.com/www.snapshotserengeti.org/subjects/standard/54cfd39c87ee0404d50604f9_0.JPG","ASG00199p8","1","8","J09","R3","10 opinions agree upon the species present","Elephants","1","1"
"http://www.snapshotserengeti.org/subjects/standard/50c218a88a607540b906cc24_0.jpg","ASG0009jqc","1","3","G02","R11","10 opinions agree upon the species present","Elephants","1","1"
"http://www.snapshotserengeti.org/subjects/standard/50dcb309a2fc8e37890d0eed_1.jpg","ASG000e4a8","2","4","P04","R2","10 opinions agree upon the species present","Elephants","1","1"
"http://www.snapshotserengeti.org/subjects/standard/50dc9f17a2fc8e37890a3d66_0.jpg","ASG000dhcc","1","4","P10","R1","10 opinions agree upon the species present","Elephants","1","1"
"http://www.snapshotserengeti.org/subjects/standard/5331d9991bccd304b6052061_0.JPG","ASG0013p5w","1","7","D02","R2","10 opinions agree upon the species present","Elephants","1","1"
"http://www.snapshotserengeti.org/subjects/standard/51e8e802e0053a09c30818b3_0.jpg","ASG000ztwl","1","6","J05","R2","10 opinions agree upon the species present","Elephants","1","1"
"http://www.snapshotserengeti.org/subjects/standard/51a2c649e18f49172b000b56_2.jpg","ASG000mzih","3","5","B04","R1","10 opinions agree upon the species present","Elephants","1","2"
"http://www.snapshotserengeti.org/subjects/standard/51e8a1ebe0053a09c30004bf_0.jpg","ASG000xzcj","1","6","B03","R2","10 opinions agree upon the species present","Elephants","1","1"
"http://www.snapshotserengeti.org/subjects/standard/50c211158a607540b900d807_0.jpg","ASG00016o7","1","1","H13","R1","10 opinions agree upon the species present","Elephants","1","2"
"http://www.snapshotserengeti.org/subjects/standard/51a304d3e18f49172b077e47_0.jpg","ASG000oj6k","1","5","E05","R1","10 opinions agree upon the species present","Elephants","1","2"
"http://www.snapshotserengeti.org/subjects/standard/5331e2ba1bccd304b608e1a7_1.JPG","ASG00184xl","2","7","P13","R1","10 opinions agree upon the species present","Elephants","1","5"
"http://zooniverse-static.s3.amazonaws.com/www.snapshotserengeti.org/subjects/standard/54cfc8dd87ee0404d500be4b_0.JPG","ASG001902x","1","8","C06","R2","10 opinions agree upon the species present","Elephants","1","1"
"http://www.snapshotserengeti.org/subjects/standard/5331e1dc1bccd304b608854f_1.JPG","ASG0017vsu","2","7","I06","R1","10 opinions agree upon the species present","Elephants","1","2"
"http://www.snapshotserengeti.org/subjects/standard/50c212928a607540b9022235_0.jpg","ASG0002zw5","1","1","E02","R3","10 opinions agree upon the species present","Elephants","1","4"
"http://www.snapshotserengeti.org/subjects/standard/5331e2eb1bccd304b608f669_1.JPG","ASG00186xd","2","7","P13","R3","10 opinions agree upon the species present","Elephants","1","1"
"http://www.snapshotserengeti.org/subjects/standard/5331e2eb1bccd304b608f661_0.JPG","ASG00186xu","1","7","P13","R3","10 opinions agree upon the species present","Elephants","1","1"
"http://www.snapshotserengeti.org/subjects/standard/51e8e548e0053a09c307c820_0.jpg","ASG000zr0z","1","6","I12","R2","10 opinions agree upon the species present","Elephants","1","1"
"http://zooniverse-static.s3.amazonaws.com/www.snapshotserengeti.org/subjects/standard/54cfcf1387ee0404d503c34f_0.JPG","ASG001c45d","1","8","G02","R1","10 opinions agree upon the species present","Elephants","1","2"
"http://www.snapshotserengeti.org/subjects/standard/50dcd556a2fc8e37890fc1e0_1.jpg","ASG000eq7r","2","4","M04","R2","10 opinions agree upon the species present","Elephants","1","1"
"http://www.snapshotserengeti.org/subjects/standard/50c214ac8a607540b903d9ed_0.jpg","ASG0005er1","1","2","G12","R3","10 opinions agree upon the species present","Elephants","1","1"
"http://www.snapshotserengeti.org/subjects/standard/51a31c84e18f49172b0a5417_1.jpg","ASG000p70x","2","5","G01","R2","10 opinions agree upon the species present","Elephants","1","1"
"http://www.snapshotserengeti.org/subjects/standard/50c213ad8a607540b903095b_1.jpg","ASG00049jv","2","2","D12","R3","10 opinions agree upon the species present","Elephants","1","1"
"http://www.snapshotserengeti.org/subjects/standard/51e92af7e0053a09c30fad03_0.jpg","ASG0011k9g","1","6","T08","R2","10 opinions agree upon the species present","Elephants","1","5"
"http://www.snapshotserengeti.org/subjects/standard/50c2158d8a607540b9047cd3_0.jpg","ASG0006axf","1","2","O09","R1","10 opinions agree upon the species present","Elephants","1","2"
"http://www.snapshotserengeti.org/subjects/standard/50dcd395a2fc8e37890f391b_2.jpg","ASG000els8","3","4","F03","R1","10 opinions agree upon the species present","Elephants","1","1"
"http://www.snapshotserengeti.org/subjects/standard/51e8e53fe0053a09c307c722_2.jpg","ASG000zqz9","3","6","I12","R2","10 opinions agree upon the species present","Elephants","1","1"
"http://www.snapshotserengeti.org/subjects/standard/50dcb0b7a2fc8e37890c7cac_1.jpg","ASG000dzkh","2","4","L07","R1","10 opinions agree upon the species present","Elephants","1","1"
"http://www.snapshotserengeti.org/subjects/standard/51a32439e18f49172b0b3f20_0.jpg","ASG000peva","1","5","G07","R2","10 opinions agree upon the species present","Elephants","1","5"
