url,Subject ID,Frame,Season,Site,Roll,Decision Type,Crowd Determination
http://www.snapshotserengeti.org/subjects/standard/50c2156a8a607540b904659a_0.jpg,ASG00066ca,1,2,J08,R2,10 opinions agree upon the species present,Elephants
http://www.snapshotserengeti.org/subjects/standard/51a35244e18f49172b10ba90_2.jpg,ASG000qpsv,3,5,J12,R3,10 opinions agree upon the species present,Elephants
http://www.snapshotserengeti.org/subjects/standard/51a35243e18f49172b10ba66_1.jpg,ASG000qpsp,2,5,J12,R3,10 opinions agree upon the species present,Elephants
http://www.snapshotserengeti.org/subjects/standard/5331e00a1bccd304b607d37d_2.JPG,ASG0017eal,3,7,K08,R1,10 opinions agree upon the species present,Elephants
http://www.snapshotserengeti.org/subjects/standard/50c2122b8a607540b901c01f_0.jpg,ASG0002gin,1,1,E02,R5,10 opinions agree upon the species present,Elephants
http://zooniverse-static.s3.amazonaws.com/www.snapshotserengeti.org/subjects/standard/54cfc82b87ee0404d5006699_0.JPG,ASG001e0gu,1,8,B13,R3,10 opinions agree upon the species present,Elephants
http://www.snapshotserengeti.org/subjects/standard/5331da791bccd304b6057c43_2.JPG,ASG0013g2l,3,7,F06,R2,10 opinions agree upon the species present,Elephants
http://www.snapshotserengeti.org/subjects/standard/51e8a1ebe0053a09c30004d1_0.jpg,ASG000xzcp,1,6,B03,R2,10 opinions agree upon the species present,Elephants
http://www.snapshotserengeti.org/subjects/standard/51a3081de18f49172b07e32a_1.jpg,ASG000oms0,2,5,E09,R1,Most common opinion from 25 opinions,Elephants
http://www.snapshotserengeti.org/subjects/standard/50dc77faa2fc8e378901fbd8_0.jpg,ASG000bkfs,1,4,Q08,R1,10 opinions agree upon the species present,Elephants
