"url","Subject ID","Frame","Season","Site","Roll","Decision Type","Crowd Determination","Total Species Present","Total Animals Present"
"http://www.snapshotserengeti.org/subjects/standard/50c214df8a607540b90402f3_0.jpg","ASG0005mur","1","2","H08","R3","10 opinions agree upon the species present","Elephants","1","3"
"http://www.snapshotserengeti.org/subjects/standard/50c213158a607540b902911b_0.jpg","ASG0003lsr","1","2","C03","R3","10 opinions agree upon the species present","Elephants","1","3"
"http://www.snapshotserengeti.org/subjects/standard/50dc779da2fc8e378901c510_1.jpg","ASG000bipe","2","4","L06","R1","10 opinions agree upon the species present","Elephants","1","1"
"http://www.snapshotserengeti.org/subjects/standard/50c214778a607540b903acfa_0.jpg","ASG00055ve","1","2","G05","R1","10 opinions agree upon the species present","Elephants","1","2"
"http://www.snapshotserengeti.org/subjects/standard/51e8a899e0053a09c300ca2a_0.jpg","ASG000y5qj","1","6","B13","R2","10 opinions agree upon the species present","Elephants","1","1"
"http://www.snapshotserengeti.org/subjects/standard/51a30d25e18f49172b087d7c_0.jpg","ASG000orhu","1","5","E11","R1","10 opinions agree upon the species present","Elephants","1","1"
"http://www.snapshotserengeti.org/subjects/standard/5331d7f11bccd304b6046d7b_2.JPG","ASG00146rr","3","7","O11","R1","10 opinions agree upon the species present","Elephants","1","2"
"http://www.snapshotserengeti.org/subjects/standard/51e8a1e8e0053a09c3000462_1.jpg","ASG000xzby","2","6","B03","R2","10 opinions agree upon the species present","Elephants","1","1"
"http://www.snapshotserengeti.org/subjects/standard/5331d5661bccd304b60360d9_0.JPG","ASG0014xbd","1","7","S08","R2","10 opinions agree upon the species present","Elephants","1","1"
"http://www.snapshotserengeti.org/subjects/standard/51a2dd75e18f49172b02cb09_1.jpg","ASG000nf0m","2","5","C06","R1","10 opinions agree upon the species present","Elephants","1","1"
"http://www.snapshotserengeti.org/subjects/standard/50c2156a8a607540b904662d_0.jpg","ASG00066gd","1","2","J08","R2","10 opinions agree upon the species present","Elephants","1","1"
"http://www.snapshotserengeti.org/subjects/standard/50c219498a607540b9074243_0.jpg","ASG000a72b","1","3","J08","R12","10 opinions agree upon the species present","Elephants","1","2"
"http://www.snapshotserengeti.org/subjects/standard/51e90d8ce0053a09c30c70c8_1.jpg","ASG0010ucs","2","6","O08","R2","10 opinions agree upon the species present","Elephants","1","1"
"http://www.snapshotserengeti.org/subjects/standard/51e92113e0053a09c30e8838_0.jpg","ASG0011atn","1","6","R06","R1","10 opinions agree upon the species present","Elephants","1","1"
"http://zooniverse-static.s3.amazonaws.com/www.snapshotserengeti.org/subjects/standard/5582df0fc4af4e004200635d_0.JPG","ASG001g9uc","1","0","L11","R1","10 opinions agree upon the species present","Elephants","1","3"
"http://www.snapshotserengeti.org/subjects/standard/50c214ad8a607540b903da77_2.jpg","ASG0005euv","3","2","G12","R3","10 opinions agree upon the species present","Elephants","1","2"
"http://www.snapshotserengeti.org/subjects/standard/51a3aecbe18f49172b1bb6dc_2.jpg","ASG000t797","3","5","R06","R1","10 opinions agree upon the species present","Elephants","1","1"
"http://www.snapshotserengeti.org/subjects/standard/50c210be8a607540b9008f06_1.jpg","ASG0000s92","2","1","F08","R3","10 opinions agree upon the species present","Elephants","1","1"
"http://zooniverse-static.s3.amazonaws.com/www.snapshotserengeti.org/subjects/standard/54cfdaf487ee0404d509a0c3_0.JPG","ASG001cljl","1","8","P13","R1","10 opinions agree upon the species present","Elephants","1","3"
"http://zooniverse-static.s3.amazonaws.com/www.snapshotserengeti.org/subjects/standard/5582df0fc4af4e004200632b_0.JPG","ASG001g9si","1","0","L11","R1","10 opinions agree upon the species present","Elephants","1","3"
"http://www.snapshotserengeti.org/subjects/standard/5331d8641bccd304b6049e0f_2.JPG","ASG00141zz","3","7","P04","R2","10 opinions agree upon the species present","Elephants","1","2"
"http://www.snapshotserengeti.org/subjects/standard/5331dd8c1bccd304b606c5c9_0.JPG","ASG0012k61","1","7","T09","R3","10 opinions agree upon the species present","Elephants","1","3"
"http://www.snapshotserengeti.org/subjects/standard/50dcdd99a2fc8e37891254db_1.jpg","ASG000fbtw","2","4","I12","R1","10 opinions agree upon the species present","Elephants","1","2"
"http://zooniverse-static.s3.amazonaws.com/www.snapshotserengeti.org/subjects/standard/5582df15c4af4e00420065ed_0.JPG","ASG001ga3p","1","0","L11","R1","10 opinions agree upon the species present","Elephants","1","4"
"http://zooniverse-static.s3.amazonaws.com/www.snapshotserengeti.org/subjects/standard/5582df15c4af4e0042006605_0.JPG","ASG001ga3b","1","0","L11","R1","10 opinions agree upon the species present","Elephants","1","3"
"http://zooniverse-static.s3.amazonaws.com/www.snapshotserengeti.org/subjects/standard/5582df15c4af4e00420065ff_0.JPG","ASG001ga35","1","0","L11","R1","10 opinions agree upon the species present","Elephants","1","2"
"http://www.snapshotserengeti.org/subjects/standard/5331d6bb1bccd304b603ecb3_1.JPG","ASG0014ji3","2","7","H08","R2","10 opinions agree upon the species present","Elephants","1","1"
"http://www.snapshotserengeti.org/subjects/standard/50dcddc7a2fc8e378912669d_2.jpg","ASG000fcgm","3","4","I12","R2","10 opinions agree upon the species present","Elephants","1","1"
"http://www.snapshotserengeti.org/subjects/standard/51e914e0e0053a09c30d3cfe_0.jpg","ASG00110nw","1","6","P04","R1","10 opinions agree upon the species present","Elephants","1","1"
"http://zooniverse-static.s3.amazonaws.com/www.snapshotserengeti.org/subjects/standard/56a6486341479b004200d979_0.JPG","ASG001ici3","1","9","E05","2","","Elephants","1","4"
"http://zooniverse-static.s3.amazonaws.com/www.snapshotserengeti.org/subjects/standard/56a6457b41479b004200ac5d_0.JPG","ASG001h40l","1","9","H13","1","","Elephants","1","2"
"http://www.snapshotserengeti.org/subjects/standard/51a35cc7e18f49172b11fb62_2.jpg","ASG000r0d4","3","5","L04","R1","10 opinions agree upon the species present","Elephants","1","1"
"http://www.snapshotserengeti.org/subjects/standard/51a35150e18f49172b109daa_1.jpg","ASG000qowa","2","5","J09","R1","10 opinions agree upon the species present","Elephants","1","5"
"http://www.snapshotserengeti.org/subjects/standard/51a32440e18f49172b0b4002_1.jpg","ASG000pewa","2","5","G07","R2","10 opinions agree upon the species present","Elephants","1","4"
"http://www.snapshotserengeti.org/subjects/standard/5331d6d31bccd304b603f733_0.JPG","ASG0014ihl","1","7","H11","R3","10 opinions agree upon the species present","Elephants","1","2"
"http://www.snapshotserengeti.org/subjects/standard/51a33543e18f49172b0d4531_1.jpg","ASG000pwhc","2","5","H08","R2","10 opinions agree upon the species present","Elephants","1","1"
"http://www.snapshotserengeti.org/subjects/standard/50dcac2ca2fc8e37890c0162_1.jpg","ASG000dvm6","2","4","H02","R2","10 opinions agree upon the species present","Elephants","1","3"
"http://www.snapshotserengeti.org/subjects/standard/51a2d003e18f49172b0131f9_2.jpg","ASG000n95e","3","5","B10","R2","10 opinions agree upon the species present","Elephants","1","3"
"http://www.snapshotserengeti.org/subjects/standard/50c2145e8a607540b9039a5a_1.jpg","ASG000526y","2","2","G02","R1","10 opinions agree upon the species present","Elephants","1","1"
"http://www.snapshotserengeti.org/subjects/standard/51a32ae8e18f49172b0c0bdb_2.jpg","ASG000pmew","3","5","H02","R3","10 opinions agree upon the species present","Elephants","1","1"
"http://www.snapshotserengeti.org/subjects/standard/51e8c266e0053a09c303c35a_0.jpg","ASG000ytra","1","6","E09","R2","10 opinions agree upon the species present","Elephants","1","1"
"http://www.snapshotserengeti.org/subjects/standard/50c214ad8a607540b903da55_0.jpg","ASG0005etx","1","2","G12","R3","10 opinions agree upon the species present","Elephants","1","2"
"http://zooniverse-static.s3.amazonaws.com/www.snapshotserengeti.org/subjects/standard/54cfc9f287ee0404d501469f_0.JPG","ASG001esuy","1","8","D06","R3","10 opinions agree upon the species present","Elephants","1","3"
"http://www.snapshotserengeti.org/subjects/standard/50c218d78a607540b906ee45_1.jpg","ASG0009qh1","2","3","H06","R12","10 opinions agree upon the species present","Elephants","1","1"
"http://www.snapshotserengeti.org/subjects/standard/50c210c08a607540b90090e4_0.jpg","ASG0000smc","1","1","F09","R3","10 opinions agree upon the species present","Elephants","1","1"
"http://www.snapshotserengeti.org/subjects/standard/50c2165d8a607540b90513f4_2.jpg","ASG00074s4","3","2","V10","R3","10 opinions agree upon the species present","Elephants","1","1"
"http://www.snapshotserengeti.org/subjects/standard/50c2162a8a607540b904ec42_2.jpg","ASG0006wxu","3","2","N06","R1","10 opinions agree upon the species present","Elephants","1","2"
"http://www.snapshotserengeti.org/subjects/standard/5331e2e51bccd304b608f4a7_1.JPG","ASG00186ru","2","7","P13","R3","10 opinions agree upon the species present","Elephants","1","1"
"http://www.snapshotserengeti.org/subjects/standard/5331d6d11bccd304b603f687_1.JPG","ASG0014ilh","2","7","H11","R2","10 opinions agree upon the species present","Elephants","1","1"
"http://www.snapshotserengeti.org/subjects/standard/5331d65e1bccd304b603c677_0.JPG","ASG0014n59","1","7","H07","R1","10 opinions agree upon the species present","Elephants","1","1"
"http://www.snapshotserengeti.org/subjects/standard/51e8a8a5e0053a09c300cba5_0.jpg","ASG000y5s9","1","6","B13","R2","10 opinions agree upon the species present","Elephants","1","3"
"http://www.snapshotserengeti.org/subjects/standard/50c213d58a607540b9032a6b_0.jpg","ASG0004g2z","1","2","E06","R2","10 opinions agree upon the species present","Elephants","1","2"
"http://www.snapshotserengeti.org/subjects/standard/5331dbed1bccd304b606198b_0.JPG","ASG00131c0","1","7","J09","R3","10 opinions agree upon the species present","Elephants","1","2"
"http://www.snapshotserengeti.org/subjects/standard/50dcb60ea2fc8e37890e5081_0.jpg","ASG000eegl","1","4","E04","R1","10 opinions agree upon the species present","Elephants","1","3"
"http://www.snapshotserengeti.org/subjects/standard/51a39a5de18f49172b194b48_0.jpg","ASG000so1r","1","5","P10","R2","10 opinions agree upon the species present","Elephants","1","1"
"http://www.snapshotserengeti.org/subjects/standard/51e8edd2e0053a09c308c4b7_1.jpg","ASG000zzc9","2","6","K03","R2","10 opinions agree upon the species present","Elephants","1","1"
"http://www.snapshotserengeti.org/subjects/standard/50c219b58a607540b90792c0_0.jpg","ASG000amyo","1","3","O06","R12","10 opinions agree upon the species present","Elephants","1","1"
"http://www.snapshotserengeti.org/subjects/standard/50c212258a607540b901bae3_1.jpg","ASG0002fhf","2","1","B06","R4","10 opinions agree upon the species present","Elephants","1","3"
"http://www.snapshotserengeti.org/subjects/standard/5331d9901bccd304b6051c9b_2.JPG","ASG0013pep","3","7","C13","R3","10 opinions agree upon the species present","Elephants","1","1"
"http://www.snapshotserengeti.org/subjects/standard/51a2e74ce18f49172b03f7b5_2.jpg","ASG000np1z","3","5","C13","R1","10 opinions agree upon the species present","Elephants","1","1"
"http://www.snapshotserengeti.org/subjects/standard/51e8f4d9e0053a09c309952b_0.jpg","ASG00106l3","1","6","L04","R1","10 opinions agree upon the species present","Elephants","1","1"
"http://www.snapshotserengeti.org/subjects/standard/50c217378a607540b905a7a8_1.jpg","ASG0007xyg","2","3","C03","R11","10 opinions agree upon the species present","Elephants","1","1"
"http://www.snapshotserengeti.org/subjects/standard/5331d6ce1bccd304b603f529_0.JPG","ASG0014ipo","1","7","H11","R1","10 opinions agree upon the species present","Elephants","1","1"
"http://www.snapshotserengeti.org/subjects/standard/51e8b346e0053a09c302059d_2.jpg","ASG000yftd","3","6","C13","R2","10 opinions agree upon the species present","Elephants","1","1"
"http://www.snapshotserengeti.org/subjects/standard/51a3442ce18f49172b0f0c3f_2.jpg","ASG000qbes","3","5","I11","R2","10 opinions agree upon the species present","Elephants","1","1"
"http://www.snapshotserengeti.org/subjects/standard/51a32c22e18f49172b0c3138_0.jpg","ASG000pnq0","1","5","H03","R2","10 opinions agree upon the species present","Elephants","1","1"
"http://www.snapshotserengeti.org/subjects/standard/50c2186f8a607540b906a0d6_2.jpg","ASG0009b6e","3","3","F12","R12","10 opinions agree upon the species present","Elephants","1","1"
"http://www.snapshotserengeti.org/subjects/standard/50c219698a607540b9075926_1.jpg","ASG000abl2","2","3","K05","R12","10 opinions agree upon the species present","Elephants","1","4"
"http://www.snapshotserengeti.org/subjects/standard/5331d4f31bccd304b6033199_0.JPG","ASG00151xj","1","7","R09","R1","10 opinions agree upon the species present","Elephants","1","1"
"http://www.snapshotserengeti.org/subjects/standard/50dc77f9a2fc8e378901fabc_2.jpg","ASG000bkea","3","4","Q08","R1","10 opinions agree upon the species present","Elephants","1","1"
"http://www.snapshotserengeti.org/subjects/standard/51a36438e18f49172b12d911_1.jpg","ASG000r7u3","2","5","L10","R2","10 opinions agree upon the species present","Elephants","1","2"
"http://www.snapshotserengeti.org/subjects/standard/51a2ecc9e18f49172b049f06_2.jpg","ASG000nuim","3","5","D05","R1","10 opinions agree upon the species present","Elephants","1","1"
"http://www.snapshotserengeti.org/subjects/standard/5331d7f21bccd304b6046deb_1.JPG","ASG00146q8","2","7","O11","R1","10 opinions agree upon the species present","Elephants","1","1"
"http://www.snapshotserengeti.org/subjects/standard/51e8aab0e0053a09c3010808_0.jpg","ASG000y7rz","1","6","C03","R2","10 opinions agree upon the species present","Elephants","1","3"
"http://www.snapshotserengeti.org/subjects/standard/51e8b478e0053a09c30228b7_0.jpg","ASG000ygyo","1","6","D03","R2","10 opinions agree upon the species present","Elephants","1","1"
"http://www.snapshotserengeti.org/subjects/standard/50c218878a607540b906b401_1.jpg","ASG0009eyp","2","3","C03","R12","10 opinions agree upon the species present","Elephants","1","1"
"http://www.snapshotserengeti.org/subjects/standard/51e90bdfe0053a09c30c3ef6_1.jpg","ASG0010smq","2","6","O06","R1","10 opinions agree upon the species present","Elephants","1","1"
"http://www.snapshotserengeti.org/subjects/standard/50c2177b8a607540b905df8f_0.jpg","ASG00088zz","1","3","I10","R11","10 opinions agree upon the species present","Elephants","1","1"
"http://www.snapshotserengeti.org/subjects/standard/51a37963e18f49172b155f31_0.jpg","ASG000rsaj","1","5","N04","R3","10 opinions agree upon the species present","Elephants","1","1"
"http://zooniverse-static.s3.amazonaws.com/www.snapshotserengeti.org/subjects/standard/5582de8fc4af4e0042002c09_0.JPG","ASG001gh85","1","0","K10","R3","10 opinions agree upon the species present","Elephants","1","1"
"http://www.snapshotserengeti.org/subjects/standard/51e8d573e0053a09c305f47c_1.jpg","ASG000zck2","2","6","H02","R1","10 opinions agree upon the species present","Elephants","1","1"
"http://zooniverse-static.s3.amazonaws.com/www.snapshotserengeti.org/subjects/standard/54cfdafa87ee0404d509a3f3_0.JPG","ASG001clcu","1","8","P13","R2","10 opinions agree upon the species present","Elephants","1","3"
"http://www.snapshotserengeti.org/subjects/standard/51e8a5cae0053a09c3007765_0.jpg","ASG000y31a","1","6","B07","R2","10 opinions agree upon the species present","Elephants","1","5"
"http://www.snapshotserengeti.org/subjects/standard/5331e1dd1bccd304b60885f1_1.JPG","ASG0017vsy","2","7","I06","R2","10 opinions agree upon the species present","Elephants","1","1"
"http://www.snapshotserengeti.org/subjects/standard/51a32c05e18f49172b0c2d93_0.jpg","ASG000pnkr","1","5","H03","R2","10 opinions agree upon the species present","Elephants","1","1"
"http://www.snapshotserengeti.org/subjects/standard/51a2dbece18f49172b029c33_0.jpg","ASG000ndiz","1","5","C04","R2","10 opinions agree upon the species present","Elephants","1","1"
"http://www.snapshotserengeti.org/subjects/standard/51a3580be18f49172b116b23_1.jpg","ASG000qvrx","2","5","K10","R2","10 opinions agree upon the species present","Elephants","1","5"
"http://www.snapshotserengeti.org/subjects/standard/51a35806e18f49172b116a81_1.jpg","ASG000qvr9","2","5","K10","R2","10 opinions agree upon the species present","Elephants","1","3"
"http://www.snapshotserengeti.org/subjects/standard/51e914eae0053a09c30d3e39_0.jpg","ASG00110pd","1","6","P04","R1","10 opinions agree upon the species present","Elephants","1","1"
"http://www.snapshotserengeti.org/subjects/standard/50c210398a607540b9002050_2.jpg","ASG00006ds","3","1","H03","R1","10 opinions agree upon the species present","Elephants","1","1"
"http://www.snapshotserengeti.org/subjects/standard/5331e2b71bccd304b608e06f_0.JPG","ASG00184ts","1","7","P13","R1","10 opinions agree upon the species present","Elephants","1","2"
"http://www.snapshotserengeti.org/subjects/standard/50dc9ee2a2fc8e37890a32cf_2.jpg","ASG000dh4z","3","4","O10","R2","10 opinions agree upon the species present","Elephants","1","4"
"http://zooniverse-static.s3.amazonaws.com/www.snapshotserengeti.org/subjects/standard/54cfc9f287ee0404d50146a5_0.JPG","ASG001eswz","1","8","D06","R3","10 opinions agree upon the species present","Elephants","1","3"
"http://www.snapshotserengeti.org/subjects/standard/50c2120c8a607540b901a72a_2.jpg","ASG0002bl6","3","1","D12","R1","10 opinions agree upon the species present","Elephants","1","1"
"http://www.snapshotserengeti.org/subjects/standard/5331dc601bccd304b60648bf_2.JPG","ASG0012won","3","7","N09","R1","10 opinions agree upon the species present","Elephants","1","1"
"http://www.snapshotserengeti.org/subjects/standard/5331de671bccd304b607221f_0.JPG","ASG0012azk","1","7","G07","R2","10 opinions agree upon the species present","Elephants","1","1"
"http://www.snapshotserengeti.org/subjects/standard/50c218078a607540b9065638_2.jpg","ASG0008wfs","3","3","C10","R11","10 opinions agree upon the species present","Elephants","1","2"
"http://www.snapshotserengeti.org/subjects/standard/51a32438e18f49172b0b3f1b_1.jpg","ASG000pev9","2","5","G07","R2","10 opinions agree upon the species present","Elephants","1","5"
"http://www.snapshotserengeti.org/subjects/standard/51e8b76ee0053a09c302808a_2.jpg","ASG000yjq1","3","6","D07","R1","10 opinions agree upon the species present","Elephants","1","3"
"http://www.snapshotserengeti.org/subjects/standard/5331e0b91bccd304b608152f_2.JPG","ASG0017kp9","3","7","L02","R1","10 opinions agree upon the species present","Elephants","1","1"
