url,Subject ID,Frame,Season,Site,Roll,Decision Type,Crowd Determination
http://www.snapshotserengeti.org/subjects/standard/5331e2b91bccd304b608e15b_1.JPG,ASG00184ur,2,7,P13,R1,10 opinions agree upon the species present,Elephants
http://www.snapshotserengeti.org/subjects/standard/50c2185d8a607540b906960e_0.jpg,ASG000991q,1,3,F07,R12,10 opinions agree upon the species present,Elephants
http://www.snapshotserengeti.org/subjects/standard/50c218c68a607540b906e19f_0.jpg,ASG0009nz3,1,3,H02,R11,10 opinions agree upon the species present,Elephants
http://www.snapshotserengeti.org/subjects/standard/50c2179a8a607540b905fa24_0.jpg,ASG0008e90,1,3,J09,R11,10 opinions agree upon the species present,Elephants
http://zooniverse-static.s3.amazonaws.com/www.snapshotserengeti.org/subjects/standard/54cfc9a087ee0404d5011c93_0.JPG,ASG001eplz,1,8,C13,R1,10 opinions agree upon the species present,Elephants
http://www.snapshotserengeti.org/subjects/standard/51a36400e18f49172b12d28b_1.jpg,ASG000r7m5,2,5,L10,R2,10 opinions agree upon the species present,Elephants
http://www.snapshotserengeti.org/subjects/standard/5331cfb21bccd304b6011eed_2.JPG,ASG0016izb,3,7,D11,R1,10 opinions agree upon the species present,Elephants
http://www.snapshotserengeti.org/subjects/standard/50dcd74ba2fc8e3789109fb7_1.jpg,ASG000exvm,2,4,J02,R1,10 opinions agree upon the species present,Elephants
http://www.snapshotserengeti.org/subjects/standard/51a2e739e18f49172b03f57d_0.jpg,ASG000noz3,1,5,C13,R1,10 opinions agree upon the species present,Elephants
http://www.snapshotserengeti.org/subjects/standard/50c2168d8a607540b9053425_2.jpg,ASG0007b51,3,2,K05,R2,10 opinions agree upon the species present,Elephants
http://www.snapshotserengeti.org/subjects/standard/51a3af41e18f49172b1bc539_0.jpg,ASG000t7rc,1,5,R06,R3,10 opinions agree upon the species present,Elephants
http://www.snapshotserengeti.org/subjects/standard/50c219d98a607540b907adc4_2.jpg,ASG000asas,3,3,P07,R12,10 opinions agree upon the species present,Elephants
http://www.snapshotserengeti.org/subjects/standard/5331dad11bccd304b605a231_1.JPG,ASG0013cb9,2,7,F12,R2,10 opinions agree upon the species present,Elephants
http://www.snapshotserengeti.org/subjects/standard/50dc9d6da2fc8e378909bda8_2.jpg,ASG000ddao,3,4,K10,R1,10 opinions agree upon the species present,Elephants
http://www.snapshotserengeti.org/subjects/standard/50c216c08a607540b905545f_0.jpg,ASG0007hi7,1,2,L04,R4,10 opinions agree upon the species present,Elephants
http://www.snapshotserengeti.org/subjects/standard/5331e2b91bccd304b608e121_1.JPG,ASG00184uh,2,7,P13,R1,10 opinions agree upon the species present,Elephants
http://www.snapshotserengeti.org/subjects/standard/5331e2ad1bccd304b608dd85_2.JPG,ASG00184jq,3,7,P13,R1,10 opinions agree upon the species present,Elephants
http://www.snapshotserengeti.org/subjects/standard/51e8f845e0053a09c309fa67_1.jpg,ASG00109uh,2,6,L10,R1,10 opinions agree upon the species present,Elephants
http://zooniverse-static.s3.amazonaws.com/www.snapshotserengeti.org/subjects/standard/54cfd2ea87ee0404d505ab5f_0.JPG,ASG00197oj,1,8,I12,R2,10 opinions agree upon the species present,Elephants
http://www.snapshotserengeti.org/subjects/standard/50dcac2aa2fc8e37890bff5f_1.jpg,ASG000dvja,2,4,H02,R2,10 opinions agree upon the species present,Elephants
http://www.snapshotserengeti.org/subjects/standard/5331e2eb1bccd304b608f64f_2.JPG,ASG00186wy,3,7,P13,R3,10 opinions agree upon the species present,Elephants
http://zooniverse-static.s3.amazonaws.com/www.snapshotserengeti.org/subjects/standard/56a689f341479b0042052385_0.JPG,ASG001hg7w,1,9,H06,1,,Elephants
http://www.snapshotserengeti.org/subjects/standard/51a324f0e18f49172b0b54e0_2.jpg,ASG000pfk7,3,5,G12,R2,10 opinions agree upon the species present,Elephants
http://www.snapshotserengeti.org/subjects/standard/50c217488a607540b905b717_0.jpg,ASG0008107,1,3,F12,R11,10 opinions agree upon the species present,Elephants
http://www.snapshotserengeti.org/subjects/standard/50c210fa8a607540b900c0fb_1.jpg,ASG000124b,2,1,H03,R2,10 opinions agree upon the species present,Elephants
http://zooniverse-static.s3.amazonaws.com/www.snapshotserengeti.org/subjects/standard/54cfd31187ee0404d505bf0f_0.JPG,ASG0019822,1,8,J03,R2,10 opinions agree upon the species present,Elephants
http://www.snapshotserengeti.org/subjects/standard/5331d6cd1bccd304b603f4b3_0.JPG,ASG0014imh,1,7,H11,R1,10 opinions agree upon the species present,Elephants
http://www.snapshotserengeti.org/subjects/standard/51a355cee18f49172b1126b6_0.jpg,ASG000qtkt,1,5,K07,R2,10 opinions agree upon the species present,Elephants
http://www.snapshotserengeti.org/subjects/standard/50dc8b01a2fc8e378904a203_0.jpg,ASG000c5mr,1,4,B03,R2,10 opinions agree upon the species present,Elephants
http://www.snapshotserengeti.org/subjects/standard/5331dafe1bccd304b605b4dd_1.JPG,ASG0013a4g,2,7,G02,R3,10 opinions agree upon the species present,Elephants
http://www.snapshotserengeti.org/subjects/standard/50dcac27a2fc8e37890bfbc7_0.jpg,ASG000dved,1,4,J06,R1,10 opinions agree upon the species present,Elephants
http://www.snapshotserengeti.org/subjects/standard/50c213c38a607540b9031bcc_1.jpg,ASG0004d70,2,2,E03,R2,10 opinions agree upon the species present,Elephants
http://www.snapshotserengeti.org/subjects/standard/50dc7978a2fc8e3789028fb1_1.jpg,ASG000bpbb,2,4,L01,R1,10 opinions agree upon the species present,Elephants
http://www.snapshotserengeti.org/subjects/standard/5331d5b11bccd304b6037f5b_2.JPG,ASG0014udg,3,7,S09,R3,10 opinions agree upon the species present,Elephants
http://www.snapshotserengeti.org/subjects/standard/51e8bc95e0053a09c3031775_0.jpg,ASG000yo9c,1,6,D12,R1,10 opinions agree upon the species present,Elephants
http://www.snapshotserengeti.org/subjects/standard/5331dea01bccd304b60739cd_1.JPG,ASG00128r9,2,7,H01,R1,10 opinions agree upon the species present,Elephants
http://www.snapshotserengeti.org/subjects/standard/50c217bd8a607540b90617cf_0.jpg,ASG0008k3z,1,3,M04,R11,10 opinions agree upon the species present,Elephants
http://zooniverse-static.s3.amazonaws.com/www.snapshotserengeti.org/subjects/standard/54cfd22e87ee0404d5054ef3_0.JPG,ASG001962m,1,8,I05,R2,10 opinions agree upon the species present,Elephants
http://www.snapshotserengeti.org/subjects/standard/5331e2b91bccd304b608e161_2.JPG,ASG00184vq,3,7,P13,R1,10 opinions agree upon the species present,Elephants
http://www.snapshotserengeti.org/subjects/standard/51a2ea36e18f49172b0450b6_2.jpg,ASG000nru3,3,5,D02,R3,10 opinions agree upon the species present,Elephants
http://www.snapshotserengeti.org/subjects/standard/51a2dd62e18f49172b02c8e6_2.jpg,ASG000nex9,3,5,C06,R1,10 opinions agree upon the species present,Elephants
http://www.snapshotserengeti.org/subjects/standard/51e9152ae0053a09c30d458b_0.jpg,ASG00110zc,1,6,P05,R1,10 opinions agree upon the species present,Elephants
http://zooniverse-static.s3.amazonaws.com/www.snapshotserengeti.org/subjects/standard/54cfc9a287ee0404d5011d45_0.JPG,ASG001epny,1,8,C13,R2,10 opinions agree upon the species present,Elephants
http://www.snapshotserengeti.org/subjects/standard/51a36daee18f49172b13f9f1_2.jpg,ASG000rheb,3,5,M10,R1,10 opinions agree upon the species present,Elephants
http://www.snapshotserengeti.org/subjects/standard/50c2150c8a607540b90422ac_2.jpg,ASG0005t4c,3,2,I07,R1,10 opinions agree upon the species present,Elephants
http://www.snapshotserengeti.org/subjects/standard/5331da811bccd304b6057fad_2.JPG,ASG0013fp5,3,7,F07,R1,10 opinions agree upon the species present,Elephants
http://www.snapshotserengeti.org/subjects/standard/50dc7849a2fc8e378902263f_0.jpg,ASG000blvx,1,4,Q05,R2,10 opinions agree upon the species present,Elephants
http://www.snapshotserengeti.org/subjects/standard/50c212768a607540b90205b7_0.jpg,ASG0002u9j,1,1,D03,R7,10 opinions agree upon the species present,Elephants
http://zooniverse-static.s3.amazonaws.com/www.snapshotserengeti.org/subjects/standard/54cfc76c87ee0404d5000469_0.JPG,ASG001dsbc,1,8,B03,R2,10 opinions agree upon the species present,Elephants
http://www.snapshotserengeti.org/subjects/standard/51a2e82ae18f49172b041214_1.jpg,ASG000npvg,2,5,C13,R3,10 opinions agree upon the species present,Elephants
http://www.snapshotserengeti.org/subjects/standard/50dc9d59a2fc8e378909b623_2.jpg,ASG000dd1p,3,4,K10,R1,10 opinions agree upon the species present,Elephants
http://www.snapshotserengeti.org/subjects/standard/5331d99c1bccd304b60521a1_2.JPG,ASG0013ozz,3,7,D03,R1,10 opinions agree upon the species present,Elephants
http://www.snapshotserengeti.org/subjects/standard/50c219178a607540b9071bdc_2.jpg,ASG0009zh8,3,3,I07,R12,10 opinions agree upon the species present,Elephants
http://www.snapshotserengeti.org/subjects/standard/51e8e9c8e0053a09c3084cac_1.jpg,ASG000zvkg,2,6,J09,R1,10 opinions agree upon the species present,Elephants
http://www.snapshotserengeti.org/subjects/standard/51a34a24e18f49172b0fc26c_0.jpg,ASG000qh4c,1,5,J02,R1,10 opinions agree upon the species present,Elephants
http://zooniverse-static.s3.amazonaws.com/www.snapshotserengeti.org/subjects/standard/54cfc76787ee0404d5000247_0.JPG,ASG001dt0f,1,8,B03,R1,10 opinions agree upon the species present,Elephants
http://www.snapshotserengeti.org/subjects/standard/51e8f4dae0053a09c3099556_1.jpg,ASG00106la,2,6,L04,R1,10 opinions agree upon the species present,Elephants
http://www.snapshotserengeti.org/subjects/standard/51e8f4dbe0053a09c309955d_0.jpg,ASG00106lb,1,6,L04,R1,10 opinions agree upon the species present,Elephants
http://www.snapshotserengeti.org/subjects/standard/51e8f4dfe0053a09c30995e4_0.jpg,ASG00106lw,1,6,L04,R1,10 opinions agree upon the species present,Elephants
http://www.snapshotserengeti.org/subjects/standard/5331cd301bccd304b6001c51_0.JPG,ASG00178kz,1,7,B06,R1,10 opinions agree upon the species present,Elephants
http://www.snapshotserengeti.org/subjects/standard/5331d67a1bccd304b603d1f5_0.JPG,ASG0014m75,1,7,H07,R2,10 opinions agree upon the species present,Elephants
http://zooniverse-static.s3.amazonaws.com/www.snapshotserengeti.org/subjects/standard/54cfd08f87ee0404d5047eed_0.JPG,ASG001bncb,1,8,H03,R2,10 opinions agree upon the species present,Elephants
http://www.snapshotserengeti.org/subjects/standard/51a34427e18f49172b0f0ba5_2.jpg,ASG000qbe6,3,5,I11,R2,10 opinions agree upon the species present,Elephants
http://www.snapshotserengeti.org/subjects/standard/5331e2b81bccd304b608e0b1_0.JPG,ASG00184sk,1,7,P13,R1,10 opinions agree upon the species present,Elephants
http://www.snapshotserengeti.org/subjects/standard/5331e2b71bccd304b608e06d_2.JPG,ASG00184sh,3,7,P13,R1,10 opinions agree upon the species present,Elephants
http://www.snapshotserengeti.org/subjects/standard/51a3649de18f49172b12e503_2.jpg,ASG000r88z,3,5,L11,R3,10 opinions agree upon the species present,Elephants
http://zooniverse-static.s3.amazonaws.com/www.snapshotserengeti.org/subjects/standard/54cfd02587ee0404d5044b35_0.JPG,ASG001brcs,1,8,G12,R1,10 opinions agree upon the species present,Elephants
http://www.snapshotserengeti.org/subjects/standard/50c215308a607540b9043cb0_2.jpg,ASG0005y9c,3,2,I12,R2,10 opinions agree upon the species present,Elephants
http://www.snapshotserengeti.org/subjects/standard/50c219a98a607540b9078884_0.jpg,ASG000akxw,1,3,L11,R12,10 opinions agree upon the species present,Elephants
http://www.snapshotserengeti.org/subjects/standard/50c219a98a607540b9078884_1.jpg,ASG000akxw,2,3,L11,R12,10 opinions agree upon the species present,Elephants
http://www.snapshotserengeti.org/subjects/standard/5331dbed1bccd304b606198d_0.JPG,ASG001319k,1,7,J09,R3,10 opinions agree upon the species present,Elephants
http://www.snapshotserengeti.org/subjects/standard/50c219da8a607540b907af15_2.jpg,ASG000ask5,3,3,P07,R12,10 opinions agree upon the species present,Elephants
http://www.snapshotserengeti.org/subjects/standard/51e8a95be0053a09c300e09f_1.jpg,ASG000y6i4,2,6,C01,R2,10 opinions agree upon the species present,Elephants
http://zooniverse-static.s3.amazonaws.com/www.snapshotserengeti.org/subjects/standard/54cfc9d187ee0404d501358f_0.JPG,ASG001erpf,1,8,D04,R1,10 opinions agree upon the species present,Elephants
http://www.snapshotserengeti.org/subjects/standard/51e8a8a3e0053a09c300cb65_0.jpg,ASG000y5ry,1,6,B13,R2,10 opinions agree upon the species present,Elephants
http://zooniverse-static.s3.amazonaws.com/www.snapshotserengeti.org/subjects/standard/56a68f1a41479b0042057bd1_0.JPG,ASG001h7ir,1,9,F06,1,,Elephants
http://www.snapshotserengeti.org/subjects/standard/50c213be8a607540b9031825_1.jpg,ASG0004ch1,2,2,E02,R5,10 opinions agree upon the species present,Elephants
http://www.snapshotserengeti.org/subjects/standard/5331e2eb1bccd304b608f635_1.JPG,ASG00186wt,2,7,P13,R3,10 opinions agree upon the species present,Elephants
http://www.snapshotserengeti.org/subjects/standard/50dcdda5a2fc8e3789125d82_0.jpg,ASG000fc56,1,4,I12,R1,10 opinions agree upon the species present,Elephants
http://www.snapshotserengeti.org/subjects/standard/51e8eaf4e0053a09c3086fb7_1.jpg,ASG000zwly,2,6,J09,R2,10 opinions agree upon the species present,Elephants
http://www.snapshotserengeti.org/subjects/standard/5331cd141bccd304b600113f_1.JPG,ASG00179lj,2,7,B04,R3,10 opinions agree upon the species present,Elephants
http://www.snapshotserengeti.org/subjects/standard/51a345c8e18f49172b0f3d49_0.jpg,ASG000qcy4,1,5,I13,R1,10 opinions agree upon the species present,Elephants
http://www.snapshotserengeti.org/subjects/standard/51a36449e18f49172b12daf8_0.jpg,ASG000r7w4,1,5,L10,R2,10 opinions agree upon the species present,Elephants
http://www.snapshotserengeti.org/subjects/standard/51e8a1ebe0053a09c30004ce_0.jpg,ASG000xzco,1,6,B03,R2,10 opinions agree upon the species present,Elephants
http://www.snapshotserengeti.org/subjects/standard/50c218f68a607540b9070238_2.jpg,ASG0009uew,3,3,H13,R12,10 opinions agree upon the species present,Elephants
http://www.snapshotserengeti.org/subjects/standard/51a34447e18f49172b0f0f30_2.jpg,ASG000qbj5,3,5,I11,R3,10 opinions agree upon the species present,Elephants
http://zooniverse-static.s3.amazonaws.com/www.snapshotserengeti.org/subjects/standard/54cfdd3287ee0404d50abc2b_0.JPG,ASG001a637,1,8,T09,R3,10 opinions agree upon the species present,Elephants
http://www.snapshotserengeti.org/subjects/standard/51a39bf2e18f49172b197bb6_1.jpg,ASG000spha,2,5,P10,R3,10 opinions agree upon the species present,Elephants
http://www.snapshotserengeti.org/subjects/standard/50c217378a607540b905a7cf_2.jpg,ASG0007xzj,3,3,C03,R11,10 opinions agree upon the species present,Elephants
http://www.snapshotserengeti.org/subjects/standard/5331cd2e1bccd304b6001b83_0.JPG,ASG00178jk,1,7,B05,R3,10 opinions agree upon the species present,Elephants
http://zooniverse-static.s3.amazonaws.com/www.snapshotserengeti.org/subjects/standard/54cfd62a87ee0404d50748d1_0.JPG,ASG001e9u9,1,8,L10,R2,10 opinions agree upon the species present,Elephants
http://www.snapshotserengeti.org/subjects/standard/5331d7171bccd304b60412b3_2.JPG,ASG0014fs3,3,7,H13,R1,10 opinions agree upon the species present,Elephants
http://www.snapshotserengeti.org/subjects/standard/50dc9d4ba2fc8e378909ae99_2.jpg,ASG000dcqo,3,4,K10,R1,10 opinions agree upon the species present,Elephants
http://www.snapshotserengeti.org/subjects/standard/5331e2ad1bccd304b608dd5b_0.JPG,ASG00184ip,1,7,P13,R1,10 opinions agree upon the species present,Elephants
http://www.snapshotserengeti.org/subjects/standard/51e8f84ae0053a09c309fb04_2.jpg,ASG00109v6,3,6,L10,R1,10 opinions agree upon the species present,Elephants
http://www.snapshotserengeti.org/subjects/standard/51a34156e18f49172b0eb53c_2.jpg,ASG000q8dv,3,5,I08,R2,10 opinions agree upon the species present,Elephants
http://www.snapshotserengeti.org/subjects/standard/50c218758a607540b906a7c0_2.jpg,ASG0009cjk,3,3,F12,R12,10 opinions agree upon the species present,Elephants
http://zooniverse-static.s3.amazonaws.com/www.snapshotserengeti.org/subjects/standard/54cfd36d87ee0404d505ed8f_0.JPG,ASG00198wy,1,8,J08,R2,10 opinions agree upon the species present,Elephants
http://www.snapshotserengeti.org/subjects/standard/50c210458a607540b9002b6f_2.jpg,ASG00008kv,3,1,I08,R1,10 opinions agree upon the species present,Elephants
http://www.snapshotserengeti.org/subjects/standard/50dcd6dfa2fc8e3789104f0e_0.jpg,ASG000eumq,1,4,I06,R1,10 opinions agree upon the species present,Elephants
