"url","Subject ID","Frame","Season","Site","Roll","Decision Type","Crowd Determination","Total Species Present","Total Animals Present"
"http://www.snapshotserengeti.org/subjects/standard/50dc9cf3a2fc8e3789097ef4_0.jpg","ASG000db7t","1","4","P12","R2","10 opinions agree upon the species present","Gazelles (Grant's)","1","2"
"http://www.snapshotserengeti.org/subjects/standard/5331dd851bccd304b606c2c5_2.JPG","ASG0012kmz","3","7","T08","R3","10 opinions agree upon the species present","Gazelles (Grant's)","1","1"
"http://www.snapshotserengeti.org/subjects/standard/50c210238a607540b9000cb6_2.jpg","ASG00002ie","3","1","G02","R3","10 opinions agree upon the species present","Gazelles (Grant's)","1","1"
"http://www.snapshotserengeti.org/subjects/standard/50c213288a607540b902a032_0.jpg","ASG0003os2","1","2","C05","R3","10 opinions agree upon the species present","Gazelles (Grant's)","1","1"
"http://www.snapshotserengeti.org/subjects/standard/5331dc651bccd304b6064b09_2.JPG","ASG0012wfg","3","7","N09","R2","10 opinions agree upon the species present","Gazelles (Grant's)","1","3"
"http://www.snapshotserengeti.org/subjects/standard/5331e3ad1bccd304b6094931_0.JPG","ASG0018f62","1","7","F10","R3","10 opinions agree upon the species present","Gazelles (Grant's)","1","1"
"http://www.snapshotserengeti.org/subjects/standard/51e92b96e0053a09c30fbf47_0.jpg","ASG0011kw7","1","6","T10","R2","10 opinions agree upon the species present","Gazelles (Grant's)","1","1"
"http://www.snapshotserengeti.org/subjects/standard/51a3bde5e18f49172b1d8487_1.jpg","ASG000tlt6","2","5","T12","R4","10 opinions agree upon the species present","Gazelles (Grant's)","1","1"
"http://www.snapshotserengeti.org/subjects/standard/50c211278a607540b900e735_0.jpg","ASG00019o5","1","1","I06","R2","10 opinions agree upon the species present","Gazelles (Grant's)","1","1"
"http://www.snapshotserengeti.org/subjects/standard/50c218828a607540b906af22_1.jpg","ASG0009e02","2","3","B05","R12","10 opinions agree upon the species present","Gazelles (Grant's)","1","3"
"http://www.snapshotserengeti.org/subjects/standard/5331dc421bccd304b6063d75_2.JPG","ASG0012xs2","3","7","N08","R4","10 opinions agree upon the species present","Gazelles (Grant's)","1","6"
"http://zooniverse-static.s3.amazonaws.com/www.snapshotserengeti.org/subjects/standard/56a63ecf41479b0042003b3d_0.JPG","ASG001iedc","1","9","E02","2","","Gazelles (Grant's)","1","3"
"http://www.snapshotserengeti.org/subjects/standard/50c2144f8a607540b9038da0_0.jpg","ASG0004zog","1","2","F13","R3","10 opinions agree upon the species present","Gazelles (Grant's)","1","1"
"http://www.snapshotserengeti.org/subjects/standard/51a3a0f0e18f49172b1a144c_0.jpg","ASG000suir","1","5","Q05","R1","10 opinions agree upon the species present","Gazelles (Grant's)","1","3"
"http://www.snapshotserengeti.org/subjects/standard/5331d5b41bccd304b60380ab_1.JPG","ASG0014u6t","2","7","S09","R3","10 opinions agree upon the species present","Gazelles (Grant's)","1","2"
"http://www.snapshotserengeti.org/subjects/standard/50c211448a607540b900ff61_2.jpg","ASG0001eg1","3","1","J06","R3","10 opinions agree upon the species present","Gazelles (Grant's)","1","2"
"http://www.snapshotserengeti.org/subjects/standard/50dc7978a2fc8e3789028fcb_0.jpg","ASG000bpbi","1","4","L01","R1","Most common opinion from 25 opinions","Gazelles (Grant's)","1","2"
"http://www.snapshotserengeti.org/subjects/standard/51a3397ae18f49172b0dc515_0.jpg","ASG000q0ke","1","5","I01","R3","10 opinions agree upon the species present","Gazelles (Grant's)","1","1"
"http://www.snapshotserengeti.org/subjects/standard/50dcb4d8a2fc8e37890de6fa_0.jpg","ASG000eb94","1","4","M13","R2","10 opinions agree upon the species present","Gazelles (Grant's)","1","1"
"http://www.snapshotserengeti.org/subjects/standard/50c217db8a607540b90630e4_2.jpg","ASG0008p2c","3","3","P05","R11","10 opinions agree upon the species present","Gazelles (Grant's)","1","6"
"http://www.snapshotserengeti.org/subjects/standard/50dc9300a2fc8e378906df1f_1.jpg","ASG000cpvq","2","4","H07","R1","Most common opinion from 25 opinions","Gazelles (Grant's)","1","1"
"http://zooniverse-static.s3.amazonaws.com/www.snapshotserengeti.org/subjects/standard/54cfd08a87ee0404d5047cfd_0.JPG","ASG001bnkg","1","8","H03","R1","10 opinions agree upon the species present","Gazelles (Grant's)","1","3"
"http://www.snapshotserengeti.org/subjects/standard/50dcd745a2fc8e3789109bbc_0.jpg","ASG000exq2","1","4","J02","R1","Most common opinion from 25 opinions","Gazelles (Grant's)","1","1"
"http://www.snapshotserengeti.org/subjects/standard/50c215a48a607540b9048c94_1.jpg","ASG0006e1g","2","2","P11","R3","10 opinions agree upon the species present","Gazelles (Grant's)","1","3"
"http://www.snapshotserengeti.org/subjects/standard/5331dce31bccd304b6067fbb_0.JPG","ASG0012r8o","1","7","O06","R2","10 opinions agree upon the species present","Gazelles (Grant's)","1","2"
"http://www.snapshotserengeti.org/subjects/standard/5331d5ab1bccd304b6037c91_1.JPG","ASG0014ul2","2","7","S09","R2","10 opinions agree upon the species present","Gazelles (Grant's)","1","1"
"http://www.snapshotserengeti.org/subjects/standard/5331d8061bccd304b60475dd_0.JPG","ASG00145yu","1","7","O11","R3","10 opinions agree upon the species present","Gazelles (Grant's)","1","2"
"http://www.snapshotserengeti.org/subjects/standard/5331dd141bccd304b60693f1_0.JPG","ASG0012paj","1","7","O08","R2","10 opinions agree upon the species present","Gazelles (Grant's)","1","1"
"http://www.snapshotserengeti.org/subjects/standard/50c2173e8a607540b905aed4_1.jpg","ASG0007zdg","2","3","E04","R11","10 opinions agree upon the species present","Gazelles (Grant's)","1","2"
"http://www.snapshotserengeti.org/subjects/standard/51a2c87de18f49172b004de2_0.jpg","ASG000n1qx","1","5","B06","R1","10 opinions agree upon the species present","Gazelles (Grant's)","1","4"
"http://www.snapshotserengeti.org/subjects/standard/5331d3361bccd304b6027e8b_1.JPG","ASG0015jp5","2","7","M09","R3","10 opinions agree upon the species present","Gazelles (Grant's)","1","1"
"http://www.snapshotserengeti.org/subjects/standard/5331d6831bccd304b603d569_0.JPG","ASG0014ltv","1","7","H07","R2","10 opinions agree upon the species present","Gazelles (Grant's)","1","1"
"http://www.snapshotserengeti.org/subjects/standard/50c211e68a607540b9018820_1.jpg","ASG00025gg","2","1","Q10","R2","10 opinions agree upon the species present","Gazelles (Grant's)","1","11"
"http://www.snapshotserengeti.org/subjects/standard/50c215608a607540b9045e48_2.jpg","ASG00064w8","3","2","J06","R3","10 opinions agree upon the species present","Gazelles (Grant's)","1","1"
"http://www.snapshotserengeti.org/subjects/standard/5331d8801bccd304b604a915_0.JPG","ASG00140ul","1","7","C05","R3","Most common opinion from 25 opinions","Gazelles (Grant's)","1","1"
"http://www.snapshotserengeti.org/subjects/standard/51a3b97ae18f49172b1cfcf7_2.jpg","ASG000thnl","3","5","T11","R3","10 opinions agree upon the species present","Gazelles (Grant's)","1","1"
"http://www.snapshotserengeti.org/subjects/standard/51e8ad89e0053a09c3015c46_1.jpg","ASG000yafp","2","6","C07","R2","10 opinions agree upon the species present","Gazelles (Grant's)","1","1"
"http://www.snapshotserengeti.org/subjects/standard/50c2135e8a607540b902ccef_2.jpg","ASG0003xm7","3","2","H07","R2","10 opinions agree upon the species present","Gazelles (Grant's)","1","1"
"http://www.snapshotserengeti.org/subjects/standard/50c213c28a607540b9031b88_1.jpg","ASG0004d54","2","2","E03","R1","10 opinions agree upon the species present","Gazelles (Grant's)","1","1"
"http://www.snapshotserengeti.org/subjects/standard/50c2183e8a607540b9067e98_1.jpg","ASG00094ew","2","3","E02","R11","10 opinions agree upon the species present","Gazelles (Grant's)","1","3"
"http://www.snapshotserengeti.org/subjects/standard/50c212308a607540b901c43c_0.jpg","ASG0002hbw","1","1","E05","R4","10 opinions agree upon the species present","Gazelles (Grant's)","1","2"
"http://www.snapshotserengeti.org/subjects/standard/50c215518a607540b90453cc_1.jpg","ASG00062to","2","2","J04","R3","10 opinions agree upon the species present","Gazelles (Grant's)","1","2"
"http://www.snapshotserengeti.org/subjects/standard/50c2183d8a607540b9067df6_1.jpg","ASG00094ae","2","3","E02","R11","10 opinions agree upon the species present","Gazelles (Grant's)","1","2"
"http://www.snapshotserengeti.org/subjects/standard/51a31f91e18f49172b0ab1a6_2.jpg","ASG000paff","3","5","G04","R3","10 opinions agree upon the species present","Gazelles (Grant's)","1","2"
"http://www.snapshotserengeti.org/subjects/standard/5331e1e91bccd304b6088af1_2.JPG","ASG0017wbf","3","7","I06","R3","10 opinions agree upon the species present","Gazelles (Grant's)","1","2"
"http://www.snapshotserengeti.org/subjects/standard/5331d7901bccd304b604456d_0.JPG","ASG0014aq8","1","7","I02","R1","10 opinions agree upon the species present","Gazelles (Grant's)","1","3"
"http://www.snapshotserengeti.org/subjects/standard/50c215b48a607540b9049833_2.jpg","ASG0006gc3","3","2","P09","R3","10 opinions agree upon the species present","Gazelles (Grant's)","1","1"
"http://www.snapshotserengeti.org/subjects/standard/51a31face18f49172b0ab4dc_1.jpg","ASG000paj7","2","5","G04","R3","10 opinions agree upon the species present","Gazelles (Grant's)","1","5"
"http://www.snapshotserengeti.org/subjects/standard/50c210908a607540b90069c2_0.jpg","ASG0000kw2","1","1","E03","R6","Most common opinion from 25 opinions","Gazelles (Grant's)","1","1"
"http://www.snapshotserengeti.org/subjects/standard/50c216598a607540b905105e_0.jpg","ASG000742m","1","2","U13","R3","10 opinions agree upon the species present","Gazelles (Grant's)","1","1"
"http://www.snapshotserengeti.org/subjects/standard/50c217ad8a607540b9060ab7_2.jpg","ASG0008hiv","3","3","L05","R11","10 opinions agree upon the species present","Gazelles (Thomson's)","1","11"
"http://www.snapshotserengeti.org/subjects/standard/5331dbaa1bccd304b605fd57_0.JPG","ASG001345x","1","7","J07","R3","10 opinions agree upon the species present","Gazelles (Thomson's)","1","5"
"http://www.snapshotserengeti.org/subjects/standard/5331e02a1bccd304b607e025_1.JPG","ASG0017fgc","2","7","K08","R3","10 opinions agree upon the species present","Gazelles (Thomson's)","1","3"
"http://www.snapshotserengeti.org/subjects/standard/50c2134f8a607540b902c110_2.jpg","ASG0003v9s","3","2","H07","R3","10 opinions agree upon the species present","Gazelles (Thomson's)","1","11"
"http://www.snapshotserengeti.org/subjects/standard/5331cecc1bccd304b600c367_0.JPG","ASG0016s0c","1","7","C04","R3","10 opinions agree upon the species present","Gazelles (Thomson's)","1","2"
"http://www.snapshotserengeti.org/subjects/standard/50c210758a607540b9005371_0.jpg","ASG0000ghd","1","1","R10","R1","10 opinions agree upon the species present","Gazelles (Thomson's)","1","5"
"http://www.snapshotserengeti.org/subjects/standard/5331d64a1bccd304b603bde3_1.JPG","ASG0014o5l","2","7","H06","R2","10 opinions agree upon the species present","Gazelles (Thomson's)","1","6"
"http://www.snapshotserengeti.org/subjects/standard/5331d7b71bccd304b60455ad_0.JPG","ASG001495n","1","7","L05","R2","10 opinions agree upon the species present","Gazelles (Thomson's)","1","2"
"http://www.snapshotserengeti.org/subjects/standard/50dc92f7a2fc8e378906dc43_1.jpg","ASG000cprt","2","4","H07","R1","Most common opinion from 25 opinions","Gazelles (Thomson's)","1","1"
"http://www.snapshotserengeti.org/subjects/standard/50c2173a8a607540b905aa72_2.jpg","ASG0007yia","3","3","D04","R11","10 opinions agree upon the species present","Gazelles (Thomson's)","1","1"
"http://zooniverse-static.s3.amazonaws.com/www.snapshotserengeti.org/subjects/standard/56a68b7941479b0042053e99_0.JPG","ASG001hdka","1","9","N10","1","","Gazelles (Thomson's)","1","1"
"http://www.snapshotserengeti.org/subjects/standard/5331dd4b1bccd304b606aa6d_0.JPG","ASG0012n4p","1","7","O09","R2","10 opinions agree upon the species present","Gazelles (Thomson's)","1","2"
"http://www.snapshotserengeti.org/subjects/standard/50c212308a607540b901c411_1.jpg","ASG0002hap","2","1","E05","R4","10 opinions agree upon the species present","Gazelles (Thomson's)","1","1"
"http://www.snapshotserengeti.org/subjects/standard/50c211268a607540b900e628_2.jpg","ASG00019go","3","1","I05","R2","10 opinions agree upon the species present","Gazelles (Thomson's)","1","3"
"http://www.snapshotserengeti.org/subjects/standard/5331d7ab1bccd304b60450cb_0.JPG","ASG00149li","1","7","L05","R2","10 opinions agree upon the species present","Gazelles (Thomson's)","1","1"
"http://www.snapshotserengeti.org/subjects/standard/50c217af8a607540b9060c09_0.jpg","ASG0008hs9","1","3","L05","R11","10 opinions agree upon the species present","Gazelles (Thomson's)","1","11"
"http://www.snapshotserengeti.org/subjects/standard/50c213288a607540b902a017_1.jpg","ASG0003orb","2","2","C05","R3","10 opinions agree upon the species present","Gazelles (Thomson's)","1","1"
"http://www.snapshotserengeti.org/subjects/standard/51a2cbb7e18f49172b00afa0_2.jpg","ASG000n4xu","3","5","B07","R3","10 opinions agree upon the species present","Gazelles (Thomson's)","1","4"
"http://www.snapshotserengeti.org/subjects/standard/50c217928a607540b905f23b_1.jpg","ASG0008cor","2","3","J05","R11","10 opinions agree upon the species present","Gazelles (Thomson's)","1","11"
"http://www.snapshotserengeti.org/subjects/standard/5331dc6c1bccd304b6064e33_2.JPG","ASG0012w5h","3","7","N09","R3","10 opinions agree upon the species present","Gazelles (Thomson's)","1","3"
"http://zooniverse-static.s3.amazonaws.com/www.snapshotserengeti.org/subjects/standard/54cfca1887ee0404d5015a41_0.JPG","ASG001euse","1","8","D08","R1","10 opinions agree upon the species present","Gazelles (Thomson's)","1","11"
"http://www.snapshotserengeti.org/subjects/standard/51a2cbe4e18f49172b00b51d_1.jpg","ASG000n547","2","5","B07","R3","10 opinions agree upon the species present","Gazelles (Thomson's)","1","1"
"http://www.snapshotserengeti.org/subjects/standard/51a2cbe4e18f49172b00b51d_2.jpg","ASG000n547","3","5","B07","R3","10 opinions agree upon the species present","Gazelles (Thomson's)","1","1"
"http://www.snapshotserengeti.org/subjects/standard/5331d68f1bccd304b603dab5_2.JPG","ASG0014l9l","3","7","H07","R2","10 opinions agree upon the species present","Gazelles (Thomson's)","1","2"
"http://www.snapshotserengeti.org/subjects/standard/50c214988a607540b903cb61_2.jpg","ASG0005bvl","3","2","G09","R3","10 opinions agree upon the species present","Gazelles (Thomson's)","1","1"
"http://www.snapshotserengeti.org/subjects/standard/50c211408a607540b900fbee_2.jpg","ASG0001dri","3","1","J04","R3","10 opinions agree upon the species present","Gazelles (Thomson's)","1","1"
"http://www.snapshotserengeti.org/subjects/standard/5331d60f1bccd304b603a60d_0.JPG","ASG0014qgb","1","7","H05","R2","10 opinions agree upon the species present","Gazelles (Thomson's)","1","1"
"http://www.snapshotserengeti.org/subjects/standard/51a3a374e18f49172b1a6157_1.jpg","ASG000swxt","2","5","Q11","R1","10 opinions agree upon the species present","Gazelles (Thomson's)","1","2"
"http://www.snapshotserengeti.org/subjects/standard/5331dc711bccd304b60650ab_2.JPG","ASG0012vwu","3","7","N09","R3","10 opinions agree upon the species present","Gazelles (Thomson's)","1","6"
"http://www.snapshotserengeti.org/subjects/standard/5331df2f1bccd304b6077735_2.JPG","ASG00122sy","3","7","E09","R2","10 opinions agree upon the species present","Gazelles (Thomson's)","1","4"
"http://www.snapshotserengeti.org/subjects/standard/50c2173e8a607540b905add8_2.jpg","ASG0007z6g","3","3","E04","R11","10 opinions agree upon the species present","Gazelles (Thomson's)","1","3"
"http://www.snapshotserengeti.org/subjects/standard/50c212398a607540b901cc07_1.jpg","ASG0002ivb","2","1","E09","R2","10 opinions agree upon the species present","Gazelles (Thomson's)","1","1"
"http://www.snapshotserengeti.org/subjects/standard/50c2127a8a607540b902090a_2.jpg","ASG0002ux6","3","1","D05","R5","10 opinions agree upon the species present","Gazelles (Thomson's)","1","2"
"http://www.snapshotserengeti.org/subjects/standard/50c2112c8a607540b900eb09_0.jpg","ASG0001afd","1","1","I07","R1","10 opinions agree upon the species present","Gazelles (Thomson's)","1","2"
"http://www.snapshotserengeti.org/subjects/standard/50c2157c8a607540b9047286_0.jpg","ASG00068w6","1","2","O07","R3","10 opinions agree upon the species present","Gazelles (Thomson's)","1","3"
"http://www.snapshotserengeti.org/subjects/standard/51a2d7aee18f49172b021b41_1.jpg","ASG000myf5","2","5","C01","R3","10 opinions agree upon the species present","Gazelles (Thomson's)","1","1"
"http://www.snapshotserengeti.org/subjects/standard/5331d8f11bccd304b604d959_0.JPG","ASG0013w31","1","7","C08","R2","Most common opinion from 25 opinions","Gazelles (Thomson's)","1","2"
"http://www.snapshotserengeti.org/subjects/standard/50c2173a8a607540b905ab03_0.jpg","ASG0007ymb","1","3","D04","R11","10 opinions agree upon the species present","Gazelles (Thomson's)","1","6"
"http://www.snapshotserengeti.org/subjects/standard/50c2173a8a607540b905aafa_2.jpg","ASG0007ym2","3","3","D04","R11","10 opinions agree upon the species present","Gazelles (Thomson's)","1","9"
"http://www.snapshotserengeti.org/subjects/standard/50c2142b8a607540b9036f90_1.jpg","ASG0004tqo","2","2","F05","R3","10 opinions agree upon the species present","Gazelles (Thomson's)","1","1"
"http://www.snapshotserengeti.org/subjects/standard/51a32f36e18f49172b0c8f90_1.jpg","ASG000pqnr","2","5","H05","R2","10 opinions agree upon the species present","Gazelles (Thomson's)","1","2"
"http://www.snapshotserengeti.org/subjects/standard/50c218ef8a607540b906fe3b_0.jpg","ASG0009tmj","1","3","H10","R12","10 opinions agree upon the species present","Gazelles (Thomson's)","1","1"
"http://www.snapshotserengeti.org/subjects/standard/50c212848a607540b9021632_1.jpg","ASG0002xiq","2","1","D06","R2","10 opinions agree upon the species present","Gazelles (Thomson's)","1","2"
"http://www.snapshotserengeti.org/subjects/standard/5331e02b1bccd304b607e067_0.JPG","ASG0017fgb","1","7","K08","R3","10 opinions agree upon the species present","Gazelles (Thomson's)","1","1"
"http://zooniverse-static.s3.amazonaws.com/www.snapshotserengeti.org/subjects/standard/54cfcdc887ee0404d5032003_0.JPG","ASG001fwyj","1","8","F02","R1","10 opinions agree upon the species present","Gazelles (Thomson's)","1","4"
"http://www.snapshotserengeti.org/subjects/standard/51a2fa7ce18f49172b064255_2.jpg","ASG000o8h6","3","5","D10","R2","10 opinions agree upon the species present","Gazelles (Thomson's)","1","2"
"http://www.snapshotserengeti.org/subjects/standard/50c2184c8a607540b90689b8_2.jpg","ASG00096m0","3","3","E08","R11","10 opinions agree upon the species present","Gazelles (Thomson's)","1","2"
"http://www.snapshotserengeti.org/subjects/standard/50c212698a607540b901fa5a_0.jpg","ASG0002s0q","1","1","C05","R3","10 opinions agree upon the species present","Gazelles (Thomson's)","1","3"
"http://www.snapshotserengeti.org/subjects/standard/5331d75c1bccd304b6042fc7_1.JPG","ASG0014cuh","2","7","C05","R2","10 opinions agree upon the species present","Gazelles (Thomson's)","1","2"
"http://www.snapshotserengeti.org/subjects/standard/5331db4b1bccd304b605d58b_1.JPG","ASG0013818","2","7","J06","R3","10 opinions agree upon the species present","Gazelles (Thomson's)","1","1"

