"url","Subject ID","Frame","Season","Site","Roll","Decision Type","Crowd Determination","Total Species Present","Total Animals Present"
"http://www.snapshotserengeti.org/subjects/standard/51a3336ae18f49172b0d0fa4_0.jpg","ASG000pust","1","5","H07","R2","10 opinions agree upon the species present","gazellethomsons","1","1"
"http://www.snapshotserengeti.org/subjects/standard/50c2142a8a607540b9036e43_2.jpg","ASG0004thf","3","2","F05","R3","10 opinions agree upon the species present","gazellethomsons","1","4"
"http://www.snapshotserengeti.org/subjects/standard/50c217748a607540b905d9a0_1.jpg","ASG00087ts","2","3","I05","R11","10 opinions agree upon the species present","gazellethomsons","1","11"
"http://www.snapshotserengeti.org/subjects/standard/50c210758a607540b9005354_1.jpg","ASG0000ggk","2","1","R10","R1","10 opinions agree upon the species present","gazellethomsons","1","5"
"http://www.snapshotserengeti.org/subjects/standard/5331d0db1bccd304b60194f3_2.JPG","ASG00167c0","3","7","E05","R2","10 opinions agree upon the species present","gazellethomsons","1","1"
"http://www.snapshotserengeti.org/subjects/standard/50c216008a607540b904d063_0.jpg","ASG0006rfn","1","2","S11","R3","10 opinions agree upon the species present","gazellethomsons","1","10"
"http://www.snapshotserengeti.org/subjects/standard/51a379bbe18f49172b156956_2.jpg","ASG000rsmh","3","5","N06","R1","10 opinions agree upon the species present","gazellethomsons","1","1"
"http://www.snapshotserengeti.org/subjects/standard/51a379bde18f49172b15698a_2.jpg","ASG000rsmp","3","5","N06","R1","10 opinions agree upon the species present","gazellethomsons","1","1"
"http://www.snapshotserengeti.org/subjects/standard/50c2123f8a607540b901d0ee_0.jpg","ASG0002ju6","1","1","F05","R2","10 opinions agree upon the species present","gazellethomsons","1","2"
"http://www.snapshotserengeti.org/subjects/standard/50c213598a607540b902c946_2.jpg","ASG0003ww6","3","2","H07","R1","10 opinions agree upon the species present","gazellethomsons","1","4"
"http://www.snapshotserengeti.org/subjects/standard/50c210348a607540b9001b11_2.jpg","ASG00005ch","3","1","G06","R2","10 opinions agree upon the species present","gazellethomsons","1","2"
"http://www.snapshotserengeti.org/subjects/standard/50c212198a607540b901b15b_0.jpg","ASG0002dln","1","1","J03","R1","10 opinions agree upon the species present","gazellethomsons","1","1"
"http://zooniverse-static.s3.amazonaws.com/www.snapshotserengeti.org/subjects/standard/54cfd5f987ee0404d507306b_0.JPG","ASG001e817","1","8","L07","R3","10 opinions agree upon the species present","gazellethomsons","1","2"
"http://zooniverse-static.s3.amazonaws.com/www.snapshotserengeti.org/subjects/standard/54cfd7c787ee0404d5081849_0.JPG","ASG001dkcx","1","8","M09","R1","10 opinions agree upon the species present","gazellethomsons","1","1"
"http://www.snapshotserengeti.org/subjects/standard/5331d7b81bccd304b6045615_0.JPG","ASG0014952","1","7","L05","R2","10 opinions agree upon the species present","gazellethomsons","1","1"
"http://www.snapshotserengeti.org/subjects/standard/5331d9701bccd304b6050f6d_2.JPG","ASG0013qrh","3","7","C12","R2","10 opinions agree upon the species present","gazellethomsons","1","2"
"http://www.snapshotserengeti.org/subjects/standard/5331d3181bccd304b6027263_1.JPG","ASG0015ku3","2","7","M08","R3","10 opinions agree upon the species present","gazellethomsons","1","3"
"http://zooniverse-static.s3.amazonaws.com/www.snapshotserengeti.org/subjects/standard/54cfd60a87ee0404d507385f_0.JPG","ASG0019pup","1","8","L09","R3","10 opinions agree upon the species present","gazellethomsons","1","1"
"http://www.snapshotserengeti.org/subjects/standard/50c2124a8a607540b901da03_1.jpg","ASG0002lmr","2","1","B07","R1","10 opinions agree upon the species present","gazellethomsons","1","2"
"http://www.snapshotserengeti.org/subjects/standard/51a2e2a4e18f49172b0369a4_1.jpg","ASG000nkkz","2","5","C10","R2","10 opinions agree upon the species present","gazellethomsons","1","4"
"http://www.snapshotserengeti.org/subjects/standard/50c212418a607540b901d2d5_0.jpg","ASG0002k7p","1","1","F05","R2","10 opinions agree upon the species present","gazellethomsons","1","1"
"http://www.snapshotserengeti.org/subjects/standard/5331cd821bccd304b6003ddd_2.JPG","ASG001754k","3","7","B07","R2","10 opinions agree upon the species present","gazellethomsons","1","1"
"http://www.snapshotserengeti.org/subjects/standard/50dcd3bfa2fc8e37890f5568_0.jpg","ASG000emw4","1","4","T11","R2","10 opinions agree upon the species present","gazellethomsons","1","3"
"http://www.snapshotserengeti.org/subjects/standard/50c215878a607540b904786c_1.jpg","ASG0006a24","2","2","O08","R3","10 opinions agree upon the species present","gazellethomsons","1","8"
"http://www.snapshotserengeti.org/subjects/standard/51a2cadde18f49172b0095e4_1.jpg","ASG000n452","2","5","B07","R2","10 opinions agree upon the species present","gazellethomsons","1","3"
"http://www.snapshotserengeti.org/subjects/standard/50c216008a607540b904cf7c_0.jpg","ASG0006r98","1","2","S11","R3","10 opinions agree upon the species present","gazellethomsons","1","1"
"http://www.snapshotserengeti.org/subjects/standard/50c217a38a607540b90601be_2.jpg","ASG0008fr2","3","3","K04","R11","10 opinions agree upon the species present","gazellethomsons","1","4"
"http://www.snapshotserengeti.org/subjects/standard/51a3bc71e18f49172b1d57fe_2.jpg","ASG000tkfg","3","5","T12","R2","10 opinions agree upon the species present","gazellethomsons","1","2"
"http://www.snapshotserengeti.org/subjects/standard/51a3335ae18f49172b0d0dc6_0.jpg","ASG000puqt","1","5","H07","R2","10 opinions agree upon the species present","gazellethomsons","1","1"
"http://www.snapshotserengeti.org/subjects/standard/51a35602e18f49172b112ce1_2.jpg","ASG000qtri","3","5","K07","R2","10 opinions agree upon the species present","gazellethomsons","1","4"
"http://www.snapshotserengeti.org/subjects/standard/50c217718a607540b905d753_1.jpg","ASG00087df","2","3","I03","R11","10 opinions agree upon the species present","gazellethomsons","1","11"
"http://www.snapshotserengeti.org/subjects/standard/51a32f3ae18f49172b0c9008_1.jpg","ASG000pqo9","2","5","H05","R2","10 opinions agree upon the species present","gazellethomsons","1","4"
"http://www.snapshotserengeti.org/subjects/standard/5331cda61bccd304b6004b7f_2.JPG","ASG00173sn","3","7","B08","R2","10 opinions agree upon the species present","gazellethomsons","1","1"
"http://www.snapshotserengeti.org/subjects/standard/50c2142d8a607540b903706f_2.jpg","ASG0004twv","3","2","F06","R4","10 opinions agree upon the species present","gazellethomsons","1","4"
"http://www.snapshotserengeti.org/subjects/standard/50c210288a607540b9001091_1.jpg","ASG000039t","2","1","H01","R1","10 opinions agree upon the species present","gazellethomsons","1","1"
"http://www.snapshotserengeti.org/subjects/standard/50c214d68a607540b903fd1c_0.jpg","ASG0005lp8","1","2","H05","R2","10 opinions agree upon the species present","gazellethomsons","1","1"
"http://www.snapshotserengeti.org/subjects/standard/5331db021bccd304b605b643_2.JPG","ASG0013aje","3","7","G02","R3","10 opinions agree upon the species present","gazellethomsons","1","2"
"http://www.snapshotserengeti.org/subjects/standard/51a32eebe18f49172b0c8668_0.jpg","ASG000pqdx","1","5","H05","R2","10 opinions agree upon the species present","gazellethomsons","1","2"
"http://www.snapshotserengeti.org/subjects/standard/5331ceca1bccd304b600c2d9_2.JPG","ASG0016s1c","3","7","C04","R3","10 opinions agree upon the species present","gazellethomsons","1","1"
"http://www.snapshotserengeti.org/subjects/standard/51a39474e18f49172b1896e7_0.jpg","ASG000shyz","1","5","P04","R2","10 opinions agree upon the species present","gazellethomsons","1","2"
"http://www.snapshotserengeti.org/subjects/standard/50c2173e8a607540b905ae3e_2.jpg","ASG0007z9a","3","3","E04","R11","10 opinions agree upon the species present","gazellethomsons","1","7"
"http://www.snapshotserengeti.org/subjects/standard/50dc988ba2fc8e378908da84_0.jpg","ASG000d67o","1","4","S11","R2","10 opinions agree upon the species present","gazellethomsons","1","8"
"http://www.snapshotserengeti.org/subjects/standard/5331d8c61bccd304b604c751_2.JPG","ASG0013xwh","3","7","C07","R2","10 opinions agree upon the species present","gazellethomsons","1","1"
"http://www.snapshotserengeti.org/subjects/standard/51a311b4e18f49172b090912_1.jpg","ASG000ovqx","2","5","E12","R3","10 opinions agree upon the species present","gazellethomsons","1","8"
"http://www.snapshotserengeti.org/subjects/standard/51a30498e18f49172b077760_0.jpg","ASG000oixl","1","5","E04","R2","10 opinions agree upon the species present","gazellethomsons","1","1"
"http://www.snapshotserengeti.org/subjects/standard/50c212688a607540b901f962_2.jpg","ASG0002rtu","3","1","C05","R3","Most common opinion from 25 opinions","gazellethomsons","1","1"
"http://zooniverse-static.s3.amazonaws.com/www.snapshotserengeti.org/subjects/standard/54cfd8f387ee0404d508ad25_0.JPG","ASG001d75u","1","8","N09","R3","10 opinions agree upon the species present","gazellethomsons","1","3"
"http://www.snapshotserengeti.org/subjects/standard/51a3989ae18f49172b191583_0.jpg","ASG000smam","1","5","P08","R1","10 opinions agree upon the species present","gazellethomsons","1","1"
"http://www.snapshotserengeti.org/subjects/standard/50c213288a607540b902a135_0.jpg","ASG0003oz9","1","2","C05","R3","Most common opinion from 25 opinions","gazellethomsons","1","1"
"http://www.snapshotserengeti.org/subjects/standard/50c210418a607540b9002734_0.jpg","ASG00007qs","1","1","H06","R3","10 opinions agree upon the species present","gazellethomsons","1","11"
"http://www.snapshotserengeti.org/subjects/standard/50c214268a607540b9036bc6_2.jpg","ASG0004szq","3","2","F05","R2","10 opinions agree upon the species present","gazellethomsons","1","11"
"http://www.snapshotserengeti.org/subjects/standard/50c217368a607540b905a72b_1.jpg","ASG0007xuz","2","3","D03","R11","10 opinions agree upon the species present","gazellethomsons","1","1"
"http://zooniverse-static.s3.amazonaws.com/www.snapshotserengeti.org/subjects/standard/54cfd99487ee0404d508f91f_0.JPG","ASG001d0ll","1","8","O09","R1","10 opinions agree upon the species present","gazellethomsons","1","1"
"http://www.snapshotserengeti.org/subjects/standard/5331cd6c1bccd304b6003507_1.JPG","ASG001763e","2","7","B07","R2","10 opinions agree upon the species present","gazellethomsons","1","3"
"http://www.snapshotserengeti.org/subjects/standard/50dc9323a2fc8e378906e86b_0.jpg","ASG000cq6y","1","4","H07","R1","10 opinions agree upon the species present","gazellethomsons","1","1"
"http://www.snapshotserengeti.org/subjects/standard/50c212848a607540b9021645_0.jpg","ASG0002xj9","1","1","D06","R2","10 opinions agree upon the species present","gazellethomsons","1","2"
"http://www.snapshotserengeti.org/subjects/standard/50c2183c8a607540b9067ca2_2.jpg","ASG000940y","3","3","E02","R11","Most common opinion from 25 opinions","gazellethomsons","1","2"
"http://www.snapshotserengeti.org/subjects/standard/50c211418a607540b900fc66_1.jpg","ASG0001duu","2","1","J04","R3","10 opinions agree upon the species present","gazellethomsons","1","1"
"http://www.snapshotserengeti.org/subjects/standard/50c217e28a607540b906361b_2.jpg","ASG0008q3f","3","3","Q06","R11","10 opinions agree upon the species present","gazellethomsons","1","7"
"http://www.snapshotserengeti.org/subjects/standard/5331d0ba1bccd304b601883d_0.JPG","ASG00168ql","1","7","E03","R3","10 opinions agree upon the species present","gazellethomsons","1","1"
"http://www.snapshotserengeti.org/subjects/standard/5331ce671bccd304b6009b0b_0.JPG","ASG0016w2r","1","7","C01","R3","10 opinions agree upon the species present","gazellethomsons","1","2"
"http://www.snapshotserengeti.org/subjects/standard/5331de421bccd304b60712e1_1.JPG","ASG0012cnb","2","7","G05","R2","10 opinions agree upon the species present","gazellethomsons","1","1"
"http://www.snapshotserengeti.org/subjects/standard/50dc85b8a2fc8e378903ec32_0.jpg","ASG000c05x","1","4","S12","R2","10 opinions agree upon the species present","gazellethomsons","1","10"
"http://www.snapshotserengeti.org/subjects/standard/50dc9967a2fc8e378908fdfc_0.jpg","ASG000d7b1","1","4","S11","R2","10 opinions agree upon the species present","gazellethomsons","1","1"
"http://www.snapshotserengeti.org/subjects/standard/50dc8a2ea2fc8e378904691a_0.jpg","ASG000c3vz","1","4","T13","R2","10 opinions agree upon the species present","gazellethomsons","1","5"
"http://www.snapshotserengeti.org/subjects/standard/5331d75b1bccd304b6042f4f_1.JPG","ASG0014cvp","2","7","C05","R2","10 opinions agree upon the species present","gazellethomsons","1","1"
"http://www.snapshotserengeti.org/subjects/standard/50c212328a607540b901c616_2.jpg","ASG0002hp2","3","1","E06","R4","10 opinions agree upon the species present","gazellethomsons","1","1"
"http://www.snapshotserengeti.org/subjects/standard/5331cd721bccd304b60037a1_0.JPG","ASG00175sx","1","7","B07","R2","10 opinions agree upon the species present","gazellethomsons","1","1"
"http://zooniverse-static.s3.amazonaws.com/www.snapshotserengeti.org/subjects/standard/54cfda4687ee0404d5094aa3_0.JPG","ASG001csuw","1","8","P03","R4","10 opinions agree upon the species present","gazellethomsons","1","8"
"http://www.snapshotserengeti.org/subjects/standard/51a312cbe18f49172b092a4c_0.jpg","ASG000owtp","1","5","E13","R1","10 opinions agree upon the species present","gazellethomsons","1","4"
"http://www.snapshotserengeti.org/subjects/standard/5331db491bccd304b605d47f_2.JPG","ASG001386z","3","7","J06","R3","10 opinions agree upon the species present","gazellethomsons","1","4"
"http://www.snapshotserengeti.org/subjects/standard/50c213b48a607540b9030e7c_2.jpg","ASG0004akc","3","2","D13","R3","10 opinions agree upon the species present","gazellethomsons","1","2"
"http://www.snapshotserengeti.org/subjects/standard/50dc9d0ba2fc8e3789098a55_0.jpg","ASG000dbju","1","4","F08","R2","10 opinions agree upon the species present","gazellethomsons","1","3"
"http://www.snapshotserengeti.org/subjects/standard/5331d1ca1bccd304b601f13b_0.JPG","ASG00170eo","1","7","M05","R2","10 opinions agree upon the species present","gazellethomsons","1","1"
"http://zooniverse-static.s3.amazonaws.com/www.snapshotserengeti.org/subjects/standard/54cfc8e087ee0404d500bff3_0.JPG","ASG001cbpg","1","8","C07","R1","10 opinions agree upon the species present","gazellethomsons","1","2"
"http://www.snapshotserengeti.org/subjects/standard/50c217948a607540b905f36a_1.jpg","ASG0008cx6","2","3","J05","R11","10 opinions agree upon the species present","gazellethomsons","1","3"
"http://www.snapshotserengeti.org/subjects/standard/51a389c1e18f49172b1750ec_0.jpg","ASG000s7go","1","5","O04","R3","10 opinions agree upon the species present","gazellethomsons","1","3"
"http://www.snapshotserengeti.org/subjects/standard/50dc98b8a2fc8e378908e453_1.jpg","ASG000d6lc","2","4","S11","R2","10 opinions agree upon the species present","gazellethomsons","1","4"
"http://www.snapshotserengeti.org/subjects/standard/5331d6921bccd304b603dc31_2.JPG","ASG0014l2x","3","7","H07","R2","10 opinions agree upon the species present","gazellethomsons","1","1"
"http://www.snapshotserengeti.org/subjects/standard/50dc855fa2fc8e378903d361_0.jpg","ASG000bzat","1","4","S12","R2","10 opinions agree upon the species present","gazellethomsons","1","3"
"http://www.snapshotserengeti.org/subjects/standard/5331de441bccd304b60713c3_0.JPG","ASG0012cj1","1","7","G05","R2","10 opinions agree upon the species present","gazellethomsons","1","1"
"http://www.snapshotserengeti.org/subjects/standard/5331e3a41bccd304b60944ed_0.JPG","ASG0018ere","1","7","N08","R3","10 opinions agree upon the species present","gazellethomsons","1","1"
"http://zooniverse-static.s3.amazonaws.com/www.snapshotserengeti.org/subjects/standard/54cfcaeb87ee0404d501bf9b_0.JPG","ASG001f41g","1","8","D11","R3","10 opinions agree upon the species present","gazellethomsons","1","1"
"http://www.snapshotserengeti.org/subjects/standard/5331d7af1bccd304b604524b_1.JPG","ASG00149jc","2","7","L05","R2","10 opinions agree upon the species present","gazellethomsons","1","3"
"http://www.snapshotserengeti.org/subjects/standard/50c2142c8a607540b9037009_0.jpg","ASG0004tu1","1","2","F05","R3","10 opinions agree upon the species present","gazellethomsons","1","1"
"http://www.snapshotserengeti.org/subjects/standard/51a2f9eee18f49172b063137_1.jpg","ASG000o7w5","2","5","D10","R1","10 opinions agree upon the species present","gazellethomsons","1","1"
"http://www.snapshotserengeti.org/subjects/standard/50c217718a607540b905d793_0.jpg","ASG00087f7","1","3","I03","R11","10 opinions agree upon the species present","gazellethomsons","1","11"
"http://www.snapshotserengeti.org/subjects/standard/50c217928a607540b905f297_1.jpg","ASG0008crb","2","3","J05","R11","10 opinions agree upon the species present","gazellethomsons","1","9"
"http://zooniverse-static.s3.amazonaws.com/www.snapshotserengeti.org/subjects/standard/54cfdba787ee0404d509f8eb_0.JPG","ASG001cdnf","1","8","Q08","R1","10 opinions agree upon the species present","gazellethomsons","1","3"
"http://www.snapshotserengeti.org/subjects/standard/50c211428a607540b900fd66_2.jpg","ASG0001e1y","3","1","J05","R4","10 opinions agree upon the species present","gazellethomsons","1","1"
"http://www.snapshotserengeti.org/subjects/standard/50c211428a607540b900fd59_0.jpg","ASG0001e1l","1","1","J05","R4","10 opinions agree upon the species present","gazellethomsons","1","6"
"http://www.snapshotserengeti.org/subjects/standard/5331db471bccd304b605d36d_1.JPG","ASG00138a8","2","7","J06","R3","10 opinions agree upon the species present","gazellethomsons","1","1"
"http://www.snapshotserengeti.org/subjects/standard/50c210da8a607540b900a601_0.jpg","ASG0000wsh","1","1","G06","R3","10 opinions agree upon the species present","gazellethomsons","1","1"
"http://www.snapshotserengeti.org/subjects/standard/50dc9ddea2fc8e378909e88b_2.jpg","ASG000deqn","3","4","C07","R2","10 opinions agree upon the species present","gazellethomsons","1","1"
"http://www.snapshotserengeti.org/subjects/standard/5331d9081bccd304b604e369_2.JPG","ASG0013v4w","3","7","C08","R3","10 opinions agree upon the species present","gazellethomsons","1","2"
"http://www.snapshotserengeti.org/subjects/standard/5331d9071bccd304b604e301_2.JPG","ASG0013v47","3","7","C08","R3","10 opinions agree upon the species present","gazellethomsons","1","1"
"http://www.snapshotserengeti.org/subjects/standard/51a35e28e18f49172b122514_0.jpg","ASG000r1p1","1","5","L05","R1","10 opinions agree upon the species present","gazellethomsons","1","1"
"http://www.snapshotserengeti.org/subjects/standard/50c214238a607540b9036a0c_1.jpg","ASG0004sng","2","2","F05","R1","10 opinions agree upon the species present","gazellethomsons","1","1"
"http://www.snapshotserengeti.org/subjects/standard/5331d8851bccd304b604ab6b_2.JPG","ASG00140mv","3","7","C05","R3","10 opinions agree upon the species present","gazellethomsons","1","1"
"http://www.snapshotserengeti.org/subjects/standard/51a2cd9ce18f49172b00e8d5_2.jpg","ASG000n6qc","3","5","B08","R2","10 opinions agree upon the species present","gazellethomsons","1","3"
