"url","Subject ID","Frame","Season","Site","Roll","Decision Type","Crowd Determination","Total Species Present","Total Animals Present"
"http://www.snapshotserengeti.org/subjects/standard/50c2106e8a607540b9004d4d_1.jpg","ASG0000f9p","2","1","Q10","R1","10 opinions agree upon the species present","gazellegrants","1","2"
"http://www.snapshotserengeti.org/subjects/standard/50c212448a607540b901d571_1.jpg","ASG0002kq9","2","1","B06","R2","10 opinions agree upon the species present","gazellegrants","1","1"
"http://www.snapshotserengeti.org/subjects/standard/50c210478a607540b9002d6d_1.jpg","ASG00008z1","2","1","J04","R2","10 opinions agree upon the species present","gazellegrants","1","1"
"http://www.snapshotserengeti.org/subjects/standard/5331dd841bccd304b606c237_2.JPG","ASG0012kmk","3","7","T08","R3","10 opinions agree upon the species present","gazellegrants","1","1"
"http://www.snapshotserengeti.org/subjects/standard/5331d7eb1bccd304b6046ab1_2.JPG","ASG001471h","3","7","O10","R2","10 opinions agree upon the species present","gazellegrants","1","11"
"http://www.snapshotserengeti.org/subjects/standard/51a3b7bfe18f49172b1cc836_1.jpg","ASG000tfxp","2","5","T10","R3","10 opinions agree upon the species present","gazellegrants","1","3"
"http://www.snapshotserengeti.org/subjects/standard/5331d5b21bccd304b6037fbf_2.JPG","ASG0014uaq","3","7","S09","R3","10 opinions agree upon the species present","gazellegrants","1","1"
"http://www.snapshotserengeti.org/subjects/standard/5331e2741bccd304b608c52d_0.JPG","ASG0018240","1","7","P10","R2","10 opinions agree upon the species present","gazellegrants","1","6"
"http://www.snapshotserengeti.org/subjects/standard/50c217ae8a607540b9060b2d_0.jpg","ASG0008hm5","1","3","L05","R11","10 opinions agree upon the species present","gazellegrants","1","1"
"http://www.snapshotserengeti.org/subjects/standard/50c218d68a607540b906ed3b_2.jpg","ASG0009q9n","3","3","H05","R12","10 opinions agree upon the species present","gazellegrants","1","10"
"http://www.snapshotserengeti.org/subjects/standard/51a3a3a1e18f49172b1a66c9_0.jpg","ASG000sx47","1","5","Q11","R2","10 opinions agree upon the species present","gazellegrants","1","1"
"http://www.snapshotserengeti.org/subjects/standard/5331d0c21bccd304b6018b79_1.JPG","ASG00168dy","2","7","E03","R3","10 opinions agree upon the species present","gazellegrants","1","11"
"http://www.snapshotserengeti.org/subjects/standard/50c218a18a607540b906c606_2.jpg","ASG0009iiu","3","3","E04","R12","10 opinions agree upon the species present","gazellegrants","1","1"
"http://www.snapshotserengeti.org/subjects/standard/50c210778a607540b90054f2_1.jpg","ASG0000gs2","2","1","R11","R1","10 opinions agree upon the species present","gazellegrants","1","1"
"http://www.snapshotserengeti.org/subjects/standard/50c210778a607540b9005509_2.jpg","ASG0000gsp","3","1","R11","R1","10 opinions agree upon the species present","gazellegrants","1","3"
"http://zooniverse-static.s3.amazonaws.com/www.snapshotserengeti.org/subjects/standard/56a6428541479b0042007a6f_0.JPG","ASG001ktfm","1","9","J13","2","","gazellegrants","1","10"
"http://www.snapshotserengeti.org/subjects/standard/51a3a3e8e18f49172b1a6f4e_0.jpg","ASG000sxdq","1","5","Q11","R3","10 opinions agree upon the species present","gazellegrants","1","1"
"http://www.snapshotserengeti.org/subjects/standard/5331d7e91bccd304b60469cd_0.JPG","ASG001473p","1","7","O10","R2","10 opinions agree upon the species present","gazellegrants","1","6"
"http://www.snapshotserengeti.org/subjects/standard/5331d7eb1bccd304b6046aa7_2.JPG","ASG0014736","3","7","O10","R2","10 opinions agree upon the species present","gazellegrants","1","7"
"http://zooniverse-static.s3.amazonaws.com/www.snapshotserengeti.org/subjects/standard/54cfd31a87ee0404d505c3cf_0.JPG","ASG001ahep","1","8","J04","R3","10 opinions agree upon the species present","gazellegrants","1","1"
"http://www.snapshotserengeti.org/subjects/standard/50c212488a607540b901d84a_2.jpg","ASG0002lai","3","1","B07","R1","10 opinions agree upon the species present","gazellegrants","1","2"
"http://www.snapshotserengeti.org/subjects/standard/50c213e38a607540b9033662_1.jpg","ASG0004ig2","2","2","E08","R3","10 opinions agree upon the species present","gazellegrants","1","10"
"http://www.snapshotserengeti.org/subjects/standard/5331de981bccd304b6073661_2.JPG","ASG0012934","3","7","G10","R3","10 opinions agree upon the species present","gazellegrants","1","1"
"http://www.snapshotserengeti.org/subjects/standard/5331d7ee1bccd304b6046bdf_2.JPG","ASG00146wf","3","7","O10","R3","10 opinions agree upon the species present","gazellegrants","1","3"
"http://www.snapshotserengeti.org/subjects/standard/50c2106e8a607540b9004d20_2.jpg","ASG0000f8g","3","1","Q10","R1","Most common opinion from 25 opinions","gazellegrants","1","5"
"http://www.snapshotserengeti.org/subjects/standard/5331d7e51bccd304b6046807_1.JPG","ASG00147de","2","7","O10","R2","10 opinions agree upon the species present","gazellegrants","1","2"
"http://www.snapshotserengeti.org/subjects/standard/51a32b2ae18f49172b0c13a7_1.jpg","ASG000pmpb","2","5","H02","R3","Most common opinion from 25 opinions","gazellegrants","1","1"
"http://www.snapshotserengeti.org/subjects/standard/50c2173e8a607540b905aebf_1.jpg","ASG0007zcv","2","3","E04","R11","10 opinions agree upon the species present","gazellegrants","1","2"
"http://www.snapshotserengeti.org/subjects/standard/5331de3d1bccd304b60710e7_1.JPG","ASG0012cv4","2","7","V10","R2","10 opinions agree upon the species present","gazellegrants","1","1"
"http://www.snapshotserengeti.org/subjects/standard/5331d9981bccd304b6052019_0.JPG","ASG0013p3z","1","7","D02","R2","Most common opinion from 25 opinions","gazellegrants","1","2"
"http://www.snapshotserengeti.org/subjects/standard/50c213378a607540b902ac97_1.jpg","ASG0003r87","2","2","C08","R4","Most common opinion from 25 opinions","gazellegrants","1","1"
"http://www.snapshotserengeti.org/subjects/standard/5331d4d11bccd304b60323f3_1.JPG","ASG00153c2","2","7","R08","R3","10 opinions agree upon the species present","gazellegrants","1","7"
"http://www.snapshotserengeti.org/subjects/standard/51e8a275e0053a09c30014c0_2.jpg","ASG000xzxo","3","6","B04","R1","10 opinions agree upon the species present","gazellegrants","1","1"
"http://www.snapshotserengeti.org/subjects/standard/50c216478a607540b9050287_2.jpg","ASG00071c7","3","2","T11","R1","10 opinions agree upon the species present","gazellegrants","1","1"
"http://www.snapshotserengeti.org/subjects/standard/5331e2751bccd304b608c59b_1.JPG","ASG0018257","2","7","P10","R2","10 opinions agree upon the species present","gazellegrants","1","3"
"http://www.snapshotserengeti.org/subjects/standard/50c215a38a607540b9048c5b_2.jpg","ASG0006dzv","3","2","P11","R3","10 opinions agree upon the species present","gazellegrants","1","3"
"http://www.snapshotserengeti.org/subjects/standard/50c215a38a607540b9048c42_1.jpg","ASG0006dz6","2","2","P11","R3","10 opinions agree upon the species present","gazellegrants","1","1"
"http://www.snapshotserengeti.org/subjects/standard/5331de6b1bccd304b60723c3_1.JPG","ASG0012aqa","2","7","G07","R2","Most common opinion from 25 opinions","gazellegrants","1","1"
"http://www.snapshotserengeti.org/subjects/standard/51a3b927e18f49172b1cf358_0.jpg","ASG000thdc","1","5","T11","R2","10 opinions agree upon the species present","gazellegrants","1","3"
"http://www.snapshotserengeti.org/subjects/standard/5331cd6d1bccd304b600355d_1.JPG","ASG00175zn","2","7","B07","R2","10 opinions agree upon the species present","gazellegrants","1","1"
"http://www.snapshotserengeti.org/subjects/standard/50dcd30da2fc8e37890f018a_0.jpg","ASG000ek22","1","4","S10","R2","10 opinions agree upon the species present","gazellegrants","1","2"
"http://www.snapshotserengeti.org/subjects/standard/51a376e7e18f49172b151335_0.jpg","ASG000rpu1","1","5","M13","R2","10 opinions agree upon the species present","gazellegrants","1","4"
"http://www.snapshotserengeti.org/subjects/standard/5331d7b41bccd304b6045469_0.JPG","ASG0014982","1","7","L05","R2","10 opinions agree upon the species present","gazellegrants","1","2"
"http://www.snapshotserengeti.org/subjects/standard/5331d7b41bccd304b6045469_1.JPG","ASG0014982","2","7","L05","R2","10 opinions agree upon the species present","gazellegrants","1","2"
"http://www.snapshotserengeti.org/subjects/standard/51a2e793e18f49172b03ffed_1.jpg","ASG000npb8","2","5","C13","R2","10 opinions agree upon the species present","gazellegrants","1","1"
"http://www.snapshotserengeti.org/subjects/standard/51a3b794e18f49172b1cc2f5_1.jpg","ASG000tfry","2","5","T10","R2","10 opinions agree upon the species present","gazellegrants","1","1"
"http://www.snapshotserengeti.org/subjects/standard/50c2141f8a607540b9036618_0.jpg","ASG0004rvc","1","2","F04","R2","10 opinions agree upon the species present","gazellegrants","1","1"
"http://www.snapshotserengeti.org/subjects/standard/50c211fc8a607540b90199fb_0.jpg","ASG00028zf","1","1","R10","R2","10 opinions agree upon the species present","gazellegrants","1","9"
"http://www.snapshotserengeti.org/subjects/standard/5331d0a21bccd304b6017ed3_0.JPG","ASG00169ex","1","7","E03","R2","10 opinions agree upon the species present","gazellegrants","1","3"
"http://www.snapshotserengeti.org/subjects/standard/5331ddb01bccd304b606d5bd_0.JPG","ASG0012io9","1","7","T12","R2","10 opinions agree upon the species present","gazellegrants","1","2"
"http://www.snapshotserengeti.org/subjects/standard/51e8ad91e0053a09c3015d2e_1.jpg","ASG000yagn","2","6","C07","R2","10 opinions agree upon the species present","gazellegrants","1","1"
"http://zooniverse-static.s3.amazonaws.com/www.snapshotserengeti.org/subjects/standard/56a6554b41479b004201ac47_0.JPG","ASG001k9l3","1","9","S13","2","","gazellegrants","1","2"
"http://www.snapshotserengeti.org/subjects/standard/5331dda71bccd304b606d19b_2.JPG","ASG0012j3o","3","7","T11","R2","10 opinions agree upon the species present","gazellegrants","1","2"
"http://www.snapshotserengeti.org/subjects/standard/5331dd1d1bccd304b6069799_2.JPG","ASG0012ot0","3","7","O08","R3","10 opinions agree upon the species present","gazellegrants","1","2"
"http://www.snapshotserengeti.org/subjects/standard/5331de3e1bccd304b607114f_1.JPG","ASG0012ct3","2","7","V10","R3","10 opinions agree upon the species present","gazellegrants","1","2"
"http://www.snapshotserengeti.org/subjects/standard/5331de3e1bccd304b6071151_2.JPG","ASG0012ct1","3","7","V10","R3","10 opinions agree upon the species present","gazellegrants","1","2"
"http://www.snapshotserengeti.org/subjects/standard/51a3bc5ce18f49172b1d5576_0.jpg","ASG000tkcq","1","5","T12","R2","10 opinions agree upon the species present","gazellegrants","1","5"
"http://zooniverse-static.s3.amazonaws.com/www.snapshotserengeti.org/subjects/standard/54cfcb3487ee0404d501dfbf_0.JPG","ASG001f6op","1","8","E02","R3","Most common opinion from 25 opinions","gazellegrants","1","2"
"http://www.snapshotserengeti.org/subjects/standard/5331dd151bccd304b606941b_0.JPG","ASG0012p2o","1","7","O08","R3","Most common opinion from 25 opinions","gazellegrants","1","1"
"http://www.snapshotserengeti.org/subjects/standard/50dcd3b9a2fc8e37890f5242_1.jpg","ASG000emrn","2","4","T11","R2","10 opinions agree upon the species present","gazellegrants","1","1"
"http://www.snapshotserengeti.org/subjects/standard/51e915f7e0053a09c30d5d0e_0.jpg","ASG00111qa","1","6","P08","R1","10 opinions agree upon the species present","gazellegrants","1","1"
"http://www.snapshotserengeti.org/subjects/standard/50c2114c8a607540b90105ab_1.jpg","ASG0001for","2","1","K03","R1","10 opinions agree upon the species present","gazellegrants","1","2"
"http://zooniverse-static.s3.amazonaws.com/www.snapshotserengeti.org/subjects/standard/54cfd90e87ee0404d508b94b_0.JPG","ASG001d60z","1","8","N10","R3","10 opinions agree upon the species present","gazellegrants","1","1"
"http://www.snapshotserengeti.org/subjects/standard/5331e2741bccd304b608c50b_2.JPG","ASG001822z","3","7","P10","R2","10 opinions agree upon the species present","gazellegrants","1","6"
"http://www.snapshotserengeti.org/subjects/standard/5331e2731bccd304b608c4ff_0.JPG","ASG001822q","1","7","P10","R2","10 opinions agree upon the species present","gazellegrants","1","4"
"http://www.snapshotserengeti.org/subjects/standard/50c217a18a607540b906006f_1.jpg","ASG0008fhr","2","3","K03","R11","10 opinions agree upon the species present","gazellegrants","1","3"
"http://www.snapshotserengeti.org/subjects/standard/5331de171bccd304b60701cb_1.JPG","ASG0012ebi","2","7","U10","R1","10 opinions agree upon the species present","gazellegrants","1","10"
"http://www.snapshotserengeti.org/subjects/standard/5331d5571bccd304b6035a43_1.JPG","ASG0014y0k","2","7","S07","R3","10 opinions agree upon the species present","gazellegrants","1","1"
"http://www.snapshotserengeti.org/subjects/standard/50c214ac8a607540b903da1c_0.jpg","ASG0005esc","1","2","G12","R3","10 opinions agree upon the species present","gazellegrants","1","1"
"http://www.snapshotserengeti.org/subjects/standard/50c2183e8a607540b9067efc_1.jpg","ASG00094ho","2","3","E02","R11","10 opinions agree upon the species present","gazellegrants","1","1"
"http://www.snapshotserengeti.org/subjects/standard/50c213c68a607540b9031e5c_0.jpg","ASG0004dp8","1","2","E03","R3","10 opinions agree upon the species present","gazellegrants","1","2"
"http://zooniverse-static.s3.amazonaws.com/www.snapshotserengeti.org/subjects/standard/54cfda7387ee0404d50960d9_0.JPG","ASG001cr2p","1","8","P05","R4","10 opinions agree upon the species present","gazellegrants","1","1"
"http://www.snapshotserengeti.org/subjects/standard/5331d5b11bccd304b6037f8b_2.JPG","ASG0014u9k","3","7","S09","R3","10 opinions agree upon the species present","gazellegrants","1","1"
"http://www.snapshotserengeti.org/subjects/standard/5331d7eb1bccd304b6046ae1_0.JPG","ASG001472v","1","7","O10","R2","10 opinions agree upon the species present","gazellegrants","1","11"
"http://www.snapshotserengeti.org/subjects/standard/50c215c48a607540b904a4e7_1.jpg","ASG0006iuf","2","2","Q09","R3","10 opinions agree upon the species present","gazellegrants","1","1"
"http://www.snapshotserengeti.org/subjects/standard/50c217c68a607540b9061f6e_0.jpg","ASG0008lm6","1","3","N07","R11","10 opinions agree upon the species present","gazellegrants","1","1"
"http://www.snapshotserengeti.org/subjects/standard/50c215ef8a607540b904c3be_1.jpg","ASG0006oxq","2","2","S09","R3","10 opinions agree upon the species present","gazellegrants","1","4"
"http://www.snapshotserengeti.org/subjects/standard/50c2106f8a607540b9004e74_2.jpg","ASG0000fhw","3","1","Q12","R1","10 opinions agree upon the species present","gazellegrants","1","3"
"http://www.snapshotserengeti.org/subjects/standard/5331e39a1bccd304b609409d_2.JPG","ASG0018e9m","3","7","Q08","R3","10 opinions agree upon the species present","gazellegrants","1","1"
"http://www.snapshotserengeti.org/subjects/standard/5331d7901bccd304b6044565_0.JPG","ASG0014aqk","1","7","I02","R1","10 opinions agree upon the species present","gazellegrants","1","2"
"http://www.snapshotserengeti.org/subjects/standard/5331cd2e1bccd304b6001b4f_1.JPG","ASG00178ns","2","7","B05","R2","10 opinions agree upon the species present","gazellegrants","1","1"
"http://www.snapshotserengeti.org/subjects/standard/50c2183e8a607540b9067e81_2.jpg","ASG00094e9","3","3","E02","R11","10 opinions agree upon the species present","gazellegrants","1","4"
"http://www.snapshotserengeti.org/subjects/standard/50c2155d8a607540b9045c06_1.jpg","ASG00064g6","2","2","J05","R3","10 opinions agree upon the species present","gazellegrants","1","1"
"http://www.snapshotserengeti.org/subjects/standard/51a3057ce18f49172b0792a2_1.jpg","ASG000ojwf","2","5","E05","R1","10 opinions agree upon the species present","gazellegrants","1","1"
"http://www.snapshotserengeti.org/subjects/standard/51a345e9e18f49172b0f411d_0.jpg","ASG000qd2f","1","5","I13","R2","10 opinions agree upon the species present","gazellegrants","1","1"
"http://www.snapshotserengeti.org/subjects/standard/50c212308a607540b901c43c_1.jpg","ASG0002hbw","2","1","E05","R4","10 opinions agree upon the species present","gazellegrants","1","2"
"http://www.snapshotserengeti.org/subjects/standard/51a3a3f9e18f49172b1a713a_1.jpg","ASG000sxg7","2","5","Q11","R3","10 opinions agree upon the species present","gazellegrants","1","4"
"http://www.snapshotserengeti.org/subjects/standard/50dca23aa2fc8e37890b0fa8_1.jpg","ASG000do2z","2","4","T12","R2","10 opinions agree upon the species present","gazellegrants","1","1"
"http://www.snapshotserengeti.org/subjects/standard/50c214ca8a607540b903f445_1.jpg","ASG0005jyd","2","2","H03","R2","10 opinions agree upon the species present","gazellegrants","1","5"
"http://www.snapshotserengeti.org/subjects/standard/5331d39d1bccd304b602a5f7_0.JPG","ASG0015fqy","1","7","M10","R2","10 opinions agree upon the species present","gazellegrants","1","2"
"http://www.snapshotserengeti.org/subjects/standard/50c2154d8a607540b9045013_0.jpg","ASG0006237","1","2","J03","R2","10 opinions agree upon the species present","gazellegrants","1","11"
"http://www.snapshotserengeti.org/subjects/standard/50c2106e8a607540b9004da0_2.jpg","ASG0000fc0","3","1","Q11","R1","10 opinions agree upon the species present","gazellegrants","1","11"
"http://www.snapshotserengeti.org/subjects/standard/50c2160b8a607540b904d795_2.jpg","ASG0006sut","3","2","S12","R3","10 opinions agree upon the species present","gazellegrants","1","2"
"http://www.snapshotserengeti.org/subjects/standard/50dcb393a2fc8e37890d53ee_0.jpg","ASG000e6ft","1","4","U12","R1","10 opinions agree upon the species present","gazellegrants","1","1"
"http://www.snapshotserengeti.org/subjects/standard/5331d7ed1bccd304b6046b8f_0.JPG","ASG00146z7","1","7","O10","R3","10 opinions agree upon the species present","gazellegrants","1","2"
"http://www.snapshotserengeti.org/subjects/standard/51a3bdbfe18f49172b1d7fea_2.jpg","ASG000tlnf","3","5","T12","R4","10 opinions agree upon the species present","gazellegrants","1","1"
"http://www.snapshotserengeti.org/subjects/standard/50c2140b8a607540b903560b_2.jpg","ASG0004op7","3","2","F01","R3","10 opinions agree upon the species present","gazellegrants","1","5"
"http://www.snapshotserengeti.org/subjects/standard/5331d7e51bccd304b6046845_0.JPG","ASG00147a5","1","7","O10","R2","10 opinions agree upon the species present","gazellegrants","1","2"
"http://www.snapshotserengeti.org/subjects/standard/50dc9d0fa2fc8e3789098d01_0.jpg","ASG000dbmm","1","4","F08","R2","10 opinions agree upon the species present","gazellegrants","1","1"
"http://www.snapshotserengeti.org/subjects/standard/5331d4e71bccd304b6032c7b_1.JPG","ASG00152hi","2","7","R08","R3","10 opinions agree upon the species present","gazellegrants","1","4"
