"url","Subject ID","Frame","Season","Site","Roll","Decision Type","Crowd Determination","Total Species Present","Total Animals Present"
"http://www.snapshotserengeti.org/subjects/standard/5331de3f1bccd304b6071199_2.JPG","ASG0012cqu","3","7","V10","R3","10 opinions agree upon the species present","Giraffes","1","1"
"http://www.snapshotserengeti.org/subjects/standard/50c2185d8a607540b9069611_2.jpg","ASG000991t","3","3","F07","R12","10 opinions agree upon the species present","Giraffes","1","1"
"http://www.snapshotserengeti.org/subjects/standard/50c217f78a607540b90648ca_1.jpg","ASG0008tsa","2","3","T08","R11","10 opinions agree upon the species present","Giraffes","1","1"
"http://www.snapshotserengeti.org/subjects/standard/50c217ba8a607540b90615f1_0.jpg","ASG0008jqp","1","3","M03","R11","10 opinions agree upon the species present","Giraffes","1","1"
"http://www.snapshotserengeti.org/subjects/standard/5331de121bccd304b606ff2f_1.JPG","ASG0012elj","2","7","U10","R1","10 opinions agree upon the species present","Giraffes","1","2"
"http://zooniverse-static.s3.amazonaws.com/www.snapshotserengeti.org/subjects/standard/54cfdd0c87ee0404d50aa999_0.JPG","ASG0019ewr","1","8","T08","R2","10 opinions agree upon the species present","Giraffes","1","1"
"http://www.snapshotserengeti.org/subjects/standard/50c216888a607540b9052f61_1.jpg","ASG0007a75","2","2","K05","R2","10 opinions agree upon the species present","Giraffes","1","2"
"http://www.snapshotserengeti.org/subjects/standard/50c2128d8a607540b9021e03_2.jpg","ASG0002z2b","3","1","E01","R1","10 opinions agree upon the species present","Giraffes","1","1"
"http://www.snapshotserengeti.org/subjects/standard/50c210478a607540b9002da6_1.jpg","ASG000090m","2","1","J05","R2","10 opinions agree upon the species present","Giraffes","1","1"
"http://www.snapshotserengeti.org/subjects/standard/50dc793ba2fc8e378902636f_1.jpg","ASG000bnp6","2","4","M06","R2","10 opinions agree upon the species present","Giraffes","1","1"
"http://www.snapshotserengeti.org/subjects/standard/5331d4f91bccd304b6033419_0.JPG","ASG00151nb","1","7","R09","R3","10 opinions agree upon the species present","Giraffes","1","1"
"http://www.snapshotserengeti.org/subjects/standard/50c216888a607540b9052eeb_0.jpg","ASG0007a3v","1","2","K05","R2","10 opinions agree upon the species present","Giraffes","1","1"
"http://www.snapshotserengeti.org/subjects/standard/50c2173d8a607540b905ad91_2.jpg","ASG0007z4h","3","3","E04","R11","10 opinions agree upon the species present","Giraffes","1","3"
"http://www.snapshotserengeti.org/subjects/standard/51a31c60e18f49172b0a4fc4_0.jpg","ASG000p6vw","1","5","G01","R2","10 opinions agree upon the species present","Giraffes","1","1"
"http://www.snapshotserengeti.org/subjects/standard/50c213818a607540b902e9a1_2.jpg","ASG00043a9","3","2","D04","R1","10 opinions agree upon the species present","Giraffes","1","3"
"http://www.snapshotserengeti.org/subjects/standard/50c2146a8a607540b903a25d_1.jpg","ASG00053rx","2","2","G03","R2","10 opinions agree upon the species present","Giraffes","1","2"
"http://www.snapshotserengeti.org/subjects/standard/50c218fd8a607540b907081b_0.jpg","ASG0009vkr","1","3","I04","R12","10 opinions agree upon the species present","Giraffes","1","1"
"http://www.snapshotserengeti.org/subjects/standard/50c217d68a607540b9062cb0_1.jpg","ASG0008o8g","2","3","O06","R11","10 opinions agree upon the species present","Giraffes","1","1"
"http://www.snapshotserengeti.org/subjects/standard/51a30053e18f49172b06f52d_2.jpg","ASG000oefr","3","5","E01","R2","10 opinions agree upon the species present","Giraffes","1","1"
"http://www.snapshotserengeti.org/subjects/standard/50dc8fb8a2fc8e378905f619_1.jpg","ASG000cinv","2","4","C13","R2","10 opinions agree upon the species present","Giraffes","1","1"
"http://www.snapshotserengeti.org/subjects/standard/51a2d08ae18f49172b01421b_1.jpg","ASG000n9nk","2","5","B10","R3","10 opinions agree upon the species present","Giraffes","1","1"
"http://www.snapshotserengeti.org/subjects/standard/51a34b9de18f49172b0fef3e_2.jpg","ASG000qin8","3","5","J03","R1","10 opinions agree upon the species present","Giraffes","1","1"
"http://www.snapshotserengeti.org/subjects/standard/51a317fee18f49172b09c94e_1.jpg","ASG000p25s","2","5","F04","R2","10 opinions agree upon the species present","Giraffes","1","1"
"http://www.snapshotserengeti.org/subjects/standard/51a302f6e18f49172b0745b7_1.jpg","ASG000oh84","2","5","E03","R1","10 opinions agree upon the species present","Giraffes","1","1"
"http://www.snapshotserengeti.org/subjects/standard/5331d9231bccd304b604ee51_0.JPG","ASG0013u10","1","7","C09","R3","10 opinions agree upon the species present","Giraffes","1","1"
"http://www.snapshotserengeti.org/subjects/standard/5331ce931bccd304b600ad37_2.JPG","ASG0016u8k","3","7","C03","R1","10 opinions agree upon the species present","Giraffes","1","1"
"http://www.snapshotserengeti.org/subjects/standard/5331d0d61bccd304b60193a3_0.JPG","ASG00167jb","1","7","E05","R2","10 opinions agree upon the species present","Giraffes","1","1"
"http://www.snapshotserengeti.org/subjects/standard/50c2154b8a607540b9044ed4_0.jpg","ASG00061uc","1","2","J03","R2","10 opinions agree upon the species present","Giraffes","1","2"
"http://www.snapshotserengeti.org/subjects/standard/51a3af0de18f49172b1bbed5_2.jpg","ASG000t7jw","3","5","R06","R3","10 opinions agree upon the species present","Giraffes","1","1"
"http://zooniverse-static.s3.amazonaws.com/www.snapshotserengeti.org/subjects/standard/54cfc7cf87ee0404d50037f1_0.JPG","ASG001dwa1","1","8","B08","R3","10 opinions agree upon the species present","Giraffes","1","2"
"http://www.snapshotserengeti.org/subjects/standard/51a356d8e18f49172b114650_1.jpg","ASG000quky","2","5","K08","R1","10 opinions agree upon the species present","Giraffes","1","1"
"http://www.snapshotserengeti.org/subjects/standard/5331de3e1bccd304b6071105_2.JPG","ASG0012cu7","3","7","V10","R3","10 opinions agree upon the species present","Giraffes","1","1"
"http://www.snapshotserengeti.org/subjects/standard/50dc7648a2fc8e3789013ce9_2.jpg","ASG000bedm","3","4","H04","R1","10 opinions agree upon the species present","Giraffes","1","1"
"http://www.snapshotserengeti.org/subjects/standard/51e8bf78e0053a09c3036ce0_1.jpg","ASG000yqx8","2","6","E02","R2","10 opinions agree upon the species present","Giraffes","1","1"
"http://www.snapshotserengeti.org/subjects/standard/5331ce0c1bccd304b6007627_0.JPG","ASG0016zez","1","7","B13","R2","10 opinions agree upon the species present","Giraffes","1","1"
"http://www.snapshotserengeti.org/subjects/standard/50c217358a607540b905a666_2.jpg","ASG0007xpi","3","3","D03","R11","10 opinions agree upon the species present","Giraffes","1","1"
"http://www.snapshotserengeti.org/subjects/standard/50c216d28a607540b905602d_2.jpg","ASG0007ju5","3","2","L08","R3","10 opinions agree upon the species present","Giraffes","1","1"
"http://www.snapshotserengeti.org/subjects/standard/51a2d90de18f49172b0244cd_2.jpg","ASG000mssk","3","5","C03","R2","10 opinions agree upon the species present","Giraffes","1","1"
"http://www.snapshotserengeti.org/subjects/standard/51a3c896e18f49172b1ecb99_0.jpg","ASG000tw1e","1","5","U13","R3","10 opinions agree upon the species present","Giraffes","1","1"
"http://www.snapshotserengeti.org/subjects/standard/50c2168b8a607540b90532e3_1.jpg","ASG0007aw3","2","2","K05","R2","10 opinions agree upon the species present","Giraffes","1","3"
"http://www.snapshotserengeti.org/subjects/standard/50c214cb8a607540b903f4f3_2.jpg","ASG0005k37","3","2","H04","R1","10 opinions agree upon the species present","Giraffes","1","1"
"http://www.snapshotserengeti.org/subjects/standard/51a2cdf2e18f49172b00f31d_0.jpg","ASG000n71o","1","5","B08","R3","10 opinions agree upon the species present","Giraffes","1","1"
"http://www.snapshotserengeti.org/subjects/standard/50c215b88a607540b9049ac8_2.jpg","ASG0006gug","3","2","P06","R3","10 opinions agree upon the species present","Giraffes","1","1"
"http://zooniverse-static.s3.amazonaws.com/www.snapshotserengeti.org/subjects/standard/54cfd06887ee0404d5046c49_0.JPG","ASG00192y7","1","8","H02","R3","10 opinions agree upon the species present","Giraffes","1","1"
"http://www.snapshotserengeti.org/subjects/standard/51e90511e0053a09c30b757b_0.jpg","ASG0010mgs","1","6","N06","R2","10 opinions agree upon the species present","Giraffes","1","1"
"http://www.snapshotserengeti.org/subjects/standard/50dcac21a2fc8e37890bf490_2.jpg","ASG000dv5r","3","4","M07","R1","10 opinions agree upon the species present","Giraffes","1","1"
"http://www.snapshotserengeti.org/subjects/standard/51a2ffbfe18f49172b06e395_2.jpg","ASG000odvn","3","5","D13","R3","10 opinions agree upon the species present","Giraffes","1","1"
"http://www.snapshotserengeti.org/subjects/standard/51e8b301e0053a09c301fdb6_0.jpg","ASG000yfk7","1","6","C13","R1","10 opinions agree upon the species present","Giraffes","1","2"
"http://www.snapshotserengeti.org/subjects/standard/50c216348a607540b904f539_1.jpg","ASG0006ypl","2","2","N06","R3","10 opinions agree upon the species present","Giraffes","1","1"
"http://www.snapshotserengeti.org/subjects/standard/50c213a28a607540b9030062_1.jpg","ASG00047s2","2","2","D10","R3","10 opinions agree upon the species present","Giraffes","1","1"
"http://www.snapshotserengeti.org/subjects/standard/51e9237ae0053a09c30ecf50_1.jpg","ASG0011d0x","2","6","S07","R2","10 opinions agree upon the species present","Giraffes","1","1"
"http://www.snapshotserengeti.org/subjects/standard/51a32fbbe18f49172b0c9f5e_2.jpg","ASG000pr6l","3","5","H05","R4","10 opinions agree upon the species present","Giraffes","1","1"
"http://www.snapshotserengeti.org/subjects/standard/5331dcee1bccd304b60683f9_1.JPG","ASG0012qwj","2","7","O06","R3","10 opinions agree upon the species present","Giraffes","1","1"
"http://www.snapshotserengeti.org/subjects/standard/51e8b482e0053a09c30229ec_1.jpg","ASG000yh0j","2","6","D03","R2","10 opinions agree upon the species present","Giraffes","1","1"
"http://www.snapshotserengeti.org/subjects/standard/50c218f58a607540b90701ae_2.jpg","ASG0009ub2","3","3","H13","R12","10 opinions agree upon the species present","Giraffes","1","1"
"http://www.snapshotserengeti.org/subjects/standard/51a33a95e18f49172b0de6d7_2.jpg","ASG000q1rd","3","5","I02","R2","10 opinions agree upon the species present","Giraffes","1","1"
"http://www.snapshotserengeti.org/subjects/standard/50c2113c8a607540b900f8b2_1.jpg","ASG0001d4i","2","1","I13","R2","10 opinions agree upon the species present","Giraffes","1","1"
"http://www.snapshotserengeti.org/subjects/standard/5331de401bccd304b60711fd_1.JPG","ASG0012coh","2","7","V10","R3","10 opinions agree upon the species present","Giraffes","1","1"
"http://zooniverse-static.s3.amazonaws.com/www.snapshotserengeti.org/subjects/standard/54cfcb9f87ee0404d502103b_0.JPG","ASG001fanz","1","8","E05","R1","10 opinions agree upon the species present","Giraffes","1","1"
"http://www.snapshotserengeti.org/subjects/standard/51a2cf67e18f49172b011f65_0.jpg","ASG000n8k1","1","5","B10","R1","10 opinions agree upon the species present","Giraffes","1","1"
"http://www.snapshotserengeti.org/subjects/standard/50c2172e8a607540b905a01c_0.jpg","ASG0007wgs","1","3","U10","R11","10 opinions agree upon the species present","Giraffes","1","1"
"http://www.snapshotserengeti.org/subjects/standard/50c211818a607540b9013278_2.jpg","ASG0001ojc","3","1","L07","R1","10 opinions agree upon the species present","Giraffes","1","1"
"http://www.snapshotserengeti.org/subjects/standard/51e8b47ce0053a09c3022945_0.jpg","ASG000ygzi","1","6","D03","R2","10 opinions agree upon the species present","Giraffes","1","2"
"http://www.snapshotserengeti.org/subjects/standard/50c215828a607540b904754c_1.jpg","ASG00069fw","2","2","O06","R1","10 opinions agree upon the species present","Giraffes","1","1"
"http://www.snapshotserengeti.org/subjects/standard/5331d4801bccd304b603014b_2.JPG","ASG00156s1","3","7","R06","R3","10 opinions agree upon the species present","Giraffes","1","2"
"http://zooniverse-static.s3.amazonaws.com/www.snapshotserengeti.org/subjects/standard/54cfd2d587ee0404d505a0bd_0.JPG","ASG001973x","1","8","I11","R2","10 opinions agree upon the species present","Giraffes","1","1"
"http://www.snapshotserengeti.org/subjects/standard/50c216458a607540b905007e_0.jpg","ASG00070xq","1","2","T10","R2","10 opinions agree upon the species present","Giraffes","1","1"
"http://www.snapshotserengeti.org/subjects/standard/50c218f78a607540b907037e_1.jpg","ASG0009uny","2","3","I02","R12","10 opinions agree upon the species present","Giraffes","1","1"
"http://www.snapshotserengeti.org/subjects/standard/51a31ed1e18f49172b0a9a8f_2.jpg","ASG000p9ng","3","5","G03","R3","10 opinions agree upon the species present","Giraffes","1","1"
"http://www.snapshotserengeti.org/subjects/standard/5331d0cd1bccd304b6019017_1.JPG","ASG00167ue","2","7","E04","R3","10 opinions agree upon the species present","Giraffes","1","4"
"http://www.snapshotserengeti.org/subjects/standard/51a31347e18f49172b09392a_1.jpg","ASG000ox9y","2","5","E13","R3","10 opinions agree upon the species present","Giraffes","1","1"
"http://www.snapshotserengeti.org/subjects/standard/5331db1b1bccd304b605c097_0.JPG","ASG00139qy","1","7","G03","R3","10 opinions agree upon the species present","Giraffes","1","1"
"http://www.snapshotserengeti.org/subjects/standard/50c2187e8a607540b906ac04_2.jpg","ASG0009ddw","3","3","G01","R11","10 opinions agree upon the species present","Giraffes","1","1"
"http://www.snapshotserengeti.org/subjects/standard/51a2e32ce18f49172b0379f5_1.jpg","ASG000nl4i","2","5","C10","R3","10 opinions agree upon the species present","Giraffes","1","1"
"http://www.snapshotserengeti.org/subjects/standard/51e8a884e0053a09c300c7c0_0.jpg","ASG000y5nf","1","6","B13","R1","10 opinions agree upon the species present","Giraffes","1","1"
"http://www.snapshotserengeti.org/subjects/standard/5331df2b1bccd304b6077557_1.JPG","ASG00122yh","2","7","E09","R2","10 opinions agree upon the species present","Giraffes","1","2"
"http://www.snapshotserengeti.org/subjects/standard/51a37954e18f49172b155d66_0.jpg","ASG000rs8d","1","5","N04","R2","10 opinions agree upon the species present","Giraffes","1","1"
"http://www.snapshotserengeti.org/subjects/standard/5331d6c81bccd304b603f275_2.JPG","ASG0014ixo","3","7","H11","R1","10 opinions agree upon the species present","Giraffes","1","1"
"http://www.snapshotserengeti.org/subjects/standard/51e8e1d4e0053a09c3076215_1.jpg","ASG000zntz","2","6","I04","R2","10 opinions agree upon the species present","Giraffes","1","1"
"http://www.snapshotserengeti.org/subjects/standard/50c217f38a607540b9064555_1.jpg","ASG0008t3p","2","3","S07","R11","10 opinions agree upon the species present","Giraffes","1","1"
"http://www.snapshotserengeti.org/subjects/standard/51e8fa23e0053a09c30a3188_0.jpg","ASG0010bj9","1","6","M02","R1","10 opinions agree upon the species present","Giraffes","1","1"
"http://www.snapshotserengeti.org/subjects/standard/51a36a41e18f49172b13917c_2.jpg","ASG000rdrg","3","5","M06","R2","10 opinions agree upon the species present","Giraffes","1","1"
"http://www.snapshotserengeti.org/subjects/standard/51a31da5e18f49172b0a768a_0.jpg","ASG000p8dq","1","5","G02","R2","10 opinions agree upon the species present","Giraffes","1","1"
"http://www.snapshotserengeti.org/subjects/standard/5331dfd11bccd304b607bb71_1.JPG","ASG0017bts","2","7","E13","R2","10 opinions agree upon the species present","Giraffes","1","1"
"http://www.snapshotserengeti.org/subjects/standard/50c217b18a607540b9060e03_0.jpg","ASG0008i6b","1","3","L07","R11","10 opinions agree upon the species present","Giraffes","1","1"
"http://www.snapshotserengeti.org/subjects/standard/50c214dd8a607540b90401f0_1.jpg","ASG0005mnk","2","2","H08","R1","10 opinions agree upon the species present","Giraffes","1","1"
"http://www.snapshotserengeti.org/subjects/standard/50c211418a607540b900fd01_1.jpg","ASG0001dz5","2","1","J05","R4","10 opinions agree upon the species present","Giraffes","1","2"
"http://www.snapshotserengeti.org/subjects/standard/50c216a68a607540b9054441_1.jpg","ASG0007ebl","2","2","K11","R2","10 opinions agree upon the species present","Giraffes","1","1"
"http://www.snapshotserengeti.org/subjects/standard/50c215618a607540b9045f15_1.jpg","ASG000651x","2","2","J06","R1","10 opinions agree upon the species present","Giraffes","1","1"
"http://www.snapshotserengeti.org/subjects/standard/51a3c542e18f49172b1e65ee_2.jpg","ASG000tsr0","3","5","U10","R3","10 opinions agree upon the species present","Giraffes","1","1"
"http://www.snapshotserengeti.org/subjects/standard/50c2150a8a607540b90421af_2.jpg","ASG0005sxb","3","2","I05","R3","10 opinions agree upon the species present","Giraffes","1","1"
"http://zooniverse-static.s3.amazonaws.com/www.snapshotserengeti.org/subjects/standard/54cfdd0b87ee0404d50aa8d5_0.JPG","ASG001a4b8","1","8","T08","R2","10 opinions agree upon the species present","Giraffes","1","1"
"http://www.snapshotserengeti.org/subjects/standard/50c213398a607540b902ae1e_0.jpg","ASG0003rj2","1","2","C08","R3","10 opinions agree upon the species present","Giraffes","1","2"
"http://www.snapshotserengeti.org/subjects/standard/5331d8f91bccd304b604dd2f_0.JPG","ASG0013voq","1","7","C08","R2","10 opinions agree upon the species present","Giraffes","1","1"
"http://www.snapshotserengeti.org/subjects/standard/5331d9031bccd304b604e157_0.JPG","ASG0013vbz","1","7","C08","R3","10 opinions agree upon the species present","Giraffes","1","1"
"http://zooniverse-static.s3.amazonaws.com/www.snapshotserengeti.org/subjects/standard/54cfc9d587ee0404d501379d_0.JPG","ASG0018lwo","1","8","D04","R2","10 opinions agree upon the species present","Giraffes","1","1"
"http://www.snapshotserengeti.org/subjects/standard/51a3b6e8e18f49172b1cae5a_1.jpg","ASG000tf30","2","5","T09","R4","10 opinions agree upon the species present","Giraffes","1","1"
"http://www.snapshotserengeti.org/subjects/standard/50c214fc8a607540b904171b_1.jpg","ASG0005qu3","2","2","H12","R2","10 opinions agree upon the species present","Giraffes","1","1"
"http://www.snapshotserengeti.org/subjects/standard/5331e1e81bccd304b6088a61_0.JPG","ASG0017wbh","1","7","I06","R3","10 opinions agree upon the species present","Giraffes","1","1"
"http://www.snapshotserengeti.org/subjects/standard/51e8c0d1e0053a09c30394bf_0.jpg","ASG000ysa5","1","6","E04","R2","10 opinions agree upon the species present","Giraffes","1","2"
