"url","Subject ID","Frame","Season","Site","Roll","Decision Type","Crowd Determination","Total Species Present","Total Animals Present"
"http://zooniverse-static.s3.amazonaws.com/www.snapshotserengeti.org/subjects/standard/54cfc88c87ee0404d5009615_0.JPG","ASG001elir","1","8","C03","R2","10 opinions agree upon the species present","giraffe","1","1"
"http://www.snapshotserengeti.org/subjects/standard/5331d0d81bccd304b60193d9_2.JPG","ASG00167gi","3","7","E05","R2","10 opinions agree upon the species present","giraffe","1","1"
"http://www.snapshotserengeti.org/subjects/standard/50c210f88a607540b900bf73_2.jpg","ASG00011tf","3","1","H02","R2","10 opinions agree upon the species present","giraffe","1","1"
"http://www.snapshotserengeti.org/subjects/standard/51e8a896e0053a09c300c9cf_0.jpg","ASG000y5q0","1","6","B13","R2","10 opinions agree upon the species present","giraffe","1","1"
"http://www.snapshotserengeti.org/subjects/standard/51a2df2de18f49172b02ffae_2.jpg","ASG000ngsu","3","5","C08","R2","10 opinions agree upon the species present","giraffe","1","1"
"http://www.snapshotserengeti.org/subjects/standard/5331d0dc1bccd304b6019583_2.JPG","ASG00167c1","3","7","E05","R3","10 opinions agree upon the species present","giraffe","1","1"
"http://www.snapshotserengeti.org/subjects/standard/50c211708a607540b9012451_1.jpg","ASG0001lqp","2","1","L04","R1","10 opinions agree upon the species present","giraffe","1","1"
"http://www.snapshotserengeti.org/subjects/standard/50dcb445a2fc8e37890db2d0_2.jpg","ASG000e9l1","3","4","C02","R2","10 opinions agree upon the species present","giraffe","1","1"
"http://www.snapshotserengeti.org/subjects/standard/5331dc2a1bccd304b60632b3_0.JPG","ASG0012ytu","1","7","N04","R1","10 opinions agree upon the species present","giraffe","1","1"
"http://www.snapshotserengeti.org/subjects/standard/51a32ac2e18f49172b0c0734_0.jpg","ASG000pm91","1","5","H02","R2","10 opinions agree upon the species present","giraffe","1","1"
"http://www.snapshotserengeti.org/subjects/standard/51a2c882e18f49172b004e7b_1.jpg","ASG000n1s6","2","5","B06","R1","10 opinions agree upon the species present","giraffe","1","1"
"http://www.snapshotserengeti.org/subjects/standard/51a318ffe18f49172b09e82c_0.jpg","ASG000p335","1","5","F04","R3","10 opinions agree upon the species present","giraffe","1","1"
"http://www.snapshotserengeti.org/subjects/standard/50dc7646a2fc8e37890139bd_0.jpg","ASG000be9m","1","4","H04","R1","10 opinions agree upon the species present","giraffe","1","1"
"http://www.snapshotserengeti.org/subjects/standard/50c219758a607540b90761d8_1.jpg","ASG000adaw","2","3","K08","R12","10 opinions agree upon the species present","giraffe","1","1"
"http://www.snapshotserengeti.org/subjects/standard/51a3176ae18f49172b09b784_0.jpg","ASG000p1ig","1","5","F04","R2","10 opinions agree upon the species present","giraffe","1","2"
"http://www.snapshotserengeti.org/subjects/standard/50dcb0a8a2fc8e37890c7083_0.jpg","ASG000dz4u","1","4","J01","R1","10 opinions agree upon the species present","giraffe","1","1"
"http://www.snapshotserengeti.org/subjects/standard/50c217bc8a607540b906179d_0.jpg","ASG0008k2l","1","3","M03","R11","10 opinions agree upon the species present","giraffe","1","1"
"http://www.snapshotserengeti.org/subjects/standard/51a317fee18f49172b09c953_0.jpg","ASG000p25t","1","5","F04","R2","10 opinions agree upon the species present","giraffe","1","1"
"http://www.snapshotserengeti.org/subjects/standard/51e8a1c4e0053a09c3000078_2.jpg","ASG000xz62","3","6","B03","R2","10 opinions agree upon the species present","giraffe","1","1"
"http://www.snapshotserengeti.org/subjects/standard/51e8d12ae0053a09c30575bd_0.jpg","ASG000z8a0","1","6","G04","R1","10 opinions agree upon the species present","giraffe","1","1"
"http://www.snapshotserengeti.org/subjects/standard/51a3250ce18f49172b0b5842_0.jpg","ASG000pfod","1","5","G12","R3","10 opinions agree upon the species present","giraffe","1","1"
"http://www.snapshotserengeti.org/subjects/standard/50c216788a607540b905238f_1.jpg","ASG00077v3","2","2","K03","R2","10 opinions agree upon the species present","giraffe","1","1"
"http://www.snapshotserengeti.org/subjects/standard/51a32bc7e18f49172b0c267c_0.jpg","ASG000pnbu","1","5","H03","R1","10 opinions agree upon the species present","giraffe","1","1"
"http://www.snapshotserengeti.org/subjects/standard/50dc9f77a2fc8e37890a7036_1.jpg","ASG000dj30","2","4","E03","R2","10 opinions agree upon the species present","giraffe","1","1"
"http://www.snapshotserengeti.org/subjects/standard/50c217bb8a607540b90616a4_1.jpg","ASG0008jvo","2","3","M03","R11","10 opinions agree upon the species present","giraffe","1","1"
"http://www.snapshotserengeti.org/subjects/standard/50c217428a607540b905b209_1.jpg","ASG0008009","2","3","F06","R11","10 opinions agree upon the species present","giraffe","1","1"
"http://www.snapshotserengeti.org/subjects/standard/50dc80eea2fc8e378902adaa_0.jpg","ASG000bqe6","1","4","B10","R2","10 opinions agree upon the species present","giraffe","1","1"
"http://www.snapshotserengeti.org/subjects/standard/51a30635e18f49172b07a8f0_2.jpg","ASG000okur","3","5","E05","R4","10 opinions agree upon the species present","giraffe","1","4"
"http://www.snapshotserengeti.org/subjects/standard/51a33ca3e18f49172b0e25e6_0.jpg","ASG000q3r9","1","5","I04","R1","10 opinions agree upon the species present","giraffe","1","1"
"http://www.snapshotserengeti.org/subjects/standard/50c218fd8a607540b9070776_1.jpg","ASG0009vg6","2","3","I04","R12","10 opinions agree upon the species present","giraffe","1","3"
"http://www.snapshotserengeti.org/subjects/standard/50c218fd8a607540b9070776_2.jpg","ASG0009vg6","3","3","I04","R12","10 opinions agree upon the species present","giraffe","1","3"
"http://www.snapshotserengeti.org/subjects/standard/51a2e601e18f49172b03d027_2.jpg","ASG000nns9","3","5","C12","R3","10 opinions agree upon the species present","giraffe","1","1"
"http://www.snapshotserengeti.org/subjects/standard/50dcd399a2fc8e37890f3d14_0.jpg","ASG000elxr","1","4","F03","R1","10 opinions agree upon the species present","giraffe","1","1"
"http://www.snapshotserengeti.org/subjects/standard/51e8e1c1e0053a09c3075fe1_2.jpg","ASG000znrb","3","6","I04","R1","10 opinions agree upon the species present","giraffe","1","2"
"http://zooniverse-static.s3.amazonaws.com/www.snapshotserengeti.org/subjects/standard/54cfcb2887ee0404d501daed_0.JPG","ASG0019106","1","8","E01","R3","10 opinions agree upon the species present","giraffe","1","1"
"http://www.snapshotserengeti.org/subjects/standard/50c2114f8a607540b901087d_2.jpg","ASG0001g8t","3","1","K08","R1","10 opinions agree upon the species present","giraffe","1","2"
"http://zooniverse-static.s3.amazonaws.com/www.snapshotserengeti.org/subjects/standard/54cfd44587ee0404d506588d_0.JPG","ASG001audq","1","8","K08","R2","Most common opinion from 25 opinions","giraffe","1","1"
"http://www.snapshotserengeti.org/subjects/standard/5331d93e1bccd304b604fa53_0.JPG","ASG0013sus","1","7","C11","R1","10 opinions agree upon the species present","giraffe","1","3"
"http://www.snapshotserengeti.org/subjects/standard/50dc7696a2fc8e3789015e37_0.jpg","ASG000bfjo","1","4","K07","R1","10 opinions agree upon the species present","giraffe","1","2"
"http://www.snapshotserengeti.org/subjects/standard/51a2e750e18f49172b03f837_1.jpg","ASG000np2j","2","5","C13","R2","10 opinions agree upon the species present","giraffe","1","2"
"http://www.snapshotserengeti.org/subjects/standard/5331d8a21bccd304b604b765_0.JPG","ASG0013zh4","1","7","C07","R1","10 opinions agree upon the species present","giraffe","1","1"
"http://www.snapshotserengeti.org/subjects/standard/5331d8951bccd304b604b285_1.JPG","ASG0013zwv","2","7","C06","R1","10 opinions agree upon the species present","giraffe","1","1"
"http://www.snapshotserengeti.org/subjects/standard/50c214c28a607540b903ed91_1.jpg","ASG0005imp","2","2","H02","R1","10 opinions agree upon the species present","giraffe","1","1"
"http://www.snapshotserengeti.org/subjects/standard/5331dc2c1bccd304b60633eb_0.JPG","ASG0012yo1","1","7","N05","R1","10 opinions agree upon the species present","giraffe","1","1"
"http://www.snapshotserengeti.org/subjects/standard/51a2eaf1e18f49172b046723_1.jpg","ASG000nslh","2","5","D03","R3","10 opinions agree upon the species present","giraffe","1","1"
"http://www.snapshotserengeti.org/subjects/standard/5331d1571bccd304b601c525_0.JPG","ASG00162l9","1","7","M02","R2","10 opinions agree upon the species present","giraffe","1","2"
"http://www.snapshotserengeti.org/subjects/standard/5331de191bccd304b607029f_0.JPG","ASG0012e91","1","7","U10","R2","10 opinions agree upon the species present","giraffe","1","1"
"http://www.snapshotserengeti.org/subjects/standard/51e92375e0053a09c30ecec3_1.jpg","ASG0011d0a","2","6","S07","R1","10 opinions agree upon the species present","giraffe","1","1"
"http://www.snapshotserengeti.org/subjects/standard/50c213c48a607540b9031ce0_1.jpg","ASG0004deo","2","2","E03","R2","10 opinions agree upon the species present","giraffe","1","1"
"http://www.snapshotserengeti.org/subjects/standard/51e8c036e0053a09c30382bc_1.jpg","ASG000yrpw","2","6","E04","R1","10 opinions agree upon the species present","giraffe","1","3"
"http://www.snapshotserengeti.org/subjects/standard/5331deef1bccd304b6075c1f_0.JPG","ASG00125e8","1","7","H03","R2","10 opinions agree upon the species present","giraffe","1","1"
"http://zooniverse-static.s3.amazonaws.com/www.snapshotserengeti.org/subjects/standard/54cfdd8187ee0404d50ae335_0.JPG","ASG001a99n","1","8","U10","R3","10 opinions agree upon the species present","giraffe","1","2"
"http://www.snapshotserengeti.org/subjects/standard/5331d0d81bccd304b60193cb_2.JPG","ASG00167ep","3","7","E05","R2","10 opinions agree upon the species present","giraffe","1","1"
"http://www.snapshotserengeti.org/subjects/standard/51a32fbce18f49172b0c9f83_2.jpg","ASG000pr6s","3","5","H05","R4","10 opinions agree upon the species present","giraffe","1","1"
"http://www.snapshotserengeti.org/subjects/standard/51a3b217e18f49172b1c1c35_0.jpg","ASG000tahk","1","5","S07","R3","10 opinions agree upon the species present","giraffe","1","1"
"http://www.snapshotserengeti.org/subjects/standard/51a3062fe18f49172b07a834_0.jpg","ASG000oktf","1","5","E05","R3","10 opinions agree upon the species present","giraffe","1","1"
"http://www.snapshotserengeti.org/subjects/standard/50dcac30a2fc8e37890c04ef_2.jpg","ASG000dvqo","3","4","H02","R1","10 opinions agree upon the species present","giraffe","1","1"
"http://www.snapshotserengeti.org/subjects/standard/5331cd921bccd304b60044cb_0.JPG","ASG00174ki","1","7","B08","R1","10 opinions agree upon the species present","giraffe","1","5"
"http://www.snapshotserengeti.org/subjects/standard/5331d0dc1bccd304b6019545_0.JPG","ASG00167a2","1","7","E05","R3","10 opinions agree upon the species present","giraffe","1","1"
"http://www.snapshotserengeti.org/subjects/standard/51a3af53e18f49172b1bc767_0.jpg","ASG000t7tu","1","5","R06","R3","10 opinions agree upon the species present","giraffe","1","1"
"http://www.snapshotserengeti.org/subjects/standard/5331dc331bccd304b6063699_0.JPG","ASG0012ycr","1","7","N06","R2","10 opinions agree upon the species present","giraffe","1","1"
"http://www.snapshotserengeti.org/subjects/standard/50dc84c0a2fc8e3789039706_0.jpg","ASG000bxf9","1","4","F01","R2","10 opinions agree upon the species present","giraffe","1","1"
"http://www.snapshotserengeti.org/subjects/standard/50c2152e8a607540b9043b8b_0.jpg","ASG0005y17","1","2","I11","R1","10 opinions agree upon the species present","giraffe","1","1"
"http://www.snapshotserengeti.org/subjects/standard/51a361f2e18f49172b1293c5_2.jpg","ASG000r5bs","3","5","L06","R1","10 opinions agree upon the species present","giraffe","1","1"
"http://www.snapshotserengeti.org/subjects/standard/50c2173d8a607540b905adc9_1.jpg","ASG0007z61","2","3","E04","R11","10 opinions agree upon the species present","giraffe","1","1"
"http://www.snapshotserengeti.org/subjects/standard/50c217738a607540b905d949_2.jpg","ASG00087rd","3","3","I04","R11","10 opinions agree upon the species present","giraffe","1","1"
"http://www.snapshotserengeti.org/subjects/standard/50c216198a607540b904e194_2.jpg","ASG0006utw","3","2","M04","R1","10 opinions agree upon the species present","giraffe","1","1"
"http://www.snapshotserengeti.org/subjects/standard/51a34e94e18f49172b104a16_0.jpg","ASG000qlig","1","5","J06","R1","10 opinions agree upon the species present","giraffe","1","1"
"http://www.snapshotserengeti.org/subjects/standard/50c211ce8a607540b901734d_2.jpg","ASG00021cd","3","1","O06","R1","10 opinions agree upon the species present","giraffe","1","1"
"http://zooniverse-static.s3.amazonaws.com/www.snapshotserengeti.org/subjects/standard/54cfcb7887ee0404d501ff5d_0.JPG","ASG001f9g8","1","8","E04","R2","10 opinions agree upon the species present","giraffe","1","1"
"http://www.snapshotserengeti.org/subjects/standard/51a36da8e18f49172b13f966_0.jpg","ASG000rhdo","1","5","M09","R3","Most common opinion from 25 opinions","giraffe","1","1"
"http://www.snapshotserengeti.org/subjects/standard/5331d6c81bccd304b603f249_1.JPG","ASG0014ix2","2","7","H11","R1","10 opinions agree upon the species present","giraffe","1","1"
"http://www.snapshotserengeti.org/subjects/standard/51e8eef9e0053a09c308e718_2.jpg","ASG00100t2","3","6","K04","R2","10 opinions agree upon the species present","giraffe","1","1"
"http://www.snapshotserengeti.org/subjects/standard/51a302d2e18f49172b074163_1.jpg","ASG000oh2c","2","5","E03","R1","10 opinions agree upon the species present","giraffe","1","2"
"http://www.snapshotserengeti.org/subjects/standard/50c217f38a607540b906454f_2.jpg","ASG0008t3j","3","3","S07","R11","10 opinions agree upon the species present","giraffe","1","1"
"http://www.snapshotserengeti.org/subjects/standard/5331de171bccd304b60701bb_0.JPG","ASG0012ece","1","7","U10","R1","10 opinions agree upon the species present","giraffe","1","1"
"http://www.snapshotserengeti.org/subjects/standard/51a36a41e18f49172b139191_2.jpg","ASG000rdrj","3","5","M06","R2","10 opinions agree upon the species present","giraffe","1","1"
"http://www.snapshotserengeti.org/subjects/standard/51a36a41e18f49172b139183_2.jpg","ASG000rdrh","3","5","M06","R2","10 opinions agree upon the species present","giraffe","1","1"
"http://zooniverse-static.s3.amazonaws.com/www.snapshotserengeti.org/subjects/standard/56a6aa0041479b0042074393_0.JPG","ASG001kyrv","1","9","B13","3","","giraffe","1","1"
"http://www.snapshotserengeti.org/subjects/standard/51a33907e18f49172b0db754_0.jpg","ASG000q02k","1","5","H11","R3","10 opinions agree upon the species present","giraffe","1","1"
"http://www.snapshotserengeti.org/subjects/standard/51a35701e18f49172b114b25_0.jpg","ASG000qurc","1","5","K08","R3","10 opinions agree upon the species present","giraffe","1","1"
"http://www.snapshotserengeti.org/subjects/standard/50c216288a607540b904eb5a_1.jpg","ASG0006wre","2","2","N05","R2","10 opinions agree upon the species present","giraffe","1","1"
"http://www.snapshotserengeti.org/subjects/standard/51e8bf6be0053a09c3036b4b_0.jpg","ASG000yqvf","1","6","E02","R2","10 opinions agree upon the species present","giraffe","1","1"
"http://www.snapshotserengeti.org/subjects/standard/50dcd6f9a2fc8e378910687d_1.jpg","ASG000evij","2","4","T08","R2","10 opinions agree upon the species present","giraffe","1","3"
"http://www.snapshotserengeti.org/subjects/standard/50dc843aa2fc8e37890356e1_2.jpg","ASG000bvaf","3","4","I04","R1","10 opinions agree upon the species present","giraffe","1","1"
"http://www.snapshotserengeti.org/subjects/standard/51a37a74e18f49172b157f42_2.jpg","ASG000rtbb","3","5","N08","R3","10 opinions agree upon the species present","giraffe","1","1"
"http://www.snapshotserengeti.org/subjects/standard/5331de081bccd304b606fab5_0.JPG","ASG0012f0t","1","7","U09","R2","10 opinions agree upon the species present","giraffe","1","1"
"http://www.snapshotserengeti.org/subjects/standard/5331db301bccd304b605ca15_1.JPG","ASG001395v","2","7","J05","R3","10 opinions agree upon the species present","giraffe","1","1"
"http://www.snapshotserengeti.org/subjects/standard/51a3b81ae18f49172b1cd320_1.jpg","ASG000tgah","2","5","T10","R4","10 opinions agree upon the species present","giraffe","1","1"
"http://www.snapshotserengeti.org/subjects/standard/50c210488a607540b9002e7c_1.jpg","ASG000096k","2","1","K04","R1","10 opinions agree upon the species present","giraffe","1","1"
"http://www.snapshotserengeti.org/subjects/standard/51a304a3e18f49172b0778b2_0.jpg","ASG000oiz5","1","5","E04","R2","10 opinions agree upon the species present","giraffe","1","1"
"http://www.snapshotserengeti.org/subjects/standard/50dc70dda2fc8e37890095e0_1.jpg","ASG000b8mc","2","4","B04","R1","10 opinions agree upon the species present","giraffe","1","1"
"http://www.snapshotserengeti.org/subjects/standard/50dc8547a2fc8e378903cb23_1.jpg","ASG000bz3e","2","4","E02","R2","10 opinions agree upon the species present","giraffe","1","1"
"http://www.snapshotserengeti.org/subjects/standard/50dc8c38a2fc8e3789051652_2.jpg","ASG000c997","3","4","I13","R1","10 opinions agree upon the species present","giraffe","1","1"
"http://www.snapshotserengeti.org/subjects/standard/5331d98d1bccd304b6051b5b_0.JPG","ASG0013pow","1","7","C13","R3","10 opinions agree upon the species present","giraffe","1","2"
"http://www.snapshotserengeti.org/subjects/standard/51e8b34fe0053a09c30206b2_0.jpg","ASG000yfuo","1","6","C13","R2","10 opinions agree upon the species present","giraffe","1","1"
"http://www.snapshotserengeti.org/subjects/standard/51e93204e0053a09c3107e36_0.jpg","ASG0011r9y","1","6","U10","R2","10 opinions agree upon the species present","giraffe","1","1"
"http://www.snapshotserengeti.org/subjects/standard/51e9212fe0053a09c30e8b5c_2.jpg","ASG0011awz","3","6","R06","R1","10 opinions agree upon the species present","giraffe","1","1"
"http://www.snapshotserengeti.org/subjects/standard/50c217ce8a607540b90627e1_0.jpg","ASG0008na9","1","3","O05","R11","10 opinions agree upon the species present","giraffe","1","1"
"http://www.snapshotserengeti.org/subjects/standard/51a324fbe18f49172b0b563d_2.jpg","ASG000pflm","3","5","G12","R2","10 opinions agree upon the species present","giraffe","1","1"
