"url","Subject ID","Frame","Season","Site","Roll","Decision Type","Crowd Determination","Total Species Present","Total Animals Present"
"http://www.snapshotserengeti.org/subjects/standard/51e9163fe0053a09c30d6537_1.jpg","ASG00111zj","2","6","P10","R2","10 opinions agree upon the species present","Guinea Fowls","1","1"
"http://www.snapshotserengeti.org/subjects/standard/51e91641e0053a09c30d6570_0.jpg","ASG00111zs","1","6","P10","R2","10 opinions agree upon the species present","Guinea Fowls","1","1"
"http://www.snapshotserengeti.org/subjects/standard/51a37a5be18f49172b157c4b_1.jpg","ASG000rt7i","2","5","N08","R2","10 opinions agree upon the species present","Guinea Fowls","1","1"
"http://www.snapshotserengeti.org/subjects/standard/50c2149e8a607540b903ce41_0.jpg","ASG0005cg1","1","2","G10","R1","10 opinions agree upon the species present","Guinea Fowls","1","3"
"http://www.snapshotserengeti.org/subjects/standard/50c2149e8a607540b903ce53_2.jpg","ASG0005cgj","3","2","G10","R1","10 opinions agree upon the species present","Guinea Fowls","1","3"
"http://www.snapshotserengeti.org/subjects/standard/50c213b98a607540b9031416_1.jpg","ASG0004bo6","2","2","E02","R3","10 opinions agree upon the species present","Guinea Fowls","1","1"
"http://zooniverse-static.s3.amazonaws.com/www.snapshotserengeti.org/subjects/standard/54cfd65c87ee0404d50761ff_0.JPG","ASG001eboi","1","8","L11","R2","10 opinions agree upon the species present","Guinea Fowls","1","3"
"http://www.snapshotserengeti.org/subjects/standard/50c2135e8a607540b902cd25_1.jpg","ASG0003xnp","2","2","H07","R2","10 opinions agree upon the species present","Guinea Fowls","1","2"
"http://www.snapshotserengeti.org/subjects/standard/50dcb0d2a2fc8e37890c88ac_2.jpg","ASG000dzz7","3","4","L07","R1","10 opinions agree upon the species present","Guinea Fowls","1","3"
"http://www.snapshotserengeti.org/subjects/standard/50c2101b8a607540b9000417_0.jpg","ASG00000t3","1","1","D04","R4","10 opinions agree upon the species present","Guinea Fowls","1","1"
"http://www.snapshotserengeti.org/subjects/standard/50c2149f8a607540b903cee3_1.jpg","ASG0005ckj","2","2","G10","R2","10 opinions agree upon the species present","Guinea Fowls","1","3"
"http://www.snapshotserengeti.org/subjects/standard/50c2149f8a607540b903ceec_1.jpg","ASG0005cks","2","2","G10","R2","10 opinions agree upon the species present","Guinea Fowls","1","1"
"http://www.snapshotserengeti.org/subjects/standard/50c2156a8a607540b904659f_2.jpg","ASG00066cf","3","2","J08","R2","10 opinions agree upon the species present","Guinea Fowls","1","1"
"http://www.snapshotserengeti.org/subjects/standard/5331dfce1bccd304b607ba0f_1.JPG","ASG0017bq1","2","7","E13","R1","10 opinions agree upon the species present","Guinea Fowls","1","2"
"http://www.snapshotserengeti.org/subjects/standard/50c211018a607540b900c6c3_1.jpg","ASG000139f","2","1","H08","R1","10 opinions agree upon the species present","Guinea Fowls","1","4"
"http://www.snapshotserengeti.org/subjects/standard/50dcd2b4a2fc8e37890ed8a0_2.jpg","ASG000eil2","3","4","L10","R2","10 opinions agree upon the species present","Guinea Fowls","1","3"
"http://www.snapshotserengeti.org/subjects/standard/50c2135c8a607540b902cb88_2.jpg","ASG0003xc8","3","2","H07","R1","10 opinions agree upon the species present","Guinea Fowls","1","1"
"http://www.snapshotserengeti.org/subjects/standard/50c2167f8a607540b9052876_1.jpg","ASG00078ty","2","2","K03","R1","10 opinions agree upon the species present","Guinea Fowls","1","2"
"http://www.snapshotserengeti.org/subjects/standard/50c218de8a607540b906f21c_1.jpg","ASG0009r8c","2","3","H07","R12","10 opinions agree upon the species present","Guinea Fowls","1","3"
"http://www.snapshotserengeti.org/subjects/standard/50c211a58a607540b901514a_0.jpg","ASG0001umi","1","1","L13","R1","10 opinions agree upon the species present","Guinea Fowls","1","2"
"http://www.snapshotserengeti.org/subjects/standard/50c213518a607540b902c318_1.jpg","ASG0003vo8","2","2","H07","R3","10 opinions agree upon the species present","Guinea Fowls","1","2"
"http://www.snapshotserengeti.org/subjects/standard/51a2e25ae18f49172b0360c7_1.jpg","ASG000nkb8","2","5","C10","R1","10 opinions agree upon the species present","Guinea Fowls","1","4"
"http://www.snapshotserengeti.org/subjects/standard/50c219b48a607540b9079131_2.jpg","ASG000amnl","3","3","N08","R12","10 opinions agree upon the species present","Guinea Fowls","1","3"
"http://zooniverse-static.s3.amazonaws.com/www.snapshotserengeti.org/subjects/standard/5582df11c4af4e0042006419_0.JPG","ASG001g9ww","1","0","L11","R1","10 opinions agree upon the species present","Guinea Fowls","1","1"
"http://www.snapshotserengeti.org/subjects/standard/51e8f847e0053a09c309faa1_0.jpg","ASG00109ur","1","6","L10","R1","10 opinions agree upon the species present","Guinea Fowls","1","1"
"http://www.snapshotserengeti.org/subjects/standard/50c218a88a607540b906cbe5_2.jpg","ASG0009jol","3","3","G02","R11","10 opinions agree upon the species present","Guinea Fowls","1","5"
"http://www.snapshotserengeti.org/subjects/standard/5331dc561bccd304b60645c9_1.JPG","ASG0012wyh","2","7","N09","R1","10 opinions agree upon the species present","Guinea Fowls","1","1"
"http://www.snapshotserengeti.org/subjects/standard/5331dc551bccd304b6064557_1.JPG","ASG0012wyf","2","7","N09","R1","10 opinions agree upon the species present","Guinea Fowls","1","1"
"http://www.snapshotserengeti.org/subjects/standard/5331d7fb1bccd304b60470db_1.JPG","ASG00146f9","2","7","O11","R1","10 opinions agree upon the species present","Guinea Fowls","1","2"
"http://www.snapshotserengeti.org/subjects/standard/50c213438a607540b902b66d_0.jpg","ASG0003t65","1","2","C10","R1","10 opinions agree upon the species present","Guinea Fowls","1","5"
"http://www.snapshotserengeti.org/subjects/standard/51a332c3e18f49172b0cfc22_0.jpg","ASG000pu71","1","5","H07","R1","10 opinions agree upon the species present","Guinea Fowls","1","3"
"http://www.snapshotserengeti.org/subjects/standard/50c2179a8a607540b905fa74_2.jpg","ASG0008eb8","3","3","J10","R11","10 opinions agree upon the species present","Guinea Fowls","1","2"
"http://www.snapshotserengeti.org/subjects/standard/50c2169a8a607540b9053c30_1.jpg","ASG0007cq8","2","2","K07","R1","10 opinions agree upon the species present","Guinea Fowls","1","2"
"http://www.snapshotserengeti.org/subjects/standard/51a3328ae18f49172b0cf52d_1.jpg","ASG000ptz8","2","5","H07","R1","10 opinions agree upon the species present","Guinea Fowls","1","2"
"http://www.snapshotserengeti.org/subjects/standard/5331dc561bccd304b6064593_2.JPG","ASG0012x1t","3","7","N09","R1","10 opinions agree upon the species present","Guinea Fowls","1","2"
"http://www.snapshotserengeti.org/subjects/standard/50dc9447a2fc8e37890749c6_2.jpg","ASG000ct1n","3","4","L05","R2","10 opinions agree upon the species present","Guinea Fowls","1","2"
"http://www.snapshotserengeti.org/subjects/standard/51a32ab0e18f49172b0c0503_0.jpg","ASG000pm6f","1","5","H02","R2","10 opinions agree upon the species present","Guinea Fowls","1","4"
"http://www.snapshotserengeti.org/subjects/standard/50c2135a8a607540b902c9ad_0.jpg","ASG0003wz1","1","2","H07","R1","10 opinions agree upon the species present","Guinea Fowls","1","1"
"http://www.snapshotserengeti.org/subjects/standard/51e9052ee0053a09c30b78c8_2.jpg","ASG0010mke","3","6","N09","R1","10 opinions agree upon the species present","Guinea Fowls","1","2"
"http://www.snapshotserengeti.org/subjects/standard/50c219338a607540b90730a1_0.jpg","ASG000a3kx","1","3","I13","R12","10 opinions agree upon the species present","Guinea Fowls","1","1"
"http://www.snapshotserengeti.org/subjects/standard/50c219b48a607540b907916f_2.jpg","ASG000ampb","3","3","N08","R12","10 opinions agree upon the species present","Guinea Fowls","1","1"
"http://www.snapshotserengeti.org/subjects/standard/50c211a48a607540b901512a_2.jpg","ASG0001ulm","3","1","L13","R1","10 opinions agree upon the species present","Guinea Fowls","1","2"
"http://www.snapshotserengeti.org/subjects/standard/5331d7f91bccd304b604701b_0.JPG","ASG00146kl","1","7","O11","R1","10 opinions agree upon the species present","Guinea Fowls","1","1"
"http://www.snapshotserengeti.org/subjects/standard/50c211e38a607540b9018569_1.jpg","ASG00024x5","2","1","P07","R1","10 opinions agree upon the species present","Guinea Fowls","1","5"
"http://www.snapshotserengeti.org/subjects/standard/50c211c08a607540b901676d_1.jpg","ASG0001yzx","2","1","N06","R1","10 opinions agree upon the species present","Guinea Fowls","1","5"
"http://www.snapshotserengeti.org/subjects/standard/50dcac37a2fc8e37890c09c8_1.jpg","ASG000dvxk","2","4","H02","R1","10 opinions agree upon the species present","Guinea Fowls","1","1"
"http://www.snapshotserengeti.org/subjects/standard/51e8f83ce0053a09c309f948_1.jpg","ASG00109t6","2","6","L10","R1","10 opinions agree upon the species present","Guinea Fowls","1","1"
"http://www.snapshotserengeti.org/subjects/standard/50c213ba8a607540b90314e9_2.jpg","ASG0004bu1","3","2","E02","R3","10 opinions agree upon the species present","Guinea Fowls","1","3"
"http://www.snapshotserengeti.org/subjects/standard/51a3982fe18f49172b1908d8_2.jpg","ASG000slvg","3","5","P07","R3","10 opinions agree upon the species present","Guinea Fowls","1","2"
"http://zooniverse-static.s3.amazonaws.com/www.snapshotserengeti.org/subjects/standard/54cfd65f87ee0404d50763c7_0.JPG","ASG001ec7j","1","8","L11","R2","Most common opinion from 25 opinions","Guinea Fowls","1","2"
"http://www.snapshotserengeti.org/subjects/standard/50c2153e8a607540b9044575_2.jpg","ASG0005zzp","3","2","I13","R1","10 opinions agree upon the species present","Guinea Fowls","1","1"
"http://www.snapshotserengeti.org/subjects/standard/50dcb5e2a2fc8e37890e32fe_0.jpg","ASG000edhi","1","4","D09","R2","10 opinions agree upon the species present","Guinea Fowls","1","2"
"http://www.snapshotserengeti.org/subjects/standard/50dcb444a2fc8e37890db1bf_1.jpg","ASG000e9jy","2","4","C02","R2","10 opinions agree upon the species present","Guinea Fowls","1","1"
"http://www.snapshotserengeti.org/subjects/standard/50c215408a607540b90446e8_2.jpg","ASG00060a0","3","2","I13","R2","10 opinions agree upon the species present","Guinea Fowls","1","1"
"http://www.snapshotserengeti.org/subjects/standard/50c212788a607540b902074e_0.jpg","ASG0002uku","1","1","D04","R6","10 opinions agree upon the species present","Guinea Fowls","1","4"
"http://www.snapshotserengeti.org/subjects/standard/51a36472e18f49172b12dff6_0.jpg","ASG000r81t","1","5","L10","R3","10 opinions agree upon the species present","Guinea Fowls","1","2"
"http://zooniverse-static.s3.amazonaws.com/www.snapshotserengeti.org/subjects/standard/56a6847a41479b004204c7e5_0.JPG","ASG001huzz","1","9","P06","3","","Guinea Fowls","1","1"
"http://www.snapshotserengeti.org/subjects/standard/5331e3a51bccd304b6094591_0.JPG","ASG0018esi","1","7","N08","R3","10 opinions agree upon the species present","Guinea Fowls","1","1"
"http://www.snapshotserengeti.org/subjects/standard/50c213518a607540b902c386_0.jpg","ASG0003vra","1","2","H07","R3","10 opinions agree upon the species present","Guinea Fowls","1","3"
"http://www.snapshotserengeti.org/subjects/standard/50dc843fa2fc8e3789035d2f_0.jpg","ASG000bvil","1","4","I04","R2","10 opinions agree upon the species present","Guinea Fowls","1","1"
"http://www.snapshotserengeti.org/subjects/standard/50c217b98a607540b90614e3_2.jpg","ASG0008jj7","3","3","L11","R11","10 opinions agree upon the species present","Guinea Fowls","1","5"
"http://www.snapshotserengeti.org/subjects/standard/50c213608a607540b902cf05_1.jpg","ASG0003y11","2","2","H07","R2","10 opinions agree upon the species present","Guinea Fowls","1","4"
"http://www.snapshotserengeti.org/subjects/standard/50c213608a607540b902cf13_0.jpg","ASG0003y1f","1","2","H07","R2","10 opinions agree upon the species present","Guinea Fowls","1","1"
"http://www.snapshotserengeti.org/subjects/standard/51e9057be0053a09c30b81a6_2.jpg","ASG0010mu2","3","6","N09","R2","10 opinions agree upon the species present","Guinea Fowls","1","5"
"http://www.snapshotserengeti.org/subjects/standard/50c2178e8a607540b905eea1_2.jpg","ASG0008bz5","3","3","J04","R11","10 opinions agree upon the species present","Guinea Fowls","1","2"
"http://www.snapshotserengeti.org/subjects/standard/50c216a58a607540b905435a_0.jpg","ASG0007e56","1","2","K09","R1","10 opinions agree upon the species present","Guinea Fowls","1","3"
"http://www.snapshotserengeti.org/subjects/standard/50dc929fa2fc8e378906ca40_0.jpg","ASG000cpak","1","4","H07","R2","10 opinions agree upon the species present","Guinea Fowls","1","1"
"http://www.snapshotserengeti.org/subjects/standard/50c217628a607540b905caf3_2.jpg","ASG00084xf","3","3","H07","R11","10 opinions agree upon the species present","Guinea Fowls","1","3"
"http://www.snapshotserengeti.org/subjects/standard/50dcb43ba2fc8e37890daa4b_2.jpg","ASG000e9ao","3","4","C02","R2","10 opinions agree upon the species present","Guinea Fowls","1","2"
"http://www.snapshotserengeti.org/subjects/standard/5331e2c81bccd304b608e7f7_0.JPG","ASG00185j2","1","7","P13","R1","10 opinions agree upon the species present","Guinea Fowls","1","4"
"http://www.snapshotserengeti.org/subjects/standard/50c216d88a607540b9056388_2.jpg","ASG0007ki0","3","2","L09","R1","10 opinions agree upon the species present","Guinea Fowls","1","1"
"http://www.snapshotserengeti.org/subjects/standard/50dcd712a2fc8e37891079f2_0.jpg","ASG000ew6a","1","4","J05","R2","10 opinions agree upon the species present","Guinea Fowls","1","5"
"http://www.snapshotserengeti.org/subjects/standard/51a2e2c9e18f49172b036e07_0.jpg","ASG000nkqg","1","5","C10","R3","10 opinions agree upon the species present","Guinea Fowls","1","1"
"http://www.snapshotserengeti.org/subjects/standard/50c213b48a607540b9030e8c_2.jpg","ASG0004aks","3","2","D13","R3","10 opinions agree upon the species present","Guinea Fowls","1","3"
"http://www.snapshotserengeti.org/subjects/standard/50dc944aa2fc8e3789074b69_2.jpg","ASG000ct3x","3","4","L05","R2","10 opinions agree upon the species present","Guinea Fowls","1","2"
"http://www.snapshotserengeti.org/subjects/standard/51a37ab3e18f49172b15869b_1.jpg","ASG000rtjs","2","5","N09","R2","10 opinions agree upon the species present","Guinea Fowls","1","5"
"http://www.snapshotserengeti.org/subjects/standard/51a3325de18f49172b0cefc1_1.jpg","ASG000pttc","2","5","H07","R1","10 opinions agree upon the species present","Guinea Fowls","1","3"
"http://www.snapshotserengeti.org/subjects/standard/50c213b98a607540b90313bd_2.jpg","ASG0004blp","3","2","E02","R3","10 opinions agree upon the species present","Guinea Fowls","1","1"
"http://www.snapshotserengeti.org/subjects/standard/50c215e98a607540b904bee5_1.jpg","ASG0006nz9","2","2","R09","R1","10 opinions agree upon the species present","Guinea Fowls","1","3"
"http://www.snapshotserengeti.org/subjects/standard/51e925aae0053a09c30f0fd5_2.jpg","ASG0011f1u","3","6","S11","R2","10 opinions agree upon the species present","Guinea Fowls","1","3"
"http://www.snapshotserengeti.org/subjects/standard/51e93749e0053a09c3111a71_0.jpg","ASG0011wjm","1","6","V10","R2","10 opinions agree upon the species present","Guinea Fowls","1","4"
"http://www.snapshotserengeti.org/subjects/standard/51e90594e0053a09c30b84a4_1.jpg","ASG0010mxc","2","6","N09","R2","10 opinions agree upon the species present","Guinea Fowls","1","4"
"http://www.snapshotserengeti.org/subjects/standard/50c218dc8a607540b906f0c7_0.jpg","ASG0009qyv","1","3","H07","R12","Most common opinion from 25 opinions","Guinea Fowls","1","1"
"http://www.snapshotserengeti.org/subjects/standard/51a3630ee18f49172b12b571_1.jpg","ASG000r6jq","2","5","L10","R1","10 opinions agree upon the species present","Guinea Fowls","1","2"
"http://www.snapshotserengeti.org/subjects/standard/50c213598a607540b902c8e0_1.jpg","ASG0003wtc","2","2","H07","R1","10 opinions agree upon the species present","Guinea Fowls","1","1"
"http://www.snapshotserengeti.org/subjects/standard/51a33251e18f49172b0cee53_0.jpg","ASG000ptrv","1","5","H07","R1","10 opinions agree upon the species present","Guinea Fowls","1","3"
"http://zooniverse-static.s3.amazonaws.com/www.snapshotserengeti.org/subjects/standard/54cfd36c87ee0404d505ed15_0.JPG","ASG00198ye","1","8","J08","R2","10 opinions agree upon the species present","Guinea Fowls","1","1"
"http://www.snapshotserengeti.org/subjects/standard/51e8c0ebe0053a09c303979f_2.jpg","ASG000yse7","3","6","E05","R1","10 opinions agree upon the species present","Guinea Fowls","1","2"
"http://www.snapshotserengeti.org/subjects/standard/50dcd713a2fc8e3789107c46_0.jpg","ASG000ew9x","1","4","J05","R1","10 opinions agree upon the species present","Guinea Fowls","1","3"
"http://www.snapshotserengeti.org/subjects/standard/51e8c1a8e0053a09c303ad61_0.jpg","ASG000yt3f","1","6","E09","R1","10 opinions agree upon the species present","Guinea Fowls","1","2"
"http://www.snapshotserengeti.org/subjects/standard/50c216748a607540b9052112_1.jpg","ASG00077de","2","2","J13","R1","10 opinions agree upon the species present","Guinea Fowls","1","1"
"http://www.snapshotserengeti.org/subjects/standard/50c211e38a607540b901851e_0.jpg","ASG00024v2","1","1","P07","R1","10 opinions agree upon the species present","Guinea Fowls","1","1"
"http://www.snapshotserengeti.org/subjects/standard/50c211e38a607540b901853d_2.jpg","ASG00024vx","3","1","P07","R1","10 opinions agree upon the species present","Guinea Fowls","1","1"
"http://www.snapshotserengeti.org/subjects/standard/50c211488a607540b901024a_0.jpg","ASG0001f0q","1","1","J08","R1","10 opinions agree upon the species present","Guinea Fowls","1","1"
"http://www.snapshotserengeti.org/subjects/standard/50c213528a607540b902c4fe_1.jpg","ASG0003w1q","2","2","H07","R3","10 opinions agree upon the species present","Guinea Fowls","1","3"
"http://www.snapshotserengeti.org/subjects/standard/50c215418a607540b90447c7_2.jpg","ASG00060g7","3","2","I13","R2","10 opinions agree upon the species present","Guinea Fowls","1","4"
"http://www.snapshotserengeti.org/subjects/standard/5331dc5f1bccd304b6064893_0.JPG","ASG0012wog","1","7","N09","R1","10 opinions agree upon the species present","Guinea Fowls","1","5"
"http://www.snapshotserengeti.org/subjects/standard/50c210ed8a607540b900b649_0.jpg","ASG0001009","1","1","G10","R1","10 opinions agree upon the species present","Guinea Fowls","1","1"
"http://www.snapshotserengeti.org/subjects/standard/51e8c0efe0053a09c3039832_1.jpg","ASG000ysf4","2","6","E05","R1","10 opinions agree upon the species present","Guinea Fowls","1","1"
"http://www.snapshotserengeti.org/subjects/standard/51a34b87e18f49172b0feca8_2.jpg","ASG000qika","3","5","J03","R1","10 opinions agree upon the species present","Guinea Fowls","1","1"
