"url","Subject ID","Frame","Season","Site","Roll","Decision Type","Crowd Determination","Total Species Present","Total Animals Present"
"http://www.snapshotserengeti.org/subjects/standard/50dc9225a2fc8e378906b2c4_1.jpg","ASG000conq","2","4","H07","R2","Most common opinion from 25 opinions","guineafowl","1","2"
"http://www.snapshotserengeti.org/subjects/standard/51e90516e0053a09c30b7615_1.jpg","ASG0010mhg","2","6","N08","R1","10 opinions agree upon the species present","guineafowl","1","4"
"http://www.snapshotserengeti.org/subjects/standard/50dcb0d2a2fc8e37890c88ac_2.jpg","ASG000dzz7","3","4","L07","R1","10 opinions agree upon the species present","guineafowl","1","3"
"http://www.snapshotserengeti.org/subjects/standard/50dcd2b1a2fc8e37890ed606_2.jpg","ASG000eihb","3","4","L10","R2","10 opinions agree upon the species present","guineafowl","1","4"
"http://www.snapshotserengeti.org/subjects/standard/50c215878a607540b90478f3_2.jpg","ASG0006a5v","3","2","O08","R1","10 opinions agree upon the species present","guineafowl","1","4"
"http://www.snapshotserengeti.org/subjects/standard/50c213798a607540b902e3d9_0.jpg","ASG0004255","1","2","D04","R2","10 opinions agree upon the species present","guineafowl","1","1"
"http://www.snapshotserengeti.org/subjects/standard/50c2106b8a607540b9004b02_2.jpg","ASG0000ete","3","1","O11","R2","10 opinions agree upon the species present","guineafowl","1","1"
"http://www.snapshotserengeti.org/subjects/standard/50c213598a607540b902c94f_0.jpg","ASG0003wwf","1","2","H07","R1","10 opinions agree upon the species present","guineafowl","1","3"
"http://www.snapshotserengeti.org/subjects/standard/51e8a94ae0053a09c300dea5_2.jpg","ASG000y6fm","3","6","C01","R1","10 opinions agree upon the species present","guineafowl","1","3"
"http://zooniverse-static.s3.amazonaws.com/www.snapshotserengeti.org/subjects/standard/54cfd3a787ee0404d5060a5f_0.JPG","ASG001amzb","1","8","J12","R3","10 opinions agree upon the species present","guineafowl","1","9"
"http://www.snapshotserengeti.org/subjects/standard/50dc9f64a2fc8e37890a650a_1.jpg","ASG000dim0","2","4","D04","R2","10 opinions agree upon the species present","guineafowl","1","1"
"http://www.snapshotserengeti.org/subjects/standard/50c213538a607540b902c551_1.jpg","ASG0003w41","2","2","H07","R3","10 opinions agree upon the species present","guineafowl","1","8"
"http://www.snapshotserengeti.org/subjects/standard/51e916dde0053a09c30d7759_1.jpg","ASG00112jm","2","6","P13","R1","10 opinions agree upon the species present","guineafowl","1","1"
"http://www.snapshotserengeti.org/subjects/standard/5331e1b21bccd304b60874e5_0.JPG","ASG0017u5i","1","7","I05","R2","10 opinions agree upon the species present","guineafowl","1","3"
"http://www.snapshotserengeti.org/subjects/standard/50c2113b8a607540b900f786_2.jpg","ASG0001cw6","3","1","I13","R1","10 opinions agree upon the species present","guineafowl","1","2"
"http://www.snapshotserengeti.org/subjects/standard/5331dc561bccd304b606458d_2.JPG","ASG0012wy0","3","7","N09","R1","10 opinions agree upon the species present","guineafowl","1","3"
"http://www.snapshotserengeti.org/subjects/standard/50c217548a607540b905bf97_0.jpg","ASG00082on","1","3","G10","R11","10 opinions agree upon the species present","guineafowl","1","4"
"http://www.snapshotserengeti.org/subjects/standard/50dc7842a2fc8e3789021fd1_0.jpg","ASG000blnm","1","4","Q05","R1","10 opinions agree upon the species present","guineafowl","1","1"
"http://www.snapshotserengeti.org/subjects/standard/51a347a5e18f49172b0f764a_1.jpg","ASG000qeny","2","5","I13","R3","10 opinions agree upon the species present","guineafowl","1","2"
"http://www.snapshotserengeti.org/subjects/standard/51a34328e18f49172b0eed2d_0.jpg","ASG000qaee","1","5","I08","R3","10 opinions agree upon the species present","guineafowl","1","4"
"http://www.snapshotserengeti.org/subjects/standard/51a3328be18f49172b0cf54f_0.jpg","ASG000ptzd","1","5","H07","R1","10 opinions agree upon the species present","guineafowl","1","6"
"http://www.snapshotserengeti.org/subjects/standard/51a3328fe18f49172b0cf5d2_1.jpg","ASG000ptzx","2","5","H07","R1","10 opinions agree upon the species present","guineafowl","1","3"
"http://www.snapshotserengeti.org/subjects/standard/50c217768a607540b905db4c_1.jpg","ASG000885o","2","3","I06","R11","10 opinions agree upon the species present","guineafowl","1","3"
"http://www.snapshotserengeti.org/subjects/standard/50c2121d8a607540b901b419_2.jpg","ASG0002e55","3","1","J12","R1","10 opinions agree upon the species present","guineafowl","1","1"
"http://www.snapshotserengeti.org/subjects/standard/51a37aabe18f49172b1585a1_0.jpg","ASG000rtin","1","5","N09","R1","10 opinions agree upon the species present","guineafowl","1","1"
"http://www.snapshotserengeti.org/subjects/standard/51a332ade18f49172b0cf956_1.jpg","ASG000pu3t","2","5","H07","R1","10 opinions agree upon the species present","guineafowl","1","3"
"http://www.snapshotserengeti.org/subjects/standard/50c216d38a607540b90560cd_1.jpg","ASG0007jyl","2","2","L08","R1","10 opinions agree upon the species present","guineafowl","1","2"
"http://www.snapshotserengeti.org/subjects/standard/51a3326ce18f49172b0cf184_1.jpg","ASG000ptv9","2","5","H07","R1","10 opinions agree upon the species present","guineafowl","1","3"
"http://www.snapshotserengeti.org/subjects/standard/51a3326ce18f49172b0cf17d_2.jpg","ASG000ptv8","3","5","H07","R1","10 opinions agree upon the species present","guineafowl","1","3"
"http://www.snapshotserengeti.org/subjects/standard/51a3326ee18f49172b0cf1cb_2.jpg","ASG000ptvk","3","5","H07","R1","10 opinions agree upon the species present","guineafowl","1","6"
"http://www.snapshotserengeti.org/subjects/standard/50c215698a607540b904656d_1.jpg","ASG00066b1","2","2","J08","R1","10 opinions agree upon the species present","guineafowl","1","1"
"http://www.snapshotserengeti.org/subjects/standard/50c213518a607540b902c361_1.jpg","ASG0003vq9","2","2","H07","R3","10 opinions agree upon the species present","guineafowl","1","8"
"http://www.snapshotserengeti.org/subjects/standard/50dc9464a2fc8e37890754ea_2.jpg","ASG000cte4","3","4","L05","R2","10 opinions agree upon the species present","guineafowl","1","1"
"http://www.snapshotserengeti.org/subjects/standard/50c2121a8a607540b901b258_1.jpg","ASG0002dso","2","1","J12","R1","10 opinions agree upon the species present","guineafowl","1","3"
"http://www.snapshotserengeti.org/subjects/standard/51a362fce18f49172b12b346_1.jpg","ASG000r6hd","2","5","L10","R1","10 opinions agree upon the species present","guineafowl","1","1"
"http://www.snapshotserengeti.org/subjects/standard/51a362fae18f49172b12b306_1.jpg","ASG000r6h1","2","5","L10","R1","10 opinions agree upon the species present","guineafowl","1","8"
"http://www.snapshotserengeti.org/subjects/standard/50c2163e8a607540b904fbbd_0.jpg","ASG0006zzx","1","2","N09","R3","10 opinions agree upon the species present","guineafowl","1","5"
"http://www.snapshotserengeti.org/subjects/standard/50c2135f8a607540b902ce68_2.jpg","ASG0003xwo","3","2","H07","R2","10 opinions agree upon the species present","guineafowl","1","1"
"http://www.snapshotserengeti.org/subjects/standard/50c217888a607540b905e8cb_1.jpg","ASG0008atn","2","3","I13","R11","10 opinions agree upon the species present","guineafowl","1","1"
"http://www.snapshotserengeti.org/subjects/standard/51e905a4e0053a09c30b8676_1.jpg","ASG0010mzc","2","6","N09","R2","10 opinions agree upon the species present","guineafowl","1","2"
"http://www.snapshotserengeti.org/subjects/standard/51e8aa40e0053a09c300faf8_0.jpg","ASG000y7cl","1","6","C03","R1","10 opinions agree upon the species present","guineafowl","1","1"
"http://www.snapshotserengeti.org/subjects/standard/50dc9453a2fc8e3789074fc4_0.jpg","ASG000ct9v","1","4","L05","R2","10 opinions agree upon the species present","guineafowl","1","9"
"http://www.snapshotserengeti.org/subjects/standard/50dc9f64a2fc8e37890a65f4_0.jpg","ASG000dinf","1","4","D04","R2","10 opinions agree upon the species present","guineafowl","1","2"
"http://www.snapshotserengeti.org/subjects/standard/50c2135a8a607540b902c9e1_2.jpg","ASG0003x0h","3","2","H07","R1","10 opinions agree upon the species present","guineafowl","1","4"
"http://www.snapshotserengeti.org/subjects/standard/50c213508a607540b902c2aa_2.jpg","ASG0003vl6","3","2","H07","R3","10 opinions agree upon the species present","guineafowl","1","10"
"http://zooniverse-static.s3.amazonaws.com/www.snapshotserengeti.org/subjects/standard/54cfda7787ee0404d509626f_0.JPG","ASG001cquc","1","8","P06","R2","10 opinions agree upon the species present","guineafowl","1","1"
"http://www.snapshotserengeti.org/subjects/standard/50dc6f96a2fc8e3789002b23_1.jpg","ASG000b530","2","4","J13","R1","10 opinions agree upon the species present","guineafowl","1","1"
"http://www.snapshotserengeti.org/subjects/standard/50dcb5e8a2fc8e37890e379c_2.jpg","ASG000ednk","3","4","D09","R2","10 opinions agree upon the species present","guineafowl","1","2"
"http://www.snapshotserengeti.org/subjects/standard/51e8e68fe0053a09c307ee15_2.jpg","ASG000zshk","3","6","I13","R1","10 opinions agree upon the species present","guineafowl","1","3"
"http://www.snapshotserengeti.org/subjects/standard/5331cf561bccd304b600fa07_2.JPG","ASG0016ml3","3","7","D09","R3","10 opinions agree upon the species present","guineafowl","1","2"
"http://www.snapshotserengeti.org/subjects/standard/50c211488a607540b901025a_2.jpg","ASG0001f16","3","1","J08","R1","10 opinions agree upon the species present","guineafowl","1","6"
"http://www.snapshotserengeti.org/subjects/standard/50dc944fa2fc8e3789074d9c_2.jpg","ASG000ct6v","3","4","L05","R2","10 opinions agree upon the species present","guineafowl","1","6"
"http://zooniverse-static.s3.amazonaws.com/www.snapshotserengeti.org/subjects/standard/54cfc7fe87ee0404d5004feb_0.JPG","ASG001dyjc","1","8","B10","R2","10 opinions agree upon the species present","guineafowl","1","4"
"http://www.snapshotserengeti.org/subjects/standard/51a2fcc7e18f49172b0688f9_0.jpg","ASG000ob01","1","5","D11","R1","10 opinions agree upon the species present","guineafowl","1","2"
"http://www.snapshotserengeti.org/subjects/standard/50dcd712a2fc8e3789107a6d_0.jpg","ASG000ew71","1","4","J05","R2","10 opinions agree upon the species present","guineafowl","1","1"
"http://www.snapshotserengeti.org/subjects/standard/50c2149e8a607540b903cdfc_2.jpg","ASG0005ce4","3","2","G10","R1","10 opinions agree upon the species present","guineafowl","1","6"
"http://www.snapshotserengeti.org/subjects/standard/50dc9a17a2fc8e378909228f_1.jpg","ASG000d8au","2","4","E01","R2","10 opinions agree upon the species present","guineafowl","1","5"
"http://www.snapshotserengeti.org/subjects/standard/51a332b5e18f49172b0cfa58_1.jpg","ASG000pu4z","2","5","H07","R1","10 opinions agree upon the species present","guineafowl","1","2"
"http://www.snapshotserengeti.org/subjects/standard/50c2150c8a607540b90422b3_2.jpg","ASG0005t4j","3","2","I07","R1","10 opinions agree upon the species present","guineafowl","1","2"
"http://www.snapshotserengeti.org/subjects/standard/50c211018a607540b900c743_0.jpg","ASG00013cz","1","1","H08","R1","10 opinions agree upon the species present","guineafowl","1","5"
"http://www.snapshotserengeti.org/subjects/standard/50c21a078a607540b907d190_1.jpg","ASG000azdc","2","3","S07","R12","10 opinions agree upon the species present","guineafowl","1","2"
"http://www.snapshotserengeti.org/subjects/standard/50c2121d8a607540b901b448_2.jpg","ASG0002e6g","3","1","J12","R1","10 opinions agree upon the species present","guineafowl","1","6"
"http://www.snapshotserengeti.org/subjects/standard/51e8f8ede0053a09c30a0d94_1.jpg","ASG0010afe","2","6","L13","R2","10 opinions agree upon the species present","guineafowl","1","1"
"http://www.snapshotserengeti.org/subjects/standard/51a33294e18f49172b0cf66e_1.jpg","ASG000pu0l","2","5","H07","R1","10 opinions agree upon the species present","guineafowl","1","2"
"http://www.snapshotserengeti.org/subjects/standard/51e90528e0053a09c30b781f_0.jpg","ASG0010mjn","1","6","N08","R2","10 opinions agree upon the species present","guineafowl","1","3"
"http://www.snapshotserengeti.org/subjects/standard/51a39495e18f49172b189ae1_2.jpg","ASG000si5p","3","5","P04","R2","10 opinions agree upon the species present","guineafowl","1","1"
"http://www.snapshotserengeti.org/subjects/standard/50dcac5ba2fc8e37890c1ccf_1.jpg","ASG000dwj1","2","4","I08","R2","10 opinions agree upon the species present","guineafowl","1","4"
"http://www.snapshotserengeti.org/subjects/standard/51a3320ce18f49172b0ce5e9_0.jpg","ASG000ptiu","1","5","H07","R1","10 opinions agree upon the species present","guineafowl","1","1"
"http://www.snapshotserengeti.org/subjects/standard/50c211e38a607540b9018562_0.jpg","ASG00024wy","1","1","P07","R1","10 opinions agree upon the species present","guineafowl","1","2"
"http://www.snapshotserengeti.org/subjects/standard/50c213548a607540b902c695_2.jpg","ASG0003wd1","3","2","H07","R3","10 opinions agree upon the species present","guineafowl","1","2"
"http://www.snapshotserengeti.org/subjects/standard/50dc76d0a2fc8e378901761a_2.jpg","ASG000bgb4","3","4","C10","R3","10 opinions agree upon the species present","guineafowl","1","1"
"http://www.snapshotserengeti.org/subjects/standard/51e90560e0053a09c30b7e9d_1.jpg","ASG0010mqn","2","6","N09","R2","10 opinions agree upon the species present","guineafowl","1","7"
"http://www.snapshotserengeti.org/subjects/standard/50c211488a607540b901027e_1.jpg","ASG0001f26","2","1","J08","R1","10 opinions agree upon the species present","guineafowl","1","3"
"http://www.snapshotserengeti.org/subjects/standard/50c210ff8a607540b900c53b_2.jpg","ASG00012yj","3","1","H06","R4","10 opinions agree upon the species present","guineafowl","1","1"
"http://www.snapshotserengeti.org/subjects/standard/51a3327de18f49172b0cf3a8_0.jpg","ASG000ptxl","1","5","H07","R1","10 opinions agree upon the species present","guineafowl","1","4"
"http://www.snapshotserengeti.org/subjects/standard/50dc9475a2fc8e3789075b5a_2.jpg","ASG000ctl2","3","4","L05","R2","10 opinions agree upon the species present","guineafowl","1","6"
"http://www.snapshotserengeti.org/subjects/standard/50dc9266a2fc8e378906be2d_1.jpg","ASG000coxq","2","4","H07","R2","10 opinions agree upon the species present","guineafowl","1","4"
"http://www.snapshotserengeti.org/subjects/standard/51a391e7e18f49172b18492f_0.jpg","ASG000sf2u","1","5","P03","R1","10 opinions agree upon the species present","guineafowl","1","4"
"http://www.snapshotserengeti.org/subjects/standard/50dcb5eba2fc8e37890e3934_1.jpg","ASG000edp2","2","4","D09","R2","10 opinions agree upon the species present","guineafowl","1","3"
"http://www.snapshotserengeti.org/subjects/standard/51a35647e18f49172b1134d6_0.jpg","ASG000qu0f","1","5","K07","R3","10 opinions agree upon the species present","guineafowl","1","4"
"http://www.snapshotserengeti.org/subjects/standard/50c2106c8a607540b9004bd6_2.jpg","ASG0000eza","3","1","P10","R1","10 opinions agree upon the species present","guineafowl","1","1"
"http://www.snapshotserengeti.org/subjects/standard/50c2106c8a607540b9004bdd_1.jpg","ASG0000ezh","2","1","P10","R1","10 opinions agree upon the species present","guineafowl","1","8"
"http://www.snapshotserengeti.org/subjects/standard/51e8f8e4e0053a09c30a0c70_1.jpg","ASG0010ae5","2","6","L13","R2","10 opinions agree upon the species present","guineafowl","1","1"
"http://www.snapshotserengeti.org/subjects/standard/51e9051de0053a09c30b76d1_2.jpg","ASG0010mi9","3","6","N08","R1","10 opinions agree upon the species present","guineafowl","1","3"
"http://www.snapshotserengeti.org/subjects/standard/50c218978a607540b906c025_1.jpg","ASG0009hd1","2","3","C06","R11","10 opinions agree upon the species present","guineafowl","1","1"
"http://www.snapshotserengeti.org/subjects/standard/51a36329e18f49172b12b8c0_0.jpg","ASG000r6nh","1","5","L10","R1","10 opinions agree upon the species present","guineafowl","1","4"
"http://www.snapshotserengeti.org/subjects/standard/51a33cfae18f49172b0e306c_1.jpg","ASG000q44o","2","5","I04","R1","Most common opinion from 25 opinions","guineafowl","1","4"
"http://www.snapshotserengeti.org/subjects/standard/50c2167f8a607540b90528dd_0.jpg","ASG00078wt","1","2","K03","R1","10 opinions agree upon the species present","guineafowl","1","4"
"http://www.snapshotserengeti.org/subjects/standard/5331d93d1bccd304b604f9a1_1.JPG","ASG0013swi","2","7","C11","R1","10 opinions agree upon the species present","guineafowl","1","1"
"http://www.snapshotserengeti.org/subjects/standard/50c213608a607540b902ceff_0.jpg","ASG0003y0v","1","2","H07","R2","10 opinions agree upon the species present","guineafowl","1","1"
"http://www.snapshotserengeti.org/subjects/standard/50c213568a607540b902c794_2.jpg","ASG0003wk4","3","2","H07","R3","10 opinions agree upon the species present","guineafowl","1","3"
"http://www.snapshotserengeti.org/subjects/standard/51e8f8fbe0053a09c30a0f29_1.jpg","ASG0010ah6","2","6","L13","R2","10 opinions agree upon the species present","guineafowl","1","1"
"http://www.snapshotserengeti.org/subjects/standard/51e90575e0053a09c30b80fd_2.jpg","ASG0010mtb","3","6","N09","R2","10 opinions agree upon the species present","guineafowl","1","2"
"http://www.snapshotserengeti.org/subjects/standard/51a363d2e18f49172b12ccf5_0.jpg","ASG000r7et","1","5","L10","R2","10 opinions agree upon the species present","guineafowl","1","3"
"http://www.snapshotserengeti.org/subjects/standard/50c217198a607540b90592e7_1.jpg","ASG0007tuv","2","2","M09","R1","10 opinions agree upon the species present","guineafowl","1","3"
"http://www.snapshotserengeti.org/subjects/standard/50c211488a607540b90102a9_2.jpg","ASG0001f3d","3","1","J08","R1","10 opinions agree upon the species present","guineafowl","1","1"
"http://www.snapshotserengeti.org/subjects/standard/50dcd8eca2fc8e3789111c3a_0.jpg","ASG000f1q8","1","4","P07","R2","10 opinions agree upon the species present","guineafowl","1","7"
"http://www.snapshotserengeti.org/subjects/standard/51e8eae4e0053a09c3086dd3_0.jpg","ASG000zwjs","1","6","J09","R2","10 opinions agree upon the species present","guineafowl","1","1"
"http://www.snapshotserengeti.org/subjects/standard/50c213b48a607540b9030e3d_1.jpg","ASG0004ail","2","2","D13","R3","10 opinions agree upon the species present","guineafowl","1","1"
"http://www.snapshotserengeti.org/subjects/standard/51e9053be0053a09c30b7a3a_2.jpg","ASG0010mly","3","6","N09","R1","10 opinions agree upon the species present","guineafowl","1","1"
