"url","Subject ID","Frame","Season","Site","Roll","Decision Type","Crowd Determination","Total Species Present","Total Animals Present"
"http://www.snapshotserengeti.org/subjects/standard/50dc9226a2fc8e378906b2e4_1.jpg","ASG000conw","2","4","H07","R2","10 opinions agree upon the species present","hartebeest","1","1"
"http://www.snapshotserengeti.org/subjects/standard/50dc9315a2fc8e378906e594_1.jpg","ASG000cq4g","2","4","H07","R1","10 opinions agree upon the species present","hartebeest","1","2"
"http://www.snapshotserengeti.org/subjects/standard/50dc76a9a2fc8e37890165e2_0.jpg","ASG000bfry","1","4","K07","R1","10 opinions agree upon the species present","hartebeest","1","1"
"http://zooniverse-static.s3.amazonaws.com/www.snapshotserengeti.org/subjects/standard/54cfd03787ee0404d50453cd_0.JPG","ASG001br6s","1","8","H01","R2","10 opinions agree upon the species present","hartebeest","1","1"
"http://www.snapshotserengeti.org/subjects/standard/5331d72b1bccd304b6041b5b_1.JPG","ASG0014euo","2","7","H13","R2","10 opinions agree upon the species present","hartebeest","1","3"
"http://zooniverse-static.s3.amazonaws.com/www.snapshotserengeti.org/subjects/standard/5582de91c4af4e0042002cc3_0.JPG","ASG001gh4r","1","0","L06","R2","10 opinions agree upon the species present","hartebeest","1","2"
"http://www.snapshotserengeti.org/subjects/standard/50c215878a607540b90478c9_2.jpg","ASG0006a4p","3","2","O08","R3","10 opinions agree upon the species present","hartebeest","1","1"
"http://www.snapshotserengeti.org/subjects/standard/51a3a62ee18f49172b1ab21e_1.jpg","ASG000szi8","2","5","Q12","R1","10 opinions agree upon the species present","hartebeest","1","1"
"http://www.snapshotserengeti.org/subjects/standard/51a3b7bee18f49172b1cc809_1.jpg","ASG000tfxi","2","5","T10","R3","10 opinions agree upon the species present","hartebeest","1","1"
"http://www.snapshotserengeti.org/subjects/standard/51a37a8ce18f49172b158205_2.jpg","ASG000rteg","3","5","N08","R3","10 opinions agree upon the species present","hartebeest","1","2"
"http://www.snapshotserengeti.org/subjects/standard/50c214448a607540b903842d_0.jpg","ASG0004xt9","1","2","F11","R3","10 opinions agree upon the species present","hartebeest","1","2"
"http://www.snapshotserengeti.org/subjects/standard/50c213598a607540b902c963_0.jpg","ASG0003wwz","1","2","H07","R1","Most common opinion from 25 opinions","hartebeest","1","2"
"http://www.snapshotserengeti.org/subjects/standard/50dc936ea2fc8e378906f87e_0.jpg","ASG000cqm0","1","4","H07","R1","10 opinions agree upon the species present","hartebeest","1","1"
"http://www.snapshotserengeti.org/subjects/standard/50c213598a607540b902c870_0.jpg","ASG0003wq8","1","2","H07","R1","10 opinions agree upon the species present","hartebeest","1","1"
"http://www.snapshotserengeti.org/subjects/standard/50c215e88a607540b904be30_1.jpg","ASG0006nu8","2","2","R09","R2","10 opinions agree upon the species present","hartebeest","1","1"
"http://www.snapshotserengeti.org/subjects/standard/51a34b2ae18f49172b0fe1e4_0.jpg","ASG000qi6g","1","5","J02","R3","10 opinions agree upon the species present","hartebeest","1","6"
"http://www.snapshotserengeti.org/subjects/standard/51a33444e18f49172b0d2846_0.jpg","ASG000pvlt","1","5","H07","R3","10 opinions agree upon the species present","hartebeest","1","1"
"http://www.snapshotserengeti.org/subjects/standard/50c2165c8a607540b9051213_2.jpg","ASG00074er","3","2","V10","R3","10 opinions agree upon the species present","hartebeest","1","1"
"http://www.snapshotserengeti.org/subjects/standard/50dc77afa2fc8e378901d4ff_2.jpg","ASG000bj9z","3","4","N08","R1","10 opinions agree upon the species present","hartebeest","1","1"
"http://www.snapshotserengeti.org/subjects/standard/50dc9202a2fc8e378906a944_2.jpg","ASG000coap","3","4","H07","R2","10 opinions agree upon the species present","hartebeest","1","2"
"http://www.snapshotserengeti.org/subjects/standard/50c210498a607540b9002ece_2.jpg","ASG000098u","3","1","K04","R1","10 opinions agree upon the species present","hartebeest","1","1"
"http://www.snapshotserengeti.org/subjects/standard/50dc9287a2fc8e378906c51b_2.jpg","ASG000cp59","3","4","H07","R2","10 opinions agree upon the species present","hartebeest","1","1"
"http://www.snapshotserengeti.org/subjects/standard/5331d2341bccd304b6021cc1_0.JPG","ASG0015tc8","1","7","M07","R2","10 opinions agree upon the species present","hartebeest","1","4"
"http://www.snapshotserengeti.org/subjects/standard/50dc91fea2fc8e378906a816_0.jpg","ASG000co94","1","4","H07","R2","10 opinions agree upon the species present","hartebeest","1","1"
"http://www.snapshotserengeti.org/subjects/standard/50dc936ba2fc8e378906f7db_1.jpg","ASG000cqla","2","4","H07","R1","10 opinions agree upon the species present","hartebeest","1","1"
"http://www.snapshotserengeti.org/subjects/standard/51e8dccfe0053a09c306ce39_1.jpg","ASG000zj58","2","6","H07","R2","10 opinions agree upon the species present","hartebeest","1","1"
"http://www.snapshotserengeti.org/subjects/standard/50dc9222a2fc8e378906b206_0.jpg","ASG000comp","1","4","H07","R2","10 opinions agree upon the species present","hartebeest","1","1"
"http://www.snapshotserengeti.org/subjects/standard/51e8e31de0053a09c307885c_2.jpg","ASG000zp0r","3","6","I05","R2","10 opinions agree upon the species present","hartebeest","1","1"
"http://www.snapshotserengeti.org/subjects/standard/50dc9325a2fc8e378906e8de_0.jpg","ASG000cq7b","1","4","H07","R1","10 opinions agree upon the species present","hartebeest","1","1"
"http://www.snapshotserengeti.org/subjects/standard/51a37a83e18f49172b158105_0.jpg","ASG000rtdc","1","5","N08","R3","10 opinions agree upon the species present","hartebeest","1","2"
"http://www.snapshotserengeti.org/subjects/standard/5331dd151bccd304b606946d_2.JPG","ASG0012p34","3","7","O08","R3","10 opinions agree upon the species present","hartebeest","1","1"
"http://www.snapshotserengeti.org/subjects/standard/50c219b58a607540b90791ba_2.jpg","ASG000amre","3","3","O06","R12","10 opinions agree upon the species present","hartebeest","1","2"
"http://www.snapshotserengeti.org/subjects/standard/50c210ed8a607540b900b615_2.jpg","ASG0000zyt","3","1","G10","R1","10 opinions agree upon the species present","hartebeest","1","1"
"http://www.snapshotserengeti.org/subjects/standard/50c2170c8a607540b9058851_2.jpg","ASG0007rrl","3","2","M07","R2","10 opinions agree upon the species present","hartebeest","1","1"
"http://zooniverse-static.s3.amazonaws.com/www.snapshotserengeti.org/subjects/standard/5582def2c4af4e004200568d_0.JPG","ASG001g8kj","1","0","K03","R1","10 opinions agree upon the species present","hartebeest","1","1"
"http://www.snapshotserengeti.org/subjects/standard/50c216818a607540b9052afd_0.jpg","ASG00079bx","1","2","K03","R1","10 opinions agree upon the species present","hartebeest","1","1"
"http://www.snapshotserengeti.org/subjects/standard/50c217e08a607540b90634a0_2.jpg","ASG0008psw","3","3","P10","R11","10 opinions agree upon the species present","hartebeest","1","1"
"http://www.snapshotserengeti.org/subjects/standard/50dc91e5a2fc8e378906a10e_0.jpg","ASG000cnzc","1","4","H07","R2","10 opinions agree upon the species present","hartebeest","1","2"
"http://www.snapshotserengeti.org/subjects/standard/50dc92f9a2fc8e378906dcc2_2.jpg","ASG000cpsh","3","4","H07","R1","10 opinions agree upon the species present","hartebeest","1","1"
"http://www.snapshotserengeti.org/subjects/standard/50dc7690a2fc8e3789015a9e_2.jpg","ASG000bfeq","3","4","K07","R1","10 opinions agree upon the species present","hartebeest","1","4"
"http://www.snapshotserengeti.org/subjects/standard/51a333e1e18f49172b0d1d09_1.jpg","ASG000pv9c","2","5","H07","R3","10 opinions agree upon the species present","hartebeest","1","1"
"http://www.snapshotserengeti.org/subjects/standard/51e8dca5e0053a09c306c956_1.jpg","ASG000zj05","2","6","H07","R2","10 opinions agree upon the species present","hartebeest","1","2"
"http://www.snapshotserengeti.org/subjects/standard/50dc77ada2fc8e378901d389_2.jpg","ASG000bj84","3","4","N08","R1","10 opinions agree upon the species present","hartebeest","1","1"
"http://www.snapshotserengeti.org/subjects/standard/50dcac55a2fc8e37890c1969_2.jpg","ASG000dwfq","3","4","I08","R2","10 opinions agree upon the species present","hartebeest","1","1"
"http://www.snapshotserengeti.org/subjects/standard/51e8dc65e0053a09c306c1d3_2.jpg","ASG000zis6","3","6","H07","R2","10 opinions agree upon the species present","hartebeest","1","1"
"http://www.snapshotserengeti.org/subjects/standard/50dc91fda2fc8e378906a7d8_0.jpg","ASG000co8s","1","4","H07","R2","10 opinions agree upon the species present","hartebeest","1","1"
"http://www.snapshotserengeti.org/subjects/standard/50dc962da2fc8e378908038b_0.jpg","ASG000cz6q","1","4","N06","R1","10 opinions agree upon the species present","hartebeest","1","2"
"http://www.snapshotserengeti.org/subjects/standard/51a33d34e18f49172b0e36f7_0.jpg","ASG000q4cf","1","5","I04","R2","10 opinions agree upon the species present","hartebeest","1","2"
"http://www.snapshotserengeti.org/subjects/standard/50c219378a607540b9073402_1.jpg","ASG000a48y","2","3","J02","R11","Most common opinion from 25 opinions","hartebeest","1","1"
"http://www.snapshotserengeti.org/subjects/standard/51a35781e18f49172b115a8b_2.jpg","ASG000qv9x","3","5","K10","R1","10 opinions agree upon the species present","hartebeest","1","1"
"http://www.snapshotserengeti.org/subjects/standard/50dc7939a2fc8e3789026146_1.jpg","ASG000bnm8","2","4","N05","R1","10 opinions agree upon the species present","hartebeest","1","1"
"http://www.snapshotserengeti.org/subjects/standard/51a37a7ee18f49172b15806e_0.jpg","ASG000rtcp","1","5","N08","R3","10 opinions agree upon the species present","hartebeest","1","1"
"http://www.snapshotserengeti.org/subjects/standard/51e8dc24e0053a09c306ba30_0.jpg","ASG000zijz","1","6","H07","R2","10 opinions agree upon the species present","hartebeest","1","1"
"http://www.snapshotserengeti.org/subjects/standard/50c211b18a607540b9015b4d_0.jpg","ASG0001wlp","1","1","N04","R1","10 opinions agree upon the species present","hartebeest","1","1"
"http://www.snapshotserengeti.org/subjects/standard/5331d0fc1bccd304b601a21b_1.JPG","ASG00165zn","2","7","L06","R2","Most common opinion from 25 opinions","hartebeest","1","1"
"http://www.snapshotserengeti.org/subjects/standard/50dc92f0a2fc8e378906da0c_2.jpg","ASG000cpos","3","4","H07","R1","10 opinions agree upon the species present","hartebeest","1","1"
"http://www.snapshotserengeti.org/subjects/standard/50dc92eea2fc8e378906d978_2.jpg","ASG000cpo0","3","4","H07","R1","10 opinions agree upon the species present","hartebeest","1","1"
"http://www.snapshotserengeti.org/subjects/standard/50c217978a607540b905f736_0.jpg","ASG0008do6","1","3","J08","R11","10 opinions agree upon the species present","hartebeest","1","2"
"http://www.snapshotserengeti.org/subjects/standard/50c2135a8a607540b902c9a3_1.jpg","ASG0003wyr","2","2","H07","R1","10 opinions agree upon the species present","hartebeest","1","1"
"http://www.snapshotserengeti.org/subjects/standard/51a33433e18f49172b0d2656_2.jpg","ASG000pvjp","3","5","H07","R3","10 opinions agree upon the species present","hartebeest","1","2"
"http://www.snapshotserengeti.org/subjects/standard/51a3b409e18f49172b1c576c_0.jpg","ASG000tcca","1","5","S10","R1","Most common opinion from 25 opinions","hartebeest","1","1"
"http://www.snapshotserengeti.org/subjects/standard/5331dd171bccd304b6069533_0.JPG","ASG0012p4z","1","7","O08","R3","10 opinions agree upon the species present","hartebeest","1","2"
"http://www.snapshotserengeti.org/subjects/standard/50c215888a607540b9047934_0.jpg","ASG0006a7o","1","2","O08","R1","10 opinions agree upon the species present","hartebeest","1","1"
"http://www.snapshotserengeti.org/subjects/standard/50c216258a607540b904e918_0.jpg","ASG0006wbc","1","2","M04","R2","10 opinions agree upon the species present","hartebeest","1","1"
"http://www.snapshotserengeti.org/subjects/standard/5331dc171bccd304b6062be9_0.JPG","ASG0012zj3","1","7","K02","R2","10 opinions agree upon the species present","hartebeest","1","1"
"http://www.snapshotserengeti.org/subjects/standard/51a3068ae18f49172b07b31a_2.jpg","ASG000ol9r","3","5","E08","R1","10 opinions agree upon the species present","hartebeest","1","1"
"http://www.snapshotserengeti.org/subjects/standard/5331d7c21bccd304b6045943_1.JPG","ASG00148ss","2","7","P10","R1","10 opinions agree upon the species present","hartebeest","1","1"
"http://www.snapshotserengeti.org/subjects/standard/51a34b3be18f49172b0fe3f1_0.jpg","ASG000qi8t","1","5","J02","R3","10 opinions agree upon the species present","hartebeest","1","1"
"http://www.snapshotserengeti.org/subjects/standard/50dc927fa2fc8e378906c387_2.jpg","ASG000cp3o","3","4","H07","R2","10 opinions agree upon the species present","hartebeest","1","1"
"http://www.snapshotserengeti.org/subjects/standard/50c2172e8a607540b905a0de_1.jpg","ASG0007wm6","2","3","U10","R11","10 opinions agree upon the species present","hartebeest","1","1"
"http://www.snapshotserengeti.org/subjects/standard/50c213378a607540b902ac5f_1.jpg","ASG0003r6n","2","2","C08","R4","10 opinions agree upon the species present","hartebeest","1","1"
"http://www.snapshotserengeti.org/subjects/standard/50dc77ada2fc8e378901d36b_1.jpg","ASG000bj7y","2","4","N08","R1","10 opinions agree upon the species present","hartebeest","1","1"
"http://www.snapshotserengeti.org/subjects/standard/50dcac56a2fc8e37890c19c9_1.jpg","ASG000dwg1","2","4","I08","R2","Most common opinion from 25 opinions","hartebeest","1","1"
"http://www.snapshotserengeti.org/subjects/standard/50dc930fa2fc8e378906e3a0_1.jpg","ASG000cq1s","2","4","H07","R1","10 opinions agree upon the species present","hartebeest","1","1"
"http://www.snapshotserengeti.org/subjects/standard/50c21a0e8a607540b907d649_1.jpg","ASG000b0ax","2","3","S09","R12","10 opinions agree upon the species present","hartebeest","1","1"
"http://www.snapshotserengeti.org/subjects/standard/5331dc541bccd304b60644bf_2.JPG","ASG0012x3i","3","7","Q08","R4","10 opinions agree upon the species present","hartebeest","1","1"
"http://www.snapshotserengeti.org/subjects/standard/51a378d0e18f49172b154dcd_1.jpg","ASG000rroj","2","5","N02","R3","10 opinions agree upon the species present","hartebeest","1","1"
"http://www.snapshotserengeti.org/subjects/standard/50c21a1e8a607540b907e0f0_1.jpg","ASG000b2eo","2","3","T09","R12","10 opinions agree upon the species present","hartebeest","1","1"
"http://www.snapshotserengeti.org/subjects/standard/51a37a95e18f49172b158311_2.jpg","ASG000rtfk","3","5","N08","R3","Most common opinion from 25 opinions","hartebeest","1","1"
"http://www.snapshotserengeti.org/subjects/standard/50c217e18a607540b9063560_2.jpg","ASG0008py8","3","3","P10","R11","10 opinions agree upon the species present","hartebeest","1","1"
"http://www.snapshotserengeti.org/subjects/standard/50dc8e86a2fc8e378905b7b6_0.jpg","ASG000ceuc","1","4","E06","R2","10 opinions agree upon the species present","hartebeest","1","1"
"http://www.snapshotserengeti.org/subjects/standard/50dc8c03a2fc8e378904fc83_2.jpg","ASG000c8fm","3","4","U10","R3","10 opinions agree upon the species present","hartebeest","1","1"
"http://www.snapshotserengeti.org/subjects/standard/50c211a68a607540b9015231_2.jpg","ASG0001usx","3","1","M04","R1","10 opinions agree upon the species present","hartebeest","1","1"
"http://www.snapshotserengeti.org/subjects/standard/50c213598a607540b902c8fd_1.jpg","ASG0003wu5","2","2","H07","R1","10 opinions agree upon the species present","hartebeest","1","1"
"http://www.snapshotserengeti.org/subjects/standard/50c21a1c8a607540b907dfe0_0.jpg","ASG000b274","1","3","T08","R12","10 opinions agree upon the species present","hartebeest","1","1"
"http://www.snapshotserengeti.org/subjects/standard/50c2106d8a607540b9004cb7_0.jpg","ASG0000f5j","1","1","Q09","R1","10 opinions agree upon the species present","hartebeest","1","1"
"http://www.snapshotserengeti.org/subjects/standard/50dc91eea2fc8e378906a3b2_0.jpg","ASG000co2z","1","4","H07","R2","10 opinions agree upon the species present","hartebeest","1","1"
"http://www.snapshotserengeti.org/subjects/standard/50dc91e1a2fc8e378906a009_1.jpg","ASG000cnxw","2","4","H07","R2","10 opinions agree upon the species present","hartebeest","1","1"
"http://www.snapshotserengeti.org/subjects/standard/50c213538a607540b902c57c_2.jpg","ASG0003w58","3","2","H07","R3","10 opinions agree upon the species present","hartebeest","1","1"
"http://www.snapshotserengeti.org/subjects/standard/5331defa1bccd304b6076075_1.JPG","ASG00124y6","2","7","H04","R2","10 opinions agree upon the species present","hartebeest","1","1"
"http://www.snapshotserengeti.org/subjects/standard/51a3820de18f49172b166664_0.jpg","ASG000s08i","1","5","N12","R2","10 opinions agree upon the species present","hartebeest","1","2"
"http://www.snapshotserengeti.org/subjects/standard/5331d0fc1bccd304b601a221_2.JPG","ASG001661z","3","7","L06","R2","10 opinions agree upon the species present","hartebeest","1","1"
"http://www.snapshotserengeti.org/subjects/standard/50dc9345a2fc8e378906eea7_0.jpg","ASG000cqbm","1","4","H07","R1","10 opinions agree upon the species present","hartebeest","1","1"
"http://www.snapshotserengeti.org/subjects/standard/5331dbf91bccd304b6061efb_2.JPG","ASG00130um","3","7","J12","R3","10 opinions agree upon the species present","hartebeest","1","2"
"http://www.snapshotserengeti.org/subjects/standard/50dc9204a2fc8e378906a9c0_2.jpg","ASG000cobc","3","4","H07","R2","10 opinions agree upon the species present","hartebeest","1","1"
"http://www.snapshotserengeti.org/subjects/standard/50dc92eda2fc8e378906d90e_2.jpg","ASG000cpng","3","4","H07","R1","10 opinions agree upon the species present","hartebeest","1","1"
"http://www.snapshotserengeti.org/subjects/standard/51a31de3e18f49172b0a7e00_1.jpg","ASG000p8o6","2","5","G02","R3","10 opinions agree upon the species present","hartebeest","1","1"
"http://www.snapshotserengeti.org/subjects/standard/50dc9619a2fc8e378907f482_2.jpg","ASG000cyol","3","4","N06","R2","10 opinions agree upon the species present","hartebeest","1","1"
"http://www.snapshotserengeti.org/subjects/standard/50dcb5fda2fc8e37890e4660_0.jpg","ASG000ee4t","1","4","E04","R1","10 opinions agree upon the species present","hartebeest","1","2"
"http://www.snapshotserengeti.org/subjects/standard/51a35d7fe18f49172b12110d_1.jpg","ASG000r124","2","5","L04","R3","10 opinions agree upon the species present","hartebeest","1","2"
