"url","Subject ID","Frame","Season","Site","Roll","Decision Type","Crowd Determination","Total Species Present","Total Animals Present"
"http://www.snapshotserengeti.org/subjects/standard/5331d2331bccd304b6021ca1_1.JPG","ASG0015t8j","2","7","M07","R2","10 opinions agree upon the species present","Hartebeest","1","5"
"http://www.snapshotserengeti.org/subjects/standard/50dcb42fa2fc8e37890d9c61_0.jpg","ASG000e8q0","1","4","B05","R1","Most common opinion from 25 opinions","Hartebeest","1","1"
"http://www.snapshotserengeti.org/subjects/standard/50dc92e2a2fc8e378906d5b2_2.jpg","ASG000cpir","3","4","H07","R1","10 opinions agree upon the species present","Hartebeest","1","1"
"http://www.snapshotserengeti.org/subjects/standard/50dc91e0a2fc8e3789069fbe_0.jpg","ASG000cnxh","1","4","H07","R2","10 opinions agree upon the species present","Hartebeest","1","1"
"http://www.snapshotserengeti.org/subjects/standard/50dc921aa2fc8e378906b00b_1.jpg","ASG000cojw","2","4","H07","R2","10 opinions agree upon the species present","Hartebeest","1","1"
"http://www.snapshotserengeti.org/subjects/standard/51a3a62ee18f49172b1ab22c_2.jpg","ASG000szia","3","5","Q12","R1","10 opinions agree upon the species present","Hartebeest","1","1"
"http://www.snapshotserengeti.org/subjects/standard/51a3b7bee18f49172b1cc7fb_2.jpg","ASG000tfxg","3","5","T10","R3","10 opinions agree upon the species present","Hartebeest","1","1"
"http://www.snapshotserengeti.org/subjects/standard/51e8e31fe0053a09c3078898_0.jpg","ASG000zp11","1","6","I05","R2","10 opinions agree upon the species present","Hartebeest","1","1"
"http://www.snapshotserengeti.org/subjects/standard/51a3986fe18f49172b191089_1.jpg","ASG000sm3y","2","5","P07","R3","10 opinions agree upon the species present","Hartebeest","1","1"
"http://www.snapshotserengeti.org/subjects/standard/50c219b18a607540b9078ef4_0.jpg","ASG000am7o","1","3","N06","R12","10 opinions agree upon the species present","Hartebeest","1","1"
"http://www.snapshotserengeti.org/subjects/standard/51a3c4e7e18f49172b1e5b16_1.jpg","ASG000tsf2","2","5","U10","R2","10 opinions agree upon the species present","Hartebeest","1","2"
"http://www.snapshotserengeti.org/subjects/standard/50c213588a607540b902c7e2_0.jpg","ASG0003wma","1","2","H07","R1","10 opinions agree upon the species present","Hartebeest","1","1"
"http://www.snapshotserengeti.org/subjects/standard/5331d5b81bccd304b6038237_1.JPG","ASG0014ty4","2","7","S09","R3","10 opinions agree upon the species present","Hartebeest","1","1"
"http://www.snapshotserengeti.org/subjects/standard/5331d0b71bccd304b60186e7_1.JPG","ASG00168s9","2","7","E03","R3","Most common opinion from 25 opinions","Hartebeest","1","1"
"http://www.snapshotserengeti.org/subjects/standard/51e931b0e0053a09c3107483_0.jpg","ASG0011qz0","1","6","U10","R1","10 opinions agree upon the species present","Hartebeest","1","1"
"http://www.snapshotserengeti.org/subjects/standard/51a31c5be18f49172b0a4f30_1.jpg","ASG000p6v6","2","5","G01","R2","10 opinions agree upon the species present","Hartebeest","1","2"
"http://www.snapshotserengeti.org/subjects/standard/50c2170b8a607540b90587bc_1.jpg","ASG0007rng","2","2","M07","R2","10 opinions agree upon the species present","Hartebeest","1","1"
"http://www.snapshotserengeti.org/subjects/standard/50c2172e8a607540b905a08a_0.jpg","ASG0007wju","1","3","U10","R11","Most common opinion from 25 opinions","Hartebeest","1","1"
"http://www.snapshotserengeti.org/subjects/standard/50dcd712a2fc8e3789107b3f_1.jpg","ASG000ew8d","2","4","J05","R2","10 opinions agree upon the species present","Hartebeest","1","1"
"http://www.snapshotserengeti.org/subjects/standard/50dc92f7a2fc8e378906dc17_0.jpg","ASG000cprk","1","4","H07","R1","10 opinions agree upon the species present","Hartebeest","1","1"
"http://www.snapshotserengeti.org/subjects/standard/5331dbf91bccd304b6061ed1_2.JPG","ASG00130ts","3","7","J12","R3","10 opinions agree upon the species present","Hartebeest","1","1"
"http://www.snapshotserengeti.org/subjects/standard/50c216568a607540b9050e0b_1.jpg","ASG00073m3","2","2","U11","R1","10 opinions agree upon the species present","Hartebeest","1","1"
"http://www.snapshotserengeti.org/subjects/standard/50c2163e8a607540b904fb68_0.jpg","ASG0006zxk","1","2","N08","R2","10 opinions agree upon the species present","Hartebeest","1","1"
"http://www.snapshotserengeti.org/subjects/standard/50c213548a607540b902c65e_1.jpg","ASG0003wbi","2","2","H07","R3","10 opinions agree upon the species present","Hartebeest","1","2"
"http://www.snapshotserengeti.org/subjects/standard/50dc9301a2fc8e378906df50_2.jpg","ASG000cpvy","3","4","H07","R1","10 opinions agree upon the species present","Hartebeest","1","2"
"http://www.snapshotserengeti.org/subjects/standard/5331dd9b1bccd304b606cc4d_2.JPG","ASG0012jn8","3","7","T10","R3","10 opinions agree upon the species present","Hartebeest","1","2"
"http://www.snapshotserengeti.org/subjects/standard/5331d4361bccd304b602e31d_0.JPG","ASG00159p3","1","7","Q11","R1","10 opinions agree upon the species present","Hartebeest","1","1"
"http://zooniverse-static.s3.amazonaws.com/www.snapshotserengeti.org/subjects/standard/54cfd7c987ee0404d5081925_0.JPG","ASG001dkbx","1","8","M09","R2","10 opinions agree upon the species present","Hartebeest","1","1"
"http://www.snapshotserengeti.org/subjects/standard/50dc91ffa2fc8e378906a85f_0.jpg","ASG000co9i","1","4","H07","R2","10 opinions agree upon the species present","Hartebeest","1","1"
"http://www.snapshotserengeti.org/subjects/standard/51a333f8e18f49172b0d1f9c_0.jpg","ASG000pvch","1","5","H07","R3","10 opinions agree upon the species present","Hartebeest","1","1"
"http://zooniverse-static.s3.amazonaws.com/www.snapshotserengeti.org/subjects/standard/54cfdd3c87ee0404d50ac0d3_0.JPG","ASG001a6je","1","8","T10","R1","10 opinions agree upon the species present","Hartebeest","1","2"
"http://www.snapshotserengeti.org/subjects/standard/5331e11a1bccd304b608382b_1.JPG","ASG0017o7b","2","7","L03","R3","10 opinions agree upon the species present","Hartebeest","1","1"
"http://zooniverse-static.s3.amazonaws.com/www.snapshotserengeti.org/subjects/standard/54cfd97787ee0404d508eb41_0.JPG","ASG001d1og","1","8","O07","R1","Most common opinion from 25 opinions","Hartebeest","1","1"
"http://www.snapshotserengeti.org/subjects/standard/51a39baee18f49172b1973be_1.jpg","ASG000sp8s","2","5","P10","R3","10 opinions agree upon the species present","Hartebeest","1","1"
"http://www.snapshotserengeti.org/subjects/standard/50c214448a607540b903849e_2.jpg","ASG0004xwe","3","2","F11","R3","10 opinions agree upon the species present","Hartebeest","1","3"
"http://www.snapshotserengeti.org/subjects/standard/51a37a9ce18f49172b1583e4_1.jpg","ASG000rtgf","2","5","N08","R3","10 opinions agree upon the species present","Hartebeest","1","2"
"http://www.snapshotserengeti.org/subjects/standard/50c2167c8a607540b905274f_2.jpg","ASG00078lr","3","2","K03","R2","10 opinions agree upon the species present","Hartebeest","1","1"
"http://www.snapshotserengeti.org/subjects/standard/50dc92e9a2fc8e378906d7d5_1.jpg","ASG000cplr","2","4","H07","R1","10 opinions agree upon the species present","Hartebeest","1","1"
"http://www.snapshotserengeti.org/subjects/standard/51a33414e18f49172b0d22d0_0.jpg","ASG000pvfv","1","5","H07","R3","10 opinions agree upon the species present","Hartebeest","1","1"
"http://www.snapshotserengeti.org/subjects/standard/50c213588a607540b902c7ed_1.jpg","ASG0003wml","2","2","H07","R1","10 opinions agree upon the species present","Hartebeest","1","1"
"http://www.snapshotserengeti.org/subjects/standard/5331dd9a1bccd304b606cc39_1.JPG","ASG0012jos","2","7","T10","R3","10 opinions agree upon the species present","Hartebeest","1","4"
"http://www.snapshotserengeti.org/subjects/standard/5331d7251bccd304b604187d_2.JPG","ASG0014f5l","3","7","H13","R2","10 opinions agree upon the species present","Hartebeest","1","1"
"http://www.snapshotserengeti.org/subjects/standard/50dc928ea2fc8e378906c691_0.jpg","ASG000cp6q","1","4","H07","R2","Most common opinion from 25 opinions","Hartebeest","1","1"
"http://www.snapshotserengeti.org/subjects/standard/51a3b943e18f49172b1cf6bb_0.jpg","ASG000thgx","1","5","T11","R2","10 opinions agree upon the species present","Hartebeest","1","1"
"http://www.snapshotserengeti.org/subjects/standard/51e8dcc8e0053a09c306cd59_0.jpg","ASG000zj4c","1","6","H07","R2","10 opinions agree upon the species present","Hartebeest","1","1"
"http://www.snapshotserengeti.org/subjects/standard/50dc92e6a2fc8e378906d6bc_1.jpg","ASG000cpk7","2","4","H07","R1","10 opinions agree upon the species present","Hartebeest","1","1"
"http://www.snapshotserengeti.org/subjects/standard/5331dd101bccd304b606922f_0.JPG","ASG0012pbr","1","7","O08","R1","10 opinions agree upon the species present","Hartebeest","1","1"
"http://www.snapshotserengeti.org/subjects/standard/51a356e5e18f49172b1147e0_2.jpg","ASG000quna","3","5","K08","R1","10 opinions agree upon the species present","Hartebeest","1","3"
"http://www.snapshotserengeti.org/subjects/standard/50c2179e8a607540b905fdff_0.jpg","ASG0008f0f","1","3","J12","R11","10 opinions agree upon the species present","Hartebeest","1","1"
"http://www.snapshotserengeti.org/subjects/standard/50c211bd8a607540b9016512_0.jpg","ASG0001yj6","1","1","N05","R1","Most common opinion from 25 opinions","Hartebeest","1","3"
"http://www.snapshotserengeti.org/subjects/standard/5331dd171bccd304b6069533_0.JPG","ASG0012p4z","1","7","O08","R3","10 opinions agree upon the species present","Hartebeest","1","2"
"http://www.snapshotserengeti.org/subjects/standard/50dcac5ba2fc8e37890c1cfd_0.jpg","ASG000dwj9","1","4","I08","R2","10 opinions agree upon the species present","Hartebeest","1","1"
"http://www.snapshotserengeti.org/subjects/standard/50dc99f8a2fc8e37890916d0_1.jpg","ASG000d7wn","2","4","S11","R1","10 opinions agree upon the species present","Hartebeest","1","3"
"http://www.snapshotserengeti.org/subjects/standard/51a3b7a9e18f49172b1cc581_0.jpg","ASG000tfus","1","5","T10","R3","10 opinions agree upon the species present","Hartebeest","1","4"
"http://www.snapshotserengeti.org/subjects/standard/50c211a68a607540b901523e_1.jpg","ASG0001uta","2","1","M04","R1","10 opinions agree upon the species present","Hartebeest","1","3"
"http://www.snapshotserengeti.org/subjects/standard/50c2154c8a607540b9044fbc_1.jpg","ASG000620s","2","2","J03","R2","10 opinions agree upon the species present","Hartebeest","1","1"
"http://www.snapshotserengeti.org/subjects/standard/50dca402a2fc8e37890b9093_0.jpg","ASG000drzz","1","4","N04","R2","10 opinions agree upon the species present","Hartebeest","1","1"
"http://www.snapshotserengeti.org/subjects/standard/50dc9211a2fc8e378906ad78_0.jpg","ASG000cogg","1","4","H07","R2","10 opinions agree upon the species present","Hartebeest","1","1"
"http://www.snapshotserengeti.org/subjects/standard/50dc77b0a2fc8e378901d59d_1.jpg","ASG000bjam","2","4","N08","R1","10 opinions agree upon the species present","Hartebeest","1","1"
"http://www.snapshotserengeti.org/subjects/standard/5331de251bccd304b60706ff_1.JPG","ASG0012dux","2","7","U11","R2","10 opinions agree upon the species present","Hartebeest","1","1"
"http://www.snapshotserengeti.org/subjects/standard/50c217e48a607540b90637a8_1.jpg","ASG0008qeg","2","3","Q08","R11","10 opinions agree upon the species present","Hartebeest","1","1"
"http://www.snapshotserengeti.org/subjects/standard/5331d7b11bccd304b604530f_0.JPG","ASG00149f5","1","7","L05","R2","10 opinions agree upon the species present","Hartebeest","1","1"
"http://www.snapshotserengeti.org/subjects/standard/5331d7221bccd304b604176f_0.JPG","ASG0014fc3","1","7","H13","R2","10 opinions agree upon the species present","Hartebeest","1","3"
"http://www.snapshotserengeti.org/subjects/standard/51e8e228e0053a09c3076bde_0.jpg","ASG000zo5g","1","6","I04","R2","10 opinions agree upon the species present","Hartebeest","1","1"
"http://www.snapshotserengeti.org/subjects/standard/50dc928fa2fc8e378906c6db_0.jpg","ASG000cp71","1","4","H07","R2","10 opinions agree upon the species present","Hartebeest","1","1"
"http://www.snapshotserengeti.org/subjects/standard/50dc928fa2fc8e378906c6fc_2.jpg","ASG000cp77","3","4","H07","R2","10 opinions agree upon the species present","Hartebeest","1","1"
"http://www.snapshotserengeti.org/subjects/standard/50dc9291a2fc8e378906c74b_1.jpg","ASG000cp7l","2","4","H07","R2","10 opinions agree upon the species present","Hartebeest","1","1"
"http://www.snapshotserengeti.org/subjects/standard/5331de281bccd304b60707c9_1.JPG","ASG0012dq9","2","7","U11","R2","10 opinions agree upon the species present","Hartebeest","1","1"
"http://www.snapshotserengeti.org/subjects/standard/5331dce71bccd304b6068145_0.JPG","ASG0012r53","1","7","O06","R3","10 opinions agree upon the species present","Hartebeest","1","5"
"http://www.snapshotserengeti.org/subjects/standard/50c217d98a607540b9062f46_2.jpg","ASG0008oqu","3","3","O10","R11","10 opinions agree upon the species present","Hartebeest","1","3"
"http://www.snapshotserengeti.org/subjects/standard/51e8dcc0e0053a09c306cc78_2.jpg","ASG000zj3f","3","6","H07","R2","10 opinions agree upon the species present","Hartebeest","1","1"
"http://www.snapshotserengeti.org/subjects/standard/50dc92fba2fc8e378906dd50_2.jpg","ASG000cpt9","3","4","H07","R1","10 opinions agree upon the species present","Hartebeest","1","1"
"http://www.snapshotserengeti.org/subjects/standard/50dc9c7aa2fc8e37890949c8_1.jpg","ASG000d9jy","2","4","L11","R2","10 opinions agree upon the species present","Hartebeest","1","1"
"http://www.snapshotserengeti.org/subjects/standard/51a33c9ae18f49172b0e2500_1.jpg","ASG000q3q3","2","5","I03","R3","10 opinions agree upon the species present","Hartebeest","1","1"
"http://www.snapshotserengeti.org/subjects/standard/50c217e38a607540b906373d_1.jpg","ASG0008qbh","2","3","Q08","R11","10 opinions agree upon the species present","Hartebeest","1","1"
"http://www.snapshotserengeti.org/subjects/standard/50dc92e0a2fc8e378906d4d9_0.jpg","ASG000cphl","1","4","H07","R1","10 opinions agree upon the species present","Hartebeest","1","1"
"http://www.snapshotserengeti.org/subjects/standard/50c219618a607540b907535a_1.jpg","ASG000aafu","2","3","K03","R12","10 opinions agree upon the species present","Hartebeest","1","2"
"http://www.snapshotserengeti.org/subjects/standard/51a36a24e18f49172b138dfb_0.jpg","ASG000rdn7","1","5","M06","R1","Most common opinion from 25 opinions","Hartebeest","1","1"
"http://www.snapshotserengeti.org/subjects/standard/50c211fe8a607540b9019bb4_1.jpg","ASG00029bo","2","1","R11","R2","10 opinions agree upon the species present","Hartebeest","1","1"
"http://www.snapshotserengeti.org/subjects/standard/51a3bcc8e18f49172b1d6266_0.jpg","ASG000tkqv","1","5","T12","R3","10 opinions agree upon the species present","Hartebeest","1","4"
"http://www.snapshotserengeti.org/subjects/standard/5331dc521bccd304b60643cf_1.JPG","ASG0012x79","2","7","Q08","R4","10 opinions agree upon the species present","Hartebeest","1","2"
"http://www.snapshotserengeti.org/subjects/standard/50dc91f6a2fc8e378906a5f3_1.jpg","ASG000co66","2","4","H07","R2","10 opinions agree upon the species present","Hartebeest","1","1"
"http://www.snapshotserengeti.org/subjects/standard/51e90501e0053a09c30b73a2_0.jpg","ASG0010mel","1","6","N06","R1","10 opinions agree upon the species present","Hartebeest","1","1"
"http://www.snapshotserengeti.org/subjects/standard/51a3c504e18f49172b1e5e97_2.jpg","ASG000tsir","3","5","U10","R2","10 opinions agree upon the species present","Hartebeest","1","1"
"http://www.snapshotserengeti.org/subjects/standard/50c2134e8a607540b902c04f_2.jpg","ASG0003v4f","3","2","H07","R3","10 opinions agree upon the species present","Hartebeest","1","1"
"http://www.snapshotserengeti.org/subjects/standard/50dc925ca2fc8e378906bc8b_0.jpg","ASG000cowi","1","4","H07","R2","10 opinions agree upon the species present","Hartebeest","1","1"
"http://www.snapshotserengeti.org/subjects/standard/50c213608a607540b902cef6_1.jpg","ASG0003y0m","2","2","H07","R2","10 opinions agree upon the species present","Hartebeest","1","1"
"http://www.snapshotserengeti.org/subjects/standard/50dc932fa2fc8e378906eaae_0.jpg","ASG000cq8r","1","4","H07","R1","10 opinions agree upon the species present","Hartebeest","1","1"
"http://www.snapshotserengeti.org/subjects/standard/50dc932ca2fc8e378906ea4d_0.jpg","ASG000cq8j","1","4","H07","R1","10 opinions agree upon the species present","Hartebeest","1","2"
"http://www.snapshotserengeti.org/subjects/standard/50dc9239a2fc8e378906b6f8_2.jpg","ASG000cosc","3","4","H07","R2","10 opinions agree upon the species present","Hartebeest","1","1"
"http://www.snapshotserengeti.org/subjects/standard/50c2135a8a607540b902ca81_1.jpg","ASG0003x4x","2","2","H07","R1","10 opinions agree upon the species present","Hartebeest","1","1"
"http://www.snapshotserengeti.org/subjects/standard/50c213508a607540b902c2fe_2.jpg","ASG0003vni","3","2","H07","R3","10 opinions agree upon the species present","Hartebeest","1","1"
"http://www.snapshotserengeti.org/subjects/standard/50dc9232a2fc8e378906b603_2.jpg","ASG000corm","3","4","H07","R2","10 opinions agree upon the species present","Hartebeest","1","1"
"http://www.snapshotserengeti.org/subjects/standard/5331d0fc1bccd304b601a22d_1.JPG","ASG0016612","2","7","L06","R2","10 opinions agree upon the species present","Hartebeest","1","1"
"http://www.snapshotserengeti.org/subjects/standard/51e92357e0053a09c30ecb40_2.jpg","ASG0011cwf","3","6","S07","R1","10 opinions agree upon the species present","Hartebeest","1","1"
"http://www.snapshotserengeti.org/subjects/standard/50c217bf8a607540b90619bc_1.jpg","ASG0008kho","2","3","M06","R11","10 opinions agree upon the species present","Hartebeest","1","2"
"http://www.snapshotserengeti.org/subjects/standard/50dc930da2fc8e378906e30b_1.jpg","ASG000cq0z","2","4","H07","R1","10 opinions agree upon the species present","Hartebeest","1","1"
"http://www.snapshotserengeti.org/subjects/standard/50dcd2d2a2fc8e37890eee7a_1.jpg","ASG000ejdw","2","4","S10","R2","10 opinions agree upon the species present","Hartebeest","1","1"
"http://www.snapshotserengeti.org/subjects/standard/50dcd2d2a2fc8e37890eee7a_2.jpg","ASG000ejdw","3","4","S10","R2","10 opinions agree upon the species present","Hartebeest","1","1"
"http://zooniverse-static.s3.amazonaws.com/www.snapshotserengeti.org/subjects/standard/54cfd61687ee0404d5073ef3_0.JPG","ASG001e9f5","1","8","L10","R1","10 opinions agree upon the species present","Hartebeest","1","2"
