"url","Subject ID","Frame","Season","Site","Roll","Decision Type","Crowd Determination","Total Species Present","Total Animals Present"
"http://www.snapshotserengeti.org/subjects/standard/50c215a58a607540b9048e17_0.jpg","ASG0006ec7","1","2","P11","R3","10 opinions agree upon the species present","Ostriches","1","1"
"http://www.snapshotserengeti.org/subjects/standard/51e8f7e3e0053a09c309ef79_1.jpg","ASG00109ia","2","6","L05","R2","10 opinions agree upon the species present","Ostriches","1","1"
"http://www.snapshotserengeti.org/subjects/standard/51e8f7e3e0053a09c309ef87_1.jpg","ASG00109ic","2","6","L05","R2","10 opinions agree upon the species present","Ostriches","1","1"
"http://www.snapshotserengeti.org/subjects/standard/50dca4f9a2fc8e37890be4f9_2.jpg","ASG000duqd","3","4","E10","R3","10 opinions agree upon the species present","Ostriches","1","1"
"http://www.snapshotserengeti.org/subjects/standard/51a3c704e18f49172b1e9bbf_2.jpg","ASG000tufm","3","5","U12","R3","10 opinions agree upon the species present","Ostriches","1","3"
"http://www.snapshotserengeti.org/subjects/standard/51a345c6e18f49172b0f3d1f_0.jpg","ASG000qcxy","1","5","I13","R1","10 opinions agree upon the species present","Ostriches","1","4"
"http://www.snapshotserengeti.org/subjects/standard/51a345c6e18f49172b0f3d1f_1.jpg","ASG000qcxy","2","5","I13","R1","10 opinions agree upon the species present","Ostriches","1","4"
"http://www.snapshotserengeti.org/subjects/standard/51a3a0f3e18f49172b1a14a9_2.jpg","ASG000suje","3","5","Q05","R1","10 opinions agree upon the species present","Ostriches","1","1"
"http://www.snapshotserengeti.org/subjects/standard/51a3a0f5e18f49172b1a14f1_2.jpg","ASG000sujq","3","5","Q05","R1","10 opinions agree upon the species present","Ostriches","1","1"
"http://www.snapshotserengeti.org/subjects/standard/50c217f78a607540b906490b_0.jpg","ASG0008tu3","1","3","T09","R11","10 opinions agree upon the species present","Ostriches","1","1"
"http://www.snapshotserengeti.org/subjects/standard/50c217f78a607540b906490b_2.jpg","ASG0008tu3","3","3","T09","R11","10 opinions agree upon the species present","Ostriches","1","1"
"http://www.snapshotserengeti.org/subjects/standard/50c211a48a607540b90150c9_2.jpg","ASG0001uix","3","1","L13","R1","10 opinions agree upon the species present","Ostriches","1","1"
"http://www.snapshotserengeti.org/subjects/standard/50c217e78a607540b9063b1c_1.jpg","ASG0008r30","2","3","R06","R11","10 opinions agree upon the species present","Ostriches","1","1"
"http://zooniverse-static.s3.amazonaws.com/www.snapshotserengeti.org/subjects/standard/54cfd5a487ee0404d50705e9_0.JPG","ASG001e4tp","1","8","L05","R1","10 opinions agree upon the species present","Ostriches","1","2"
"http://www.snapshotserengeti.org/subjects/standard/51a2cc6ae18f49172b00c504_2.jpg","ASG000n5n1","3","5","B07","R3","10 opinions agree upon the species present","Ostriches","1","1"
"http://www.snapshotserengeti.org/subjects/standard/51a35400e18f49172b10ef5c_2.jpg","ASG000qrol","3","5","K03","R2","10 opinions agree upon the species present","Ostriches","1","1"
"http://www.snapshotserengeti.org/subjects/standard/51a353ffe18f49172b10ef55_1.jpg","ASG000qrok","2","5","K03","R2","10 opinions agree upon the species present","Ostriches","1","1"
"http://zooniverse-static.s3.amazonaws.com/www.snapshotserengeti.org/subjects/standard/54cfd41487ee0404d506407d_0.JPG","ASG001arun","1","8","K06","R3","10 opinions agree upon the species present","Ostriches","1","3"
"http://www.snapshotserengeti.org/subjects/standard/50c217f88a607540b9064945_2.jpg","ASG0008tvp","3","3","T09","R11","10 opinions agree upon the species present","Ostriches","1","1"
"http://www.snapshotserengeti.org/subjects/standard/50c219078a607540b90710e1_1.jpg","ASG0009xb5","2","3","I05","R12","10 opinions agree upon the species present","Ostriches","1","2"
"http://www.snapshotserengeti.org/subjects/standard/5331ddcb1bccd304b606e085_1.JPG","ASG0012hl7","2","7","T13","R1","10 opinions agree upon the species present","Ostriches","1","1"
"http://www.snapshotserengeti.org/subjects/standard/51a34d5be18f49172b1024d4_2.jpg","ASG000qk9r","3","5","J04","R2","10 opinions agree upon the species present","Ostriches","1","1"
"http://www.snapshotserengeti.org/subjects/standard/50c215bf8a607540b904a0ab_1.jpg","ASG0006i0b","2","2","Q09","R3","10 opinions agree upon the species present","Ostriches","1","1"
"http://www.snapshotserengeti.org/subjects/standard/51e8d14ae0053a09c3057966_2.jpg","ASG000z8ev","3","6","G04","R2","10 opinions agree upon the species present","Ostriches","1","1"
"http://www.snapshotserengeti.org/subjects/standard/50c217e78a607540b9063a25_2.jpg","ASG0008qw5","3","3","R06","R11","10 opinions agree upon the species present","Ostriches","1","1"
"http://www.snapshotserengeti.org/subjects/standard/51a3389de18f49172b0daad3_1.jpg","ASG000pzo2","2","5","H09","R2","10 opinions agree upon the species present","Ostriches","1","1"
"http://www.snapshotserengeti.org/subjects/standard/50c215c08a607540b904a13f_0.jpg","ASG0006i4f","1","2","Q09","R3","10 opinions agree upon the species present","Ostriches","1","3"
"http://www.snapshotserengeti.org/subjects/standard/50c219488a607540b9074038_0.jpg","ASG000a6ns","1","3","J07","R12","10 opinions agree upon the species present","Ostriches","1","1"
"http://www.snapshotserengeti.org/subjects/standard/51a333c2e18f49172b0d19a1_1.jpg","ASG000pv58","2","5","H07","R3","10 opinions agree upon the species present","Ostriches","1","1"
"http://www.snapshotserengeti.org/subjects/standard/5331d6b01bccd304b603e801_2.JPG","ASG0014k01","3","7","H08","R2","10 opinions agree upon the species present","Ostriches","1","1"
"http://www.snapshotserengeti.org/subjects/standard/51a3792ee18f49172b1558d4_0.jpg","ASG000rs2y","1","5","N04","R1","10 opinions agree upon the species present","Ostriches","1","1"
"http://zooniverse-static.s3.amazonaws.com/www.snapshotserengeti.org/subjects/standard/56a68cfd41479b00420558b5_0.JPG","ASG001haxy","1","9","H02","3","","Ostriches","1","1"
"http://www.snapshotserengeti.org/subjects/standard/50c210f88a607540b900bf46_1.jpg","ASG00011s6","2","1","H02","R2","10 opinions agree upon the species present","Ostriches","1","3"
"http://www.snapshotserengeti.org/subjects/standard/50c217318a607540b905a3e0_1.jpg","ASG0007x7k","2","3","C05","R11","10 opinions agree upon the species present","Ostriches","1","1"
"http://www.snapshotserengeti.org/subjects/standard/50c2106d8a607540b9004cf1_0.jpg","ASG0000f75","1","1","Q10","R1","10 opinions agree upon the species present","Ostriches","1","2"
"http://www.snapshotserengeti.org/subjects/standard/51a2d7fae18f49172b02244e_2.jpg","ASG000myq9","3","5","C01","R3","10 opinions agree upon the species present","Ostriches","1","1"
"http://www.snapshotserengeti.org/subjects/standard/51a3aee5e18f49172b1bba14_0.jpg","ASG000t7dh","1","5","R06","R2","10 opinions agree upon the species present","Ostriches","1","1"
"http://www.snapshotserengeti.org/subjects/standard/50c217e68a607540b90639e4_2.jpg","ASG0008quc","3","3","R06","R11","10 opinions agree upon the species present","Ostriches","1","1"
"http://www.snapshotserengeti.org/subjects/standard/50c211e38a607540b9018573_2.jpg","ASG00024xf","3","1","P07","R1","10 opinions agree upon the species present","Ostriches","1","1"
"http://www.snapshotserengeti.org/subjects/standard/51e9338fe0053a09c310ac12_2.jpg","ASG0011sxg","3","6","U13","R1","10 opinions agree upon the species present","Ostriches","1","3"
"http://www.snapshotserengeti.org/subjects/standard/50dcac2ca2fc8e37890c0167_2.jpg","ASG000dvm7","3","4","H02","R2","10 opinions agree upon the species present","Ostriches","1","1"
"http://www.snapshotserengeti.org/subjects/standard/50c212a18a607540b90232c4_0.jpg","ASG000335w","1","1","F08","R1","10 opinions agree upon the species present","Ostriches","1","1"
"http://www.snapshotserengeti.org/subjects/standard/50c212a18a607540b90232c1_0.jpg","ASG000335t","1","1","F08","R1","10 opinions agree upon the species present","Ostriches","1","1"
"http://www.snapshotserengeti.org/subjects/standard/51a3af9fe18f49172b1bd062_0.jpg","ASG000t845","1","5","R07","R1","10 opinions agree upon the species present","Ostriches","1","1"
"http://www.snapshotserengeti.org/subjects/standard/50c218808a607540b906ad8a_2.jpg","ASG0009doq","3","3","Q05","R1","10 opinions agree upon the species present","Ostriches","1","1"
"http://www.snapshotserengeti.org/subjects/standard/50c210778a607540b9005531_1.jpg","ASG0000gtt","2","1","R12","R1","10 opinions agree upon the species present","Ostriches","1","1"
"http://www.snapshotserengeti.org/subjects/standard/50dc861da2fc8e37890401ec_1.jpg","ASG000c0o6","2","4","E08","r1","10 opinions agree upon the species present","Ostriches","1","1"
"http://www.snapshotserengeti.org/subjects/standard/50c2117f8a607540b90130ef_1.jpg","ASG0001o8f","2","1","L05","R1","10 opinions agree upon the species present","Ostriches","1","1"
"http://www.snapshotserengeti.org/subjects/standard/50c2117f8a607540b90130ed_0.jpg","ASG0001o8d","1","1","L05","R1","10 opinions agree upon the species present","Ostriches","1","1"
"http://www.snapshotserengeti.org/subjects/standard/50c211028a607540b900c7c4_0.jpg","ASG00013gk","1","1","H09","R1","10 opinions agree upon the species present","Ostriches","1","1"
"http://www.snapshotserengeti.org/subjects/standard/50c219878a607540b9076db1_2.jpg","ASG000afn5","3","3","L05","R12","10 opinions agree upon the species present","Ostriches","1","1"
"http://www.snapshotserengeti.org/subjects/standard/50c217498a607540b905b744_0.jpg","ASG000811g","1","3","F12","R11","10 opinions agree upon the species present","Ostriches","1","1"
"http://www.snapshotserengeti.org/subjects/standard/50c212a18a607540b90232b2_0.jpg","ASG000335e","1","1","F08","R1","10 opinions agree upon the species present","Ostriches","1","1"
"http://www.snapshotserengeti.org/subjects/standard/50c217a48a607540b90602bd_2.jpg","ASG0008fy5","3","3","K05","R11","10 opinions agree upon the species present","Ostriches","1","1"
"http://www.snapshotserengeti.org/subjects/standard/50c2175e8a607540b905c7be_1.jpg","ASG00084am","2","3","G13","R11","10 opinions agree upon the species present","Ostriches","1","1"
"http://www.snapshotserengeti.org/subjects/standard/5331de6a1bccd304b6072365_0.JPG","ASG0012aph","1","7","G07","R2","10 opinions agree upon the species present","Ostriches","1","1"
"http://www.snapshotserengeti.org/subjects/standard/5331e3871bccd304b6093975_2.JPG","ASG0018do2","3","7","Q07","R1","10 opinions agree upon the species present","Ostriches","1","1"
"http://www.snapshotserengeti.org/subjects/standard/50c217128a607540b9058e0d_1.jpg","ASG0007swd","2","2","M07","R3","10 opinions agree upon the species present","Ostriches","1","1"
"http://www.snapshotserengeti.org/subjects/standard/51a35e22e18f49172b122456_2.jpg","ASG000r1o7","3","5","L05","R1","10 opinions agree upon the species present","Ostriches","1","1"
"http://www.snapshotserengeti.org/subjects/standard/50c210478a607540b9002dbc_0.jpg","ASG0000918","1","1","J05","R3","10 opinions agree upon the species present","Ostriches","1","1"
"http://www.snapshotserengeti.org/subjects/standard/50c210478a607540b9002dbc_2.jpg","ASG0000918","3","1","J05","R3","10 opinions agree upon the species present","Ostriches","1","1"
"http://www.snapshotserengeti.org/subjects/standard/50c213228a607540b9029c4c_2.jpg","ASG0003o0c","3","2","C05","R2","10 opinions agree upon the species present","Ostriches","1","1"
"http://www.snapshotserengeti.org/subjects/standard/50c217c38a607540b9061cb9_0.jpg","ASG0008l2x","1","3","N04","R11","10 opinions agree upon the species present","Ostriches","1","1"
"http://www.snapshotserengeti.org/subjects/standard/50c2170e8a607540b90589cf_1.jpg","ASG0007s27","2","2","M07","R3","10 opinions agree upon the species present","Ostriches","1","1"
"http://www.snapshotserengeti.org/subjects/standard/50c217428a607540b905b141_1.jpg","ASG0007zup","2","3","F04","R11","10 opinions agree upon the species present","Ostriches","1","1"
"http://www.snapshotserengeti.org/subjects/standard/50c210488a607540b9002e5a_0.jpg","ASG000095m","1","1","J10","R1","10 opinions agree upon the species present","Ostriches","1","1"
"http://www.snapshotserengeti.org/subjects/standard/51a33142e18f49172b0ccdd6_0.jpg","ASG000psmk","1","5","H07","R1","10 opinions agree upon the species present","Ostriches","1","1"
"http://www.snapshotserengeti.org/subjects/standard/51e8a5d6e0053a09c30078c8_2.jpg","ASG000y32x","3","6","B07","R2","10 opinions agree upon the species present","Ostriches","1","1"
"http://www.snapshotserengeti.org/subjects/standard/51a2d85be18f49172b022fa2_1.jpg","ASG000mz3l","2","5","C02","R1","10 opinions agree upon the species present","Ostriches","1","1"
"http://www.snapshotserengeti.org/subjects/standard/51a34d26e18f49172b101e6d_2.jpg","ASG000qk32","3","5","J04","R2","10 opinions agree upon the species present","Ostriches","1","1"
"http://www.snapshotserengeti.org/subjects/standard/51a31822e18f49172b09cd97_2.jpg","ASG000p2aj","3","5","F04","R2","10 opinions agree upon the species present","Ostriches","1","1"
"http://www.snapshotserengeti.org/subjects/standard/51a31f8be18f49172b0ab0e7_0.jpg","ASG000pael","1","5","G04","R2","10 opinions agree upon the species present","Ostriches","1","1"
"http://www.snapshotserengeti.org/subjects/standard/5331de9b1bccd304b60737d1_0.JPG","ASG00128ye","1","7","G10","R3","10 opinions agree upon the species present","Ostriches","1","1"
"http://www.snapshotserengeti.org/subjects/standard/50c217e48a607540b90637b5_2.jpg","ASG0008qet","3","3","Q08","R11","10 opinions agree upon the species present","Ostriches","1","1"
"http://www.snapshotserengeti.org/subjects/standard/51e8a961e0053a09c300e139_1.jpg","ASG000y6iw","2","6","C01","R2","10 opinions agree upon the species present","Ostriches","1","1"
"http://www.snapshotserengeti.org/subjects/standard/51a3a115e18f49172b1a18bf_0.jpg","ASG000suo8","1","5","Q05","R3","10 opinions agree upon the species present","Ostriches","1","1"
"http://www.snapshotserengeti.org/subjects/standard/50dcb43ea2fc8e37890dad32_1.jpg","ASG000e9er","2","4","C02","R2","10 opinions agree upon the species present","Ostriches","1","2"
"http://zooniverse-static.s3.amazonaws.com/www.snapshotserengeti.org/subjects/standard/54cfccae87ee0404d5029091_0.JPG","ASG001fmvp","1","8","E11","R1","10 opinions agree upon the species present","Ostriches","1","1"
"http://www.snapshotserengeti.org/subjects/standard/50c219b68a607540b9079309_1.jpg","ASG000an0p","2","3","O07","R12","10 opinions agree upon the species present","Ostriches","1","1"
"http://www.snapshotserengeti.org/subjects/standard/50c217318a607540b905a354_2.jpg","ASG0007x3o","3","3","C05","R11","10 opinions agree upon the species present","Ostriches","1","1"
"http://www.snapshotserengeti.org/subjects/standard/51a3193ae18f49172b09ef4e_0.jpg","ASG000p3bb","1","5","F04","R4","10 opinions agree upon the species present","Ostriches","1","1"
"http://www.snapshotserengeti.org/subjects/standard/5331d4791bccd304b602fe41_0.JPG","ASG001571u","1","7","R05","R2","10 opinions agree upon the species present","Ostriches","1","1"
"http://www.snapshotserengeti.org/subjects/standard/50c2155b8a607540b9045aac_0.jpg","ASG000646k","1","2","J05","R1","10 opinions agree upon the species present","Ostriches","1","1"
"http://zooniverse-static.s3.amazonaws.com/www.snapshotserengeti.org/subjects/standard/56a6913141479b0042059d79_0.JPG","ASG001gyuj","1","9","N07","2","","Ostriches","1","1"
"http://www.snapshotserengeti.org/subjects/standard/50c216cd8a607540b9055cd7_1.jpg","ASG0007j6f","2","2","L07","R3","10 opinions agree upon the species present","Ostriches","1","1"
"http://www.snapshotserengeti.org/subjects/standard/51a3a310e18f49172b1a5554_1.jpg","ASG000swja","2","5","Q08","R3","10 opinions agree upon the species present","Ostriches","1","1"
"http://www.snapshotserengeti.org/subjects/standard/51a3a3dfe18f49172b1a6e35_1.jpg","ASG000sxcl","2","5","Q11","R3","10 opinions agree upon the species present","Ostriches","1","2"
"http://www.snapshotserengeti.org/subjects/standard/50c2165c8a607540b905120c_0.jpg","ASG00074ek","1","2","V10","R3","10 opinions agree upon the species present","Ostriches","1","1"
"http://www.snapshotserengeti.org/subjects/standard/51e8a5cfe0053a09c30077f6_1.jpg","ASG000y31z","2","6","B07","R2","10 opinions agree upon the species present","Ostriches","1","1"
"http://www.snapshotserengeti.org/subjects/standard/50c215bd8a607540b9049ed2_0.jpg","ASG0006hn6","1","2","Q07","R2","10 opinions agree upon the species present","Ostriches","1","2"
"http://zooniverse-static.s3.amazonaws.com/www.snapshotserengeti.org/subjects/standard/54cfd95387ee0404d508da97_0.JPG","ASG001d33l","1","8","O04","R3","10 opinions agree upon the species present","Ostriches","1","1"
"http://zooniverse-static.s3.amazonaws.com/www.snapshotserengeti.org/subjects/standard/54cfd90387ee0404d508b4d1_0.JPG","ASG001d6md","1","8","N10","R2","10 opinions agree upon the species present","Ostriches","1","2"
"http://www.snapshotserengeti.org/subjects/standard/5331defa1bccd304b607606f_0.JPG","ASG00124yv","1","7","H04","R2","10 opinions agree upon the species present","Ostriches","1","1"
"http://zooniverse-static.s3.amazonaws.com/www.snapshotserengeti.org/subjects/standard/54cfd95587ee0404d508db4d_0.JPG","ASG001d2z9","1","8","O04","R3","10 opinions agree upon the species present","Ostriches","1","1"
"http://www.snapshotserengeti.org/subjects/standard/50dc843fa2fc8e3789035cd2_2.jpg","ASG000bvi4","3","4","I04","R2","10 opinions agree upon the species present","Ostriches","1","1"
"http://www.snapshotserengeti.org/subjects/standard/51a377bde18f49172b152cbb_2.jpg","ASG000rqlg","3","5","M13","R3","10 opinions agree upon the species present","Ostriches","1","1"
"http://www.snapshotserengeti.org/subjects/standard/5331cfba1bccd304b6012249_1.JPG","ASG0016ikt","2","7","D11","R2","10 opinions agree upon the species present","Ostriches","1","1"
"http://www.snapshotserengeti.org/subjects/standard/50c211448a607540b900ff8c_1.jpg","ASG0001eh8","2","1","J06","R3","10 opinions agree upon the species present","Ostriches","1","1"
"http://www.snapshotserengeti.org/subjects/standard/5331da8e1bccd304b6058569_1.JPG","ASG0013f5u","2","7","F08","R2","10 opinions agree upon the species present","Ostriches","1","1"
"http://zooniverse-static.s3.amazonaws.com/www.snapshotserengeti.org/subjects/standard/54cfc91d87ee0404d500dd95_0.JPG","ASG001c98q","1","8","C07","R3","10 opinions agree upon the species present","Ostriches","1","1"
