url,Subject ID,Frame,Season,Site,Roll,Decision Type,Crowd Determination
http://www.snapshotserengeti.org/subjects/standard/5331cdd61bccd304b6006015_1.JPG,ASG00171vf,2,7,B09,R3,10 opinions agree upon the species present,Ostriches
http://www.snapshotserengeti.org/subjects/standard/5331dfd11bccd304b607bb97_0.JPG,ASG0017bu2,1,7,E13,R3,10 opinions agree upon the species present,Ostriches
http://www.snapshotserengeti.org/subjects/standard/51a345c6e18f49172b0f3d1f_1.jpg,ASG000qcxy,2,5,I13,R1,10 opinions agree upon the species present,Ostriches
http://www.snapshotserengeti.org/subjects/standard/51e8e321e0053a09c30788c2_0.jpg,ASG000zp17,1,6,I05,R2,10 opinions agree upon the species present,Ostriches
http://www.snapshotserengeti.org/subjects/standard/51a3a0f5e18f49172b1a14f1_1.jpg,ASG000sujq,2,5,Q05,R1,10 opinions agree upon the species present,Ostriches
http://www.snapshotserengeti.org/subjects/standard/50c219cd8a607540b907a538_2.jpg,ASG000aqm0,3,3,P06,R12,10 opinions agree upon the species present,Ostriches
http://www.snapshotserengeti.org/subjects/standard/51a35553e18f49172b11181d_2.jpg,ASG000qt2d,3,5,K04,R3,10 opinions agree upon the species present,Ostriches
http://zooniverse-static.s3.amazonaws.com/www.snapshotserengeti.org/subjects/standard/56a6934641479b004205c253_0.JPG,ASG001gv7o,1,9,O07,2,10 opinions agree upon the species present,Ostriches
http://www.snapshotserengeti.org/subjects/standard/50c212a18a607540b90232ca_0.jpg,ASG0003362,1,1,F08,R1,10 opinions agree upon the species present,Ostriches
http://www.snapshotserengeti.org/subjects/standard/50c210bf8a607540b9008f78_0.jpg,ASG0000sc8,1,1,F09,R3,10 opinions agree upon the species present,Ostriches
http://www.snapshotserengeti.org/subjects/standard/5331d60a1bccd304b603a407_0.JPG,ASG0014ql7,1,7,S10,R3,10 opinions agree upon the species present,Ostriches
http://www.snapshotserengeti.org/subjects/standard/51a38a8be18f49172b17692f_1.jpg,ASG000s899,2,5,O06,R1,10 opinions agree upon the species present,Ostriches
http://www.snapshotserengeti.org/subjects/standard/50c213af8a607540b9030afc_2.jpg,ASG00049vg,3,2,D12,R3,10 opinions agree upon the species present,Ostriches
http://www.snapshotserengeti.org/subjects/standard/50c218078a607540b9065664_2.jpg,ASG0008wh0,3,3,C10,R11,10 opinions agree upon the species present,Ostriches
http://zooniverse-static.s3.amazonaws.com/www.snapshotserengeti.org/subjects/standard/56a68bbe41479b004205424d_0.JPG,ASG001hd5e,1,9,E11,2,,Ostriches
http://www.snapshotserengeti.org/subjects/standard/5331e12f1bccd304b6084067_0.JPG,ASG0017oz8,1,7,L05,R1,10 opinions agree upon the species present,Ostriches
http://www.snapshotserengeti.org/subjects/standard/5331d4791bccd304b602fe5b_1.JPG,ASG001572c,2,7,R05,R2,10 opinions agree upon the species present,Ostriches
http://www.snapshotserengeti.org/subjects/standard/5331ddcb1bccd304b606e085_2.JPG,ASG0012hl7,3,7,T13,R1,10 opinions agree upon the species present,Ostriches
http://zooniverse-static.s3.amazonaws.com/www.snapshotserengeti.org/subjects/standard/54cfdadc87ee0404d50994cb_0.JPG,ASG001cmp7,1,8,P10,R3,10 opinions agree upon the species present,Ostriches
http://www.snapshotserengeti.org/subjects/standard/51a2d6cee18f49172b0200d3_2.jpg,ASG000mxdg,3,5,C01,R3,10 opinions agree upon the species present,Ostriches
http://www.snapshotserengeti.org/subjects/standard/51a3b1fbe18f49172b1c18b0_1.jpg,ASG000tacm,2,5,S07,R2,10 opinions agree upon the species present,Ostriches
http://www.snapshotserengeti.org/subjects/standard/51a31795e18f49172b09bcac_0.jpg,ASG000p1o6,1,5,F04,R2,10 opinions agree upon the species present,Ostriches
http://zooniverse-static.s3.amazonaws.com/www.snapshotserengeti.org/subjects/standard/56a6aead41479b0042079581_0.JPG,ASG001lwf4,1,9,I12,1,,Ostriches
http://www.snapshotserengeti.org/subjects/standard/51a2ca5de18f49172b00869e_2.jpg,ASG000n3o3,3,5,B07,R1,10 opinions agree upon the species present,Ostriches
http://www.snapshotserengeti.org/subjects/standard/51a331e0e18f49172b0ce0a7_0.jpg,ASG000ptcq,1,5,H07,R1,10 opinions agree upon the species present,Ostriches
http://www.snapshotserengeti.org/subjects/standard/51a333c2e18f49172b0d1993_0.jpg,ASG000pv56,1,5,H07,R3,10 opinions agree upon the species present,Ostriches
http://www.snapshotserengeti.org/subjects/standard/5331cd6c1bccd304b60034cd_1.JPG,ASG001761s,2,7,B07,R2,10 opinions agree upon the species present,Ostriches
http://www.snapshotserengeti.org/subjects/standard/50c215f38a607540b904c60d_0.jpg,ASG0006pe5,1,2,S10,R2,10 opinions agree upon the species present,Ostriches
http://www.snapshotserengeti.org/subjects/standard/50c217318a607540b905a3e0_0.jpg,ASG0007x7k,1,3,C05,R11,10 opinions agree upon the species present,Ostriches
http://www.snapshotserengeti.org/subjects/standard/50c217318a607540b905a3e0_1.jpg,ASG0007x7k,2,3,C05,R11,10 opinions agree upon the species present,Ostriches
http://www.snapshotserengeti.org/subjects/standard/51a31463e18f49172b095afb_1.jpg,ASG000oyji,2,5,F02,R2,10 opinions agree upon the species present,Ostriches
http://www.snapshotserengeti.org/subjects/standard/51a3bd73e18f49172b1d76ab_2.jpg,ASG000tld0,3,5,T12,R4,10 opinions agree upon the species present,Ostriches
http://www.snapshotserengeti.org/subjects/standard/51a2d7fae18f49172b02244e_2.jpg,ASG000myq9,3,5,C01,R3,10 opinions agree upon the species present,Ostriches
http://www.snapshotserengeti.org/subjects/standard/50c217a38a607540b90601d9_2.jpg,ASG0008frt,3,3,K04,R11,10 opinions agree upon the species present,Ostriches
http://www.snapshotserengeti.org/subjects/standard/50c216ce8a607540b9055d28_0.jpg,ASG0007j8o,1,2,L07,R4,10 opinions agree upon the species present,Ostriches
http://www.snapshotserengeti.org/subjects/standard/50c215e78a607540b904bd87_0.jpg,ASG0006npj,1,2,R08,R2,10 opinions agree upon the species present,Ostriches
http://www.snapshotserengeti.org/subjects/standard/50c217e68a607540b90639e4_0.jpg,ASG0008quc,1,3,R06,R11,10 opinions agree upon the species present,Ostriches
http://www.snapshotserengeti.org/subjects/standard/51e914fbe0053a09c30d4015_0.jpg,ASG00110rm,1,6,P05,R1,10 opinions agree upon the species present,Ostriches
http://www.snapshotserengeti.org/subjects/standard/51e914fbe0053a09c30d4007_0.jpg,ASG00110rk,1,6,P05,R1,10 opinions agree upon the species present,Ostriches
http://www.snapshotserengeti.org/subjects/standard/50c210b48a607540b90086d5_2.jpg,ASG0000qmt,3,1,F03,R5,10 opinions agree upon the species present,Ostriches
http://www.snapshotserengeti.org/subjects/standard/50c212a18a607540b90232bd_0.jpg,ASG000335p,1,1,F08,R1,10 opinions agree upon the species present,Ostriches
http://www.snapshotserengeti.org/subjects/standard/50c212a18a607540b90232b9_0.jpg,ASG000335l,1,1,F08,R1,10 opinions agree upon the species present,Ostriches
http://www.snapshotserengeti.org/subjects/standard/50c218808a607540b906ae46_1.jpg,ASG0009dty,2,3,Q05,R1,10 opinions agree upon the species present,Ostriches
http://www.snapshotserengeti.org/subjects/standard/51a3657fe18f49172b130001_1.jpg,ASG000r94m,2,5,M02,R2,10 opinions agree upon the species present,Ostriches
http://www.snapshotserengeti.org/subjects/standard/51e90bb3e0053a09c30c3a08_1.jpg,ASG0010sfy,2,6,O04,R2,10 opinions agree upon the species present,Ostriches
http://www.snapshotserengeti.org/subjects/standard/50dc861da2fc8e37890401ec_0.jpg,ASG000c0o6,1,4,E08,r1,10 opinions agree upon the species present,Ostriches
http://www.snapshotserengeti.org/subjects/standard/51a3b960e18f49172b1cf9fe_2.jpg,ASG000thkg,3,5,T11,R3,10 opinions agree upon the species present,Ostriches
http://www.snapshotserengeti.org/subjects/standard/51a35dc7e18f49172b121967_2.jpg,ASG000r1ce,3,5,L05,R1,10 opinions agree upon the species present,Ostriches
http://www.snapshotserengeti.org/subjects/standard/5331e12f1bccd304b6084021_2.JPG,ASG0017p05,3,7,L05,R1,10 opinions agree upon the species present,Ostriches
http://www.snapshotserengeti.org/subjects/standard/5331e12f1bccd304b6084063_0.JPG,ASG0017p0m,1,7,L05,R1,10 opinions agree upon the species present,Ostriches
http://zooniverse-static.s3.amazonaws.com/www.snapshotserengeti.org/subjects/standard/56a6928541479b004205b471_0.JPG,ASG001gwlk,1,9,L13,2,,Ostriches
http://www.snapshotserengeti.org/subjects/standard/50c212a18a607540b90232bb_0.jpg,ASG000335n,1,1,F08,R1,10 opinions agree upon the species present,Ostriches
http://www.snapshotserengeti.org/subjects/standard/5331cfa31bccd304b6011929_1.JPG,ASG0016jj4,2,7,D10,R3,10 opinions agree upon the species present,Ostriches
http://www.snapshotserengeti.org/subjects/standard/50c219cf8a607540b907a689_1.jpg,ASG000aqvd,2,3,P06,R12,10 opinions agree upon the species present,Ostriches
http://www.snapshotserengeti.org/subjects/standard/50c217a48a607540b90602bd_0.jpg,ASG0008fy5,1,3,K05,R11,10 opinions agree upon the species present,Ostriches
http://www.snapshotserengeti.org/subjects/standard/50c217a48a607540b90602bd_1.jpg,ASG0008fy5,2,3,K05,R11,10 opinions agree upon the species present,Ostriches
http://www.snapshotserengeti.org/subjects/standard/51e8da21e0053a09c3067eba_1.jpg,ASG000zgs9,2,6,H05,R2,10 opinions agree upon the species present,Ostriches
http://www.snapshotserengeti.org/subjects/standard/50c2175e8a607540b905c7be_2.jpg,ASG00084am,3,3,G13,R11,10 opinions agree upon the species present,Ostriches
http://www.snapshotserengeti.org/subjects/standard/5331dd921bccd304b606c85f_0.JPG,ASG0012k1q,1,7,T10,R2,10 opinions agree upon the species present,Ostriches
http://www.snapshotserengeti.org/subjects/standard/51a31782e18f49172b09ba65_0.jpg,ASG000p1ll,1,5,F04,R2,10 opinions agree upon the species present,Ostriches
http://www.snapshotserengeti.org/subjects/standard/50c217478a607540b905b671_0.jpg,ASG00080vl,1,3,F10,R11,Most common opinion from 25 opinions,Ostriches
http://www.snapshotserengeti.org/subjects/standard/51a3c6f7e18f49172b1e9a29_0.jpg,ASG000tudg,1,5,U12,R1,10 opinions agree upon the species present,Ostriches
http://www.snapshotserengeti.org/subjects/standard/50dc77e3a2fc8e378901eed4_1.jpg,ASG000bk1d,2,4,Q08,R2,10 opinions agree upon the species present,Ostriches
http://www.snapshotserengeti.org/subjects/standard/50c210528a607540b90035c3_1.jpg,ASG0000amb,2,1,N11,R1,10 opinions agree upon the species present,Ostriches
http://www.snapshotserengeti.org/subjects/standard/50c217ae8a607540b9060b73_0.jpg,ASG0008ho3,1,3,L05,R11,10 opinions agree upon the species present,Ostriches
http://www.snapshotserengeti.org/subjects/standard/5331cf9d1bccd304b60116ef_1.JPG,ASG0016jsb,2,7,D10,R3,10 opinions agree upon the species present,Ostriches
http://www.snapshotserengeti.org/subjects/standard/50c214608a607540b9039b2d_2.jpg,ASG00052ct,3,2,G02,R3,10 opinions agree upon the species present,Ostriches
http://zooniverse-static.s3.amazonaws.com/www.snapshotserengeti.org/subjects/standard/54cfc8cf87ee0404d500b77b_0.JPG,ASG001cc5v,1,8,C05,R2,10 opinions agree upon the species present,Ostriches
http://www.snapshotserengeti.org/subjects/standard/51a3988be18f49172b1913ba_0.jpg,ASG000sm8i,1,5,P08,R1,10 opinions agree upon the species present,Ostriches
http://www.snapshotserengeti.org/subjects/standard/5331d1d31bccd304b601f443_1.JPG,ASG0015x7f,2,7,M05,R3,10 opinions agree upon the species present,Ostriches
http://www.snapshotserengeti.org/subjects/standard/50c217e48a607540b90637a0_2.jpg,ASG0008qe8,3,3,Q08,R11,10 opinions agree upon the species present,Ostriches
http://www.snapshotserengeti.org/subjects/standard/5331de371bccd304b6070e9f_0.JPG,ASG0012d4q,1,7,U12,R3,10 opinions agree upon the species present,Ostriches
http://www.snapshotserengeti.org/subjects/standard/50c2139e8a607540b902fdf9_1.jpg,ASG00047ax,2,2,D09,R1,10 opinions agree upon the species present,Ostriches
http://www.snapshotserengeti.org/subjects/standard/50c2139e8a607540b902fdf9_2.jpg,ASG00047ax,3,2,D09,R1,10 opinions agree upon the species present,Ostriches
http://www.snapshotserengeti.org/subjects/standard/51a3a115e18f49172b1a18b1_2.jpg,ASG000suo6,3,5,Q05,R3,10 opinions agree upon the species present,Ostriches
http://www.snapshotserengeti.org/subjects/standard/51a3af00e18f49172b1bbd4b_2.jpg,ASG000t7i2,3,5,R06,R2,10 opinions agree upon the species present,Ostriches
http://www.snapshotserengeti.org/subjects/standard/50c217a48a607540b906029d_0.jpg,ASG0008fx9,1,3,K05,R11,10 opinions agree upon the species present,Ostriches
http://www.snapshotserengeti.org/subjects/standard/50c217318a607540b905a354_0.jpg,ASG0007x3o,1,3,C05,R11,10 opinions agree upon the species present,Ostriches
http://www.snapshotserengeti.org/subjects/standard/51a3752ae18f49172b14de49_0.jpg,ASG000ro8y,1,5,M12,R2,10 opinions agree upon the species present,Ostriches
http://zooniverse-static.s3.amazonaws.com/www.snapshotserengeti.org/subjects/standard/54cfd21187ee0404d5054015_0.JPG,ASG001b5xo,1,8,I04,R1,10 opinions agree upon the species present,Ostriches
http://www.snapshotserengeti.org/subjects/standard/50c213628a607540b902d17e_0.jpg,ASG0003yim,1,2,D02,R4,10 opinions agree upon the species present,Ostriches
http://www.snapshotserengeti.org/subjects/standard/5331d6b01bccd304b603e803_2.JPG,ASG0014jzi,3,7,H08,R2,10 opinions agree upon the species present,Ostriches
http://www.snapshotserengeti.org/subjects/standard/51a3b6d2e18f49172b1cabe2_1.jpg,ASG000tezy,2,5,T09,R2,10 opinions agree upon the species present,Ostriches
http://www.snapshotserengeti.org/subjects/standard/51a3b6cce18f49172b1cab26_0.jpg,ASG000tez4,1,5,T09,R2,10 opinions agree upon the species present,Ostriches
http://www.snapshotserengeti.org/subjects/standard/50c2155b8a607540b9045aac_1.jpg,ASG000646k,2,2,J05,R1,10 opinions agree upon the species present,Ostriches
http://www.snapshotserengeti.org/subjects/standard/51e8a925e0053a09c300da54_2.jpg,ASG000y6ah,3,6,C01,R1,10 opinions agree upon the species present,Ostriches
http://www.snapshotserengeti.org/subjects/standard/50c212698a607540b901fa1c_0.jpg,ASG0002rz0,1,1,C05,R3,10 opinions agree upon the species present,Ostriches
http://www.snapshotserengeti.org/subjects/standard/50c218dc8a607540b906f0b2_1.jpg,ASG0009qya,2,3,H07,R12,10 opinions agree upon the species present,Ostriches
http://www.snapshotserengeti.org/subjects/standard/5331cd881bccd304b6004077_2.JPG,ASG00174wb,3,7,B07,R3,10 opinions agree upon the species present,Ostriches
http://www.snapshotserengeti.org/subjects/standard/51a3a310e18f49172b1a5554_0.jpg,ASG000swja,1,5,Q08,R3,10 opinions agree upon the species present,Ostriches
http://www.snapshotserengeti.org/subjects/standard/51a3bce8e18f49172b1d663a_0.jpg,ASG000tkuz,1,5,T12,R3,10 opinions agree upon the species present,Ostriches
http://zooniverse-static.s3.amazonaws.com/www.snapshotserengeti.org/subjects/standard/54cfc85b87ee0404d5007e55_0.JPG,ASG001ejld,1,8,C01,R3,10 opinions agree upon the species present,Ostriches
http://www.snapshotserengeti.org/subjects/standard/50c219778a607540b9076358_0.jpg,ASG000adlk,1,3,K08,R12,10 opinions agree upon the species present,Ostriches
http://www.snapshotserengeti.org/subjects/standard/50c219778a607540b9076358_1.jpg,ASG000adlk,2,3,K08,R12,10 opinions agree upon the species present,Ostriches
http://www.snapshotserengeti.org/subjects/standard/50dc843fa2fc8e3789035cd2_2.jpg,ASG000bvi4,3,4,I04,R2,10 opinions agree upon the species present,Ostriches
http://zooniverse-static.s3.amazonaws.com/www.snapshotserengeti.org/subjects/standard/54cfc7ac87ee0404d50025eb_0.JPG,ASG001duid,1,8,B07,R1,10 opinions agree upon the species present,Ostriches
http://zooniverse-static.s3.amazonaws.com/www.snapshotserengeti.org/subjects/standard/54cfda4287ee0404d509491b_0.JPG,ASG001cszl,1,8,P03,R3,10 opinions agree upon the species present,Ostriches
http://www.snapshotserengeti.org/subjects/standard/50dcb2fca2fc8e37890d02d4_0.jpg,ASG000e3tn,1,4,G13,R1,10 opinions agree upon the species present,Ostriches
http://www.snapshotserengeti.org/subjects/standard/50c217be8a607540b90618c2_2.jpg,ASG0008kaq,3,3,M05,R11,10 opinions agree upon the species present,Ostriches
http://zooniverse-static.s3.amazonaws.com/www.snapshotserengeti.org/subjects/standard/54cfc91d87ee0404d500dd95_0.JPG,ASG001c98q,1,8,C07,R3,10 opinions agree upon the species present,Ostriches
