"url","Subject ID","Frame","Season","Site","Roll","Decision Type","Crowd Determination","Total Species Present","Total Animals Present"
"http://www.snapshotserengeti.org/subjects/standard/50c219b68a607540b9079324_0.jpg","ASG000an1g","1","3","O07","R12","10 opinions agree upon the species present","Ostriches","1","1"
"http://zooniverse-static.s3.amazonaws.com/www.snapshotserengeti.org/subjects/standard/54cfc7ad87ee0404d5002613_0.JPG","ASG001du9y","1","8","B07","R1","10 opinions agree upon the species present","Ostriches","1","1"
"http://www.snapshotserengeti.org/subjects/standard/50c219708a607540b9075ddd_1.jpg","ASG000acil","2","3","K07","R12","10 opinions agree upon the species present","Ostriches","1","1"
"http://www.snapshotserengeti.org/subjects/standard/5331e3871bccd304b6093977_1.JPG","ASG0018dql","2","7","Q07","R1","10 opinions agree upon the species present","Ostriches","1","1"
"http://www.snapshotserengeti.org/subjects/standard/5331e3871bccd304b6093977_2.JPG","ASG0018dql","3","7","Q07","R1","10 opinions agree upon the species present","Ostriches","1","1"
"http://www.snapshotserengeti.org/subjects/standard/50dca4f9a2fc8e37890be4f9_0.jpg","ASG000duqd","1","4","E10","R3","10 opinions agree upon the species present","Ostriches","1","1"
"http://www.snapshotserengeti.org/subjects/standard/50c219b78a607540b90793b4_0.jpg","ASG000an5g","1","3","O07","R12","10 opinions agree upon the species present","Ostriches","1","1"
"http://www.snapshotserengeti.org/subjects/standard/50c217d68a607540b9062c9e_1.jpg","ASG0008o7y","2","3","O06","R11","10 opinions agree upon the species present","Ostriches","1","1"
"http://www.snapshotserengeti.org/subjects/standard/51e8e320e0053a09c30788b4_1.jpg","ASG000zp15","2","6","I05","R2","10 opinions agree upon the species present","Ostriches","1","1"
"http://www.snapshotserengeti.org/subjects/standard/51a3a0f5e18f49172b1a14f1_2.jpg","ASG000sujq","3","5","Q05","R1","10 opinions agree upon the species present","Ostriches","1","1"
"http://zooniverse-static.s3.amazonaws.com/www.snapshotserengeti.org/subjects/standard/54cfd31a87ee0404d505c39b_0.JPG","ASG001ahi1","1","8","J04","R3","10 opinions agree upon the species present","Ostriches","1","1"
"http://www.snapshotserengeti.org/subjects/standard/51a38803e18f49172b171c26_1.jpg","ASG000s5u1","2","5","O04","R2","10 opinions agree upon the species present","Ostriches","1","2"
"http://www.snapshotserengeti.org/subjects/standard/51a398fee18f49172b192194_1.jpg","ASG000smni","2","5","P08","R3","10 opinions agree upon the species present","Ostriches","1","1"
"http://www.snapshotserengeti.org/subjects/standard/51a2cc6ae18f49172b00c504_0.jpg","ASG000n5n1","1","5","B07","R3","10 opinions agree upon the species present","Ostriches","1","1"
"http://www.snapshotserengeti.org/subjects/standard/51e8ffd1e0053a09c30ad9ee_2.jpg","ASG0010hbl","3","6","M09","R1","10 opinions agree upon the species present","Ostriches","1","1"
"http://www.snapshotserengeti.org/subjects/standard/50c215bd8a607540b9049ebb_0.jpg","ASG0006hmj","1","2","Q07","R2","10 opinions agree upon the species present","Ostriches","1","1"
"http://www.snapshotserengeti.org/subjects/standard/50c215c78a607540b904a650_0.jpg","ASG0006j4g","1","2","Q09","R4","10 opinions agree upon the species present","Ostriches","1","1"
"http://www.snapshotserengeti.org/subjects/standard/50c218448a607540b90682d1_2.jpg","ASG000958x","3","3","E05","R12","10 opinions agree upon the species present","Ostriches","1","1"
"http://www.snapshotserengeti.org/subjects/standard/51a34d5be18f49172b1024d4_0.jpg","ASG000qk9r","1","5","J04","R2","10 opinions agree upon the species present","Ostriches","1","1"
"http://www.snapshotserengeti.org/subjects/standard/50c217c28a607540b9061c61_0.jpg","ASG0008l0h","1","3","N04","R11","10 opinions agree upon the species present","Ostriches","1","1"
"http://www.snapshotserengeti.org/subjects/standard/51e8b48ce0053a09c3022b0f_2.jpg","ASG000yh2k","3","6","D03","R2","10 opinions agree upon the species present","Ostriches","1","1"
"http://www.snapshotserengeti.org/subjects/standard/5331e0041bccd304b607d0ed_0.JPG","ASG0017dz4","1","7","F03","R3","10 opinions agree upon the species present","Ostriches","1","1"
"http://www.snapshotserengeti.org/subjects/standard/50c217bf8a607540b90619e3_0.jpg","ASG0008kir","1","3","M06","R11","10 opinions agree upon the species present","Ostriches","1","1"
"http://www.snapshotserengeti.org/subjects/standard/50c217bf8a607540b90619e3_2.jpg","ASG0008kir","3","3","M06","R11","10 opinions agree upon the species present","Ostriches","1","1"
"http://www.snapshotserengeti.org/subjects/standard/50c219488a607540b9074038_2.jpg","ASG000a6ns","3","3","J07","R12","10 opinions agree upon the species present","Ostriches","1","1"
"http://zooniverse-static.s3.amazonaws.com/www.snapshotserengeti.org/subjects/standard/54cfd41487ee0404d5064053_0.JPG","ASG001arxw","1","8","K06","R3","10 opinions agree upon the species present","Ostriches","1","1"
"http://www.snapshotserengeti.org/subjects/standard/50c217778a607540b905dbe6_1.jpg","ASG000889y","2","3","I08","R11","10 opinions agree upon the species present","Ostriches","1","1"
"http://www.snapshotserengeti.org/subjects/standard/51a3792ee18f49172b1558d4_0.jpg","ASG000rs2y","1","5","N04","R1","10 opinions agree upon the species present","Ostriches","1","1"
"http://www.snapshotserengeti.org/subjects/standard/51a31609e18f49172b098db1_2.jpg","ASG000p07x","3","5","F03","R1","10 opinions agree upon the species present","Ostriches","1","1"
"http://www.snapshotserengeti.org/subjects/standard/51a30698e18f49172b07b4d7_1.jpg","ASG000olbk","2","5","E08","R2","10 opinions agree upon the species present","Ostriches","1","1"
"http://www.snapshotserengeti.org/subjects/standard/50c215858a607540b904773b_0.jpg","ASG00069tn","1","2","O06","R2","10 opinions agree upon the species present","Ostriches","1","1"
"http://www.snapshotserengeti.org/subjects/standard/50c212118a607540b901ab64_1.jpg","ASG0002cf8","2","1","G12","R1","10 opinions agree upon the species present","Ostriches","1","1"
"http://www.snapshotserengeti.org/subjects/standard/50c217928a607540b905f22d_2.jpg","ASG0008cod","3","3","J05","R11","10 opinions agree upon the species present","Ostriches","1","1"
"http://www.snapshotserengeti.org/subjects/standard/51a2d7fae18f49172b022454_1.jpg","ASG000myqa","2","5","C01","R3","10 opinions agree upon the species present","Ostriches","1","5"
"http://www.snapshotserengeti.org/subjects/standard/51e914fbe0053a09c30d400e_1.jpg","ASG00110rl","2","6","P05","R1","10 opinions agree upon the species present","Ostriches","1","1"
"http://www.snapshotserengeti.org/subjects/standard/50c212498a607540b901d8ad_1.jpg","ASG0002ld9","2","1","B07","R1","10 opinions agree upon the species present","Ostriches","1","1"
"http://www.snapshotserengeti.org/subjects/standard/51e90bb3e0053a09c30c3a08_0.jpg","ASG0010sfy","1","6","O04","R2","10 opinions agree upon the species present","Ostriches","1","1"
"http://www.snapshotserengeti.org/subjects/standard/50c215c88a607540b904a6cb_2.jpg","ASG0006j7v","3","2","Q09","R4","Most common opinion from 25 opinions","Ostriches","1","1"
"http://www.snapshotserengeti.org/subjects/standard/51a2e335e18f49172b037b23_2.jpg","ASG000nl5w","3","5","C10","R3","10 opinions agree upon the species present","Ostriches","1","1"
"http://www.snapshotserengeti.org/subjects/standard/5331d6981bccd304b603decd_0.JPG","ASG0014kvm","1","7","H07","R3","10 opinions agree upon the species present","Ostriches","1","1"
"http://www.snapshotserengeti.org/subjects/standard/50c211028a607540b900c7c4_2.jpg","ASG00013gk","3","1","H09","R1","10 opinions agree upon the species present","Ostriches","1","1"
"http://www.snapshotserengeti.org/subjects/standard/50c217498a607540b905b744_0.jpg","ASG000811g","1","3","F12","R11","10 opinions agree upon the species present","Ostriches","1","1"
"http://zooniverse-static.s3.amazonaws.com/www.snapshotserengeti.org/subjects/standard/56a685e641479b004204de43_0.JPG","ASG001hrkn","1","9","B09","3","","Ostriches","1","2"
"http://www.snapshotserengeti.org/subjects/standard/51a37bc6e18f49172b15a755_1.jpg","ASG000ruje","2","5","N10","R2","10 opinions agree upon the species present","Ostriches","1","1"
"http://www.snapshotserengeti.org/subjects/standard/50c215218a607540b90431f2_0.jpg","ASG0005w4y","1","2","I10","R2","10 opinions agree upon the species present","Ostriches","1","1"
"http://www.snapshotserengeti.org/subjects/standard/50c215098a607540b90420b8_0.jpg","ASG0005sqg","1","2","I05","R2","10 opinions agree upon the species present","Ostriches","1","1"
"http://www.snapshotserengeti.org/subjects/standard/5331ddb71bccd304b606d7f7_1.JPG","ASG0012ii2","2","7","T12","R3","10 opinions agree upon the species present","Ostriches","1","1"
"http://www.snapshotserengeti.org/subjects/standard/50c217be8a607540b9061901_1.jpg","ASG0008kch","2","3","M05","R11","10 opinions agree upon the species present","Ostriches","1","1"
"http://www.snapshotserengeti.org/subjects/standard/50c211de8a607540b90180e2_2.jpg","ASG000240y","3","1","P06","R1","10 opinions agree upon the species present","Ostriches","1","1"
"http://www.snapshotserengeti.org/subjects/standard/50c2113e8a607540b900fa03_1.jpg","ASG0001ddv","2","1","J04","R3","10 opinions agree upon the species present","Ostriches","1","1"
"http://www.snapshotserengeti.org/subjects/standard/50c217af8a607540b9060bea_0.jpg","ASG0008hre","1","3","L05","R11","10 opinions agree upon the species present","Ostriches","1","1"
"http://www.snapshotserengeti.org/subjects/standard/5331dd921bccd304b606c85f_0.JPG","ASG0012k1q","1","7","T10","R2","10 opinions agree upon the species present","Ostriches","1","1"
"http://www.snapshotserengeti.org/subjects/standard/50c219708a607540b9075e2f_0.jpg","ASG000ackv","1","3","K07","R12","10 opinions agree upon the species present","Ostriches","1","1"
"http://www.snapshotserengeti.org/subjects/standard/50c2158b8a607540b9047c09_2.jpg","ASG0006art","3","2","O09","R2","10 opinions agree upon the species present","Ostriches","1","1"
"http://www.snapshotserengeti.org/subjects/standard/51a35e23e18f49172b122472_2.jpg","ASG000r1ob","3","5","L05","R1","10 opinions agree upon the species present","Ostriches","1","2"
"http://www.snapshotserengeti.org/subjects/standard/50c210478a607540b9002dbc_0.jpg","ASG0000918","1","1","J05","R3","10 opinions agree upon the species present","Ostriches","1","1"
"http://www.snapshotserengeti.org/subjects/standard/51a391cee18f49172b184654_0.jpg","ASG000sezj","1","5","O13","R3","10 opinions agree upon the species present","Ostriches","1","1"
"http://www.snapshotserengeti.org/subjects/standard/51a391cfe18f49172b184660_0.jpg","ASG000sezl","1","5","O13","R3","10 opinions agree upon the species present","Ostriches","1","1"
"http://www.snapshotserengeti.org/subjects/standard/50c215b88a607540b9049af4_1.jpg","ASG0006gvo","2","2","P06","R3","10 opinions agree upon the species present","Ostriches","1","1"
"http://www.snapshotserengeti.org/subjects/standard/50c217ae8a607540b9060b73_1.jpg","ASG0008ho3","2","3","L05","R11","10 opinions agree upon the species present","Ostriches","1","1"
"http://www.snapshotserengeti.org/subjects/standard/51a33142e18f49172b0ccdd6_1.jpg","ASG000psmk","2","5","H07","R1","10 opinions agree upon the species present","Ostriches","1","1"
"http://www.snapshotserengeti.org/subjects/standard/50c212d18a607540b9025d8c_1.jpg","ASG0003bm4","2","1","V10","R1","10 opinions agree upon the species present","Ostriches","1","1"
"http://www.snapshotserengeti.org/subjects/standard/51e8a93de0053a09c300dd1e_2.jpg","ASG000y6dl","3","6","C01","R1","10 opinions agree upon the species present","Ostriches","1","1"
"http://www.snapshotserengeti.org/subjects/standard/50c211e58a607540b90186a3_0.jpg","ASG000255v","1","1","P08","R1","10 opinions agree upon the species present","Ostriches","1","1"
"http://www.snapshotserengeti.org/subjects/standard/50c211e58a607540b90186a3_1.jpg","ASG000255v","2","1","P08","R1","10 opinions agree upon the species present","Ostriches","1","1"
"http://www.snapshotserengeti.org/subjects/standard/50c212198a607540b901b0ff_2.jpg","ASG0002dj3","3","1","J03","R1","10 opinions agree upon the species present","Ostriches","1","1"
"http://www.snapshotserengeti.org/subjects/standard/51a34d26e18f49172b101e6d_1.jpg","ASG000qk32","2","5","J04","R2","10 opinions agree upon the species present","Ostriches","1","1"
"http://www.snapshotserengeti.org/subjects/standard/51a34d26e18f49172b101e74_2.jpg","ASG000qk33","3","5","J04","R2","10 opinions agree upon the species present","Ostriches","1","1"
"http://www.snapshotserengeti.org/subjects/standard/50c211438a607540b900fe02_2.jpg","ASG0001e6a","3","1","J05","R4","10 opinions agree upon the species present","Ostriches","1","1"
"http://www.snapshotserengeti.org/subjects/standard/50c2103f8a607540b90024f0_0.jpg","ASG00007ao","1","1","H04","R3","10 opinions agree upon the species present","Ostriches","1","1"
"http://www.snapshotserengeti.org/subjects/standard/50c2165c8a607540b9051275_1.jpg","ASG00074hh","2","2","V10","R3","10 opinions agree upon the species present","Ostriches","1","2"
"http://www.snapshotserengeti.org/subjects/standard/5331de1a1bccd304b60702c9_0.JPG","ASG0012e8s","1","7","U10","R2","10 opinions agree upon the species present","Ostriches","1","1"
"http://www.snapshotserengeti.org/subjects/standard/51a31822e18f49172b09cd97_1.jpg","ASG000p2aj","2","5","F04","R2","10 opinions agree upon the species present","Ostriches","1","1"
"http://www.snapshotserengeti.org/subjects/standard/50c212498a607540b901d885_1.jpg","ASG0002lc5","2","1","B07","R1","10 opinions agree upon the species present","Ostriches","1","1"
"http://www.snapshotserengeti.org/subjects/standard/51a3b6d8e18f49172b1cac95_0.jpg","ASG000tf0r","1","5","T09","R3","10 opinions agree upon the species present","Ostriches","1","1"
"http://www.snapshotserengeti.org/subjects/standard/51a3c735e18f49172b1ea190_1.jpg","ASG000tuma","2","5","U12","R4","10 opinions agree upon the species present","Ostriches","1","1"
"http://www.snapshotserengeti.org/subjects/standard/5331e1851bccd304b6086253_0.JPG","ASG0017sgt","1","7","I04","R1","10 opinions agree upon the species present","Ostriches","1","1"
"http://www.snapshotserengeti.org/subjects/standard/5331cfa31bccd304b601192b_1.JPG","ASG0016jk3","2","7","D10","R3","10 opinions agree upon the species present","Ostriches","1","1"
"http://www.snapshotserengeti.org/subjects/standard/51a3a115e18f49172b1a18b1_1.jpg","ASG000suo6","2","5","Q05","R3","10 opinions agree upon the species present","Ostriches","1","1"
"http://www.snapshotserengeti.org/subjects/standard/50c217dd8a607540b906328e_0.jpg","ASG0008pe6","1","3","P06","R11","10 opinions agree upon the species present","Ostriches","1","1"
"http://www.snapshotserengeti.org/subjects/standard/51a2cc2de18f49172b00bdaf_2.jpg","ASG000n5e1","3","5","B07","R3","10 opinions agree upon the species present","Ostriches","1","1"
"http://www.snapshotserengeti.org/subjects/standard/51a3752ae18f49172b14de49_2.jpg","ASG000ro8y","3","5","M12","R2","10 opinions agree upon the species present","Ostriches","1","1"
"http://www.snapshotserengeti.org/subjects/standard/5331d4791bccd304b602fe41_0.JPG","ASG001571u","1","7","R05","R2","10 opinions agree upon the species present","Ostriches","1","1"
"http://www.snapshotserengeti.org/subjects/standard/51a3b6cce18f49172b1cab1d_1.jpg","ASG000tez2","2","5","T09","R2","10 opinions agree upon the species present","Ostriches","1","1"
"http://www.snapshotserengeti.org/subjects/standard/51e8a9fce0053a09c300f321_0.jpg","ASG000y73o","1","6","C02","R2","10 opinions agree upon the species present","Ostriches","1","1"
"http://www.snapshotserengeti.org/subjects/standard/50c217cb8a607540b90623e9_0.jpg","ASG0008mi1","1","3","O05","R11","10 opinions agree upon the species present","Ostriches","1","1"
"http://www.snapshotserengeti.org/subjects/standard/50c217f88a607540b906495f_1.jpg","ASG0008twf","2","3","T09","R11","10 opinions agree upon the species present","Ostriches","1","3"
"http://www.snapshotserengeti.org/subjects/standard/50c2155b8a607540b9045aac_2.jpg","ASG000646k","3","2","J05","R1","10 opinions agree upon the species present","Ostriches","1","1"
"http://www.snapshotserengeti.org/subjects/standard/5331de771bccd304b60728c5_2.JPG","ASG0012aep","3","7","G07","R3","10 opinions agree upon the species present","Ostriches","1","1"
"http://www.snapshotserengeti.org/subjects/standard/50c212708a607540b9020017_2.jpg","ASG0002t5j","3","1","D02","R1","10 opinions agree upon the species present","Ostriches","1","1"
"http://www.snapshotserengeti.org/subjects/standard/51e8a66be0053a09c30089f1_2.jpg","ASG000y3mt","3","6","B08","R1","10 opinions agree upon the species present","Ostriches","1","1"
"http://www.snapshotserengeti.org/subjects/standard/50dc843aa2fc8e378903560c_2.jpg","ASG000bv92","3","4","I04","R1","10 opinions agree upon the species present","Ostriches","1","1"
"http://www.snapshotserengeti.org/subjects/standard/5331de081bccd304b606fadf_2.JPG","ASG0012f0m","3","7","U09","R2","10 opinions agree upon the species present","Ostriches","1","1"
"http://www.snapshotserengeti.org/subjects/standard/50c2165c8a607540b905120c_2.jpg","ASG00074ek","3","2","V10","R3","10 opinions agree upon the species present","Ostriches","1","1"
"http://www.snapshotserengeti.org/subjects/standard/5331de3c1bccd304b60710c5_2.JPG","ASG0012cxn","3","7","V10","R2","10 opinions agree upon the species present","Ostriches","1","1"
"http://www.snapshotserengeti.org/subjects/standard/50dc960ca2fc8e378907ed2e_2.jpg","ASG000cyhg","3","4","L08","R1","10 opinions agree upon the species present","Ostriches","1","1"
"http://www.snapshotserengeti.org/subjects/standard/50c217be8a607540b9061940_0.jpg","ASG0008ke8","1","3","M06","R11","10 opinions agree upon the species present","Ostriches","1","1"
"http://zooniverse-static.s3.amazonaws.com/www.snapshotserengeti.org/subjects/standard/54cfc7ac87ee0404d50025eb_0.JPG","ASG001duid","1","8","B07","R1","10 opinions agree upon the species present","Ostriches","1","1"
"http://www.snapshotserengeti.org/subjects/standard/50dcb2fca2fc8e37890d02d4_1.jpg","ASG000e3tn","2","4","G13","R1","10 opinions agree upon the species present","Ostriches","1","1"
"http://www.snapshotserengeti.org/subjects/standard/50c2185b8a607540b90693ed_2.jpg","ASG00098ml","3","3","F05","R12","10 opinions agree upon the species present","Ostriches","1","1"
