url,Subject ID,Frame,Season,Site,Roll,Decision Type,Crowd Determination
http://zooniverse-static.s3.amazonaws.com/www.snapshotserengeti.org/subjects/standard/54cfcf6287ee0404d503eb0b_0.JPG,ASG001c0my,1,8,G07,R1,10 opinions agree upon the species present,Ostriches
http://www.snapshotserengeti.org/subjects/standard/51a34d5be18f49172b1024db_0.jpg,ASG000qk9s,1,5,J04,R2,10 opinions agree upon the species present,Ostriches
http://www.snapshotserengeti.org/subjects/standard/5331d4791bccd304b602fe7f_0.JPG,ASG0015739,1,7,R05,R2,10 opinions agree upon the species present,Ostriches
http://www.snapshotserengeti.org/subjects/standard/51a2ca80e18f49172b008ae1_0.jpg,ASG000n3t2,1,5,B07,R1,10 opinions agree upon the species present,Ostriches
http://www.snapshotserengeti.org/subjects/standard/51a2d709e18f49172b02079e_0.jpg,ASG000mxmq,1,5,C01,R3,10 opinions agree upon the species present,Ostriches
http://zooniverse-static.s3.amazonaws.com/www.snapshotserengeti.org/subjects/standard/56a68b3a41479b004205392d_0.JPG,ASG001he24,1,9,Q07,3,,Ostriches
http://www.snapshotserengeti.org/subjects/standard/50c219708a607540b9075e2f_0.jpg,ASG000ackv,1,3,K07,R12,10 opinions agree upon the species present,Ostriches
http://zooniverse-static.s3.amazonaws.com/www.snapshotserengeti.org/subjects/standard/54cfd22f87ee0404d5054f81_0.JPG,ASG001b4z3,1,8,I05,R2,10 opinions agree upon the species present,Ostriches
http://www.snapshotserengeti.org/subjects/standard/50c218a58a607540b906c997_0.jpg,ASG0009j87,1,3,F03,R11,10 opinions agree upon the species present,Ostriches
http://www.snapshotserengeti.org/subjects/standard/50c215be8a607540b9049f74_2.jpg,ASG0006hro,3,2,Q08,R3,10 opinions agree upon the species present,Ostriches
