"url","Subject ID","Frame","Season","Site","Roll","Decision Type","Crowd Determination","Total Species Present","Total Animals Present"
"http://www.snapshotserengeti.org/subjects/standard/50c211588a607540b90110ce_0.jpg","ASG0001hvy","1","1","K09","R1","10 opinions agree upon the species present","Warthogs","1","1"
"http://www.snapshotserengeti.org/subjects/standard/50c210ec8a607540b900b5a9_2.jpg","ASG0000zvt","3","1","G10","R1","10 opinions agree upon the species present","Warthogs","1","1"
"http://www.snapshotserengeti.org/subjects/standard/50c212428a607540b901d3a3_2.jpg","ASG0002kdf","3","1","F05","R2","10 opinions agree upon the species present","Warthogs","1","2"
"http://www.snapshotserengeti.org/subjects/standard/51e8c411e0053a09c303f4ca_0.jpg","ASG000yv83","1","6","E10","R1","10 opinions agree upon the species present","Warthogs","1","1"
"http://www.snapshotserengeti.org/subjects/standard/50dc8fd1a2fc8e3789060223_1.jpg","ASG000cj1w","2","4","C13","R1","10 opinions agree upon the species present","Warthogs","1","1"
"http://www.snapshotserengeti.org/subjects/standard/5331d7331bccd304b6041eb1_2.JPG","ASG0014ejf","3","7","H13","R2","10 opinions agree upon the species present","Warthogs","1","1"
"http://www.snapshotserengeti.org/subjects/standard/51a2e299e18f49172b036857_0.jpg","ASG000nkji","1","5","C10","R2","10 opinions agree upon the species present","Warthogs","1","1"
"http://www.snapshotserengeti.org/subjects/standard/50c2120a8a607540b901a5b2_2.jpg","ASG0002baq","3","1","S08","R1","10 opinions agree upon the species present","Warthogs","1","1"
"http://www.snapshotserengeti.org/subjects/standard/5331d64e1bccd304b603bf87_0.JPG","ASG0014nvv","1","7","H06","R2","10 opinions agree upon the species present","Warthogs","1","1"
"http://www.snapshotserengeti.org/subjects/standard/51e92495e0053a09c30eefc8_0.jpg","ASG0011e0w","1","6","S09","R1","10 opinions agree upon the species present","Warthogs","1","1"
"http://www.snapshotserengeti.org/subjects/standard/50c210768a607540b900541d_2.jpg","ASG0000gm5","3","1","R10","R1","10 opinions agree upon the species present","Warthogs","1","1"
"http://www.snapshotserengeti.org/subjects/standard/51e8a94be0053a09c300dec1_2.jpg","ASG000y6fq","3","6","C01","R1","10 opinions agree upon the species present","Warthogs","1","1"
"http://www.snapshotserengeti.org/subjects/standard/50dc9f64a2fc8e37890a6550_0.jpg","ASG000dimf","1","4","D04","R2","10 opinions agree upon the species present","Warthogs","1","1"
"http://www.snapshotserengeti.org/subjects/standard/5331e2701bccd304b608c3ad_2.JPG","ASG0018208","3","7","P10","R2","10 opinions agree upon the species present","Warthogs","1","1"
"http://www.snapshotserengeti.org/subjects/standard/5331d7201bccd304b604163f_0.JPG","ASG0014fe4","1","7","H13","R2","10 opinions agree upon the species present","Warthogs","1","1"
"http://www.snapshotserengeti.org/subjects/standard/50c214b18a607540b903def4_0.jpg","ASG0005fqs","1","2","G13","R2","10 opinions agree upon the species present","Warthogs","1","1"
"http://www.snapshotserengeti.org/subjects/standard/51a38212e18f49172b166708_1.jpg","ASG000s096","2","5","N12","R2","10 opinions agree upon the species present","Warthogs","1","1"
"http://www.snapshotserengeti.org/subjects/standard/51a31215e18f49172b0914bc_2.jpg","ASG000ow3t","3","5","E12","R3","10 opinions agree upon the species present","Warthogs","1","2"
"http://www.snapshotserengeti.org/subjects/standard/50dcb49ea2fc8e37890dd749_2.jpg","ASG000ear0","3","4","M13","R2","10 opinions agree upon the species present","Warthogs","1","1"
"http://www.snapshotserengeti.org/subjects/standard/50c213298a607540b902a15c_1.jpg","ASG0003p0c","2","2","C05","R3","10 opinions agree upon the species present","Warthogs","1","2"
"http://www.snapshotserengeti.org/subjects/standard/51a332e8e18f49172b0d007a_0.jpg","ASG000pucf","1","5","H07","R2","10 opinions agree upon the species present","Warthogs","1","1"
"http://www.snapshotserengeti.org/subjects/standard/50c2141f8a607540b903667d_0.jpg","ASG0004ry5","1","2","F04","R2","10 opinions agree upon the species present","Warthogs","1","1"
"http://www.snapshotserengeti.org/subjects/standard/50dc84f1a2fc8e378903ac90_2.jpg","ASG000by8i","3","4","E02","R1","10 opinions agree upon the species present","Warthogs","1","2"
"http://www.snapshotserengeti.org/subjects/standard/50c215bc8a607540b9049e30_1.jpg","ASG0006hio","2","2","Q07","R1","10 opinions agree upon the species present","Warthogs","1","1"
"http://zooniverse-static.s3.amazonaws.com/www.snapshotserengeti.org/subjects/standard/54cfd03987ee0404d5045517_0.JPG","ASG001bqyp","1","8","H01","R3","10 opinions agree upon the species present","Warthogs","1","1"
"http://www.snapshotserengeti.org/subjects/standard/51a34b82e18f49172b0febf3_2.jpg","ASG000qijb","3","5","J03","R1","10 opinions agree upon the species present","Warthogs","1","1"
"http://www.snapshotserengeti.org/subjects/standard/5331d8c31bccd304b604c5f7_0.JPG","ASG0013y3q","1","7","C07","R2","10 opinions agree upon the species present","Warthogs","1","1"
"http://www.snapshotserengeti.org/subjects/standard/50c217cc8a607540b90624e0_1.jpg","ASG0008mow","2","3","O05","R11","10 opinions agree upon the species present","Warthogs","1","1"
"http://www.snapshotserengeti.org/subjects/standard/51a35d25e18f49172b12065e_0.jpg","ASG000r0qj","1","5","L04","R2","10 opinions agree upon the species present","Warthogs","1","1"
"http://www.snapshotserengeti.org/subjects/standard/50c217d78a607540b9062da2_2.jpg","ASG0008of6","3","3","O07","R11","10 opinions agree upon the species present","Warthogs","1","1"
"http://www.snapshotserengeti.org/subjects/standard/50c211478a607540b9010213_2.jpg","ASG0001ez7","3","1","J08","R1","10 opinions agree upon the species present","Warthogs","1","1"
"http://www.snapshotserengeti.org/subjects/standard/51a32b28e18f49172b0c137b_2.jpg","ASG000pmp3","3","5","H02","R3","10 opinions agree upon the species present","Warthogs","1","1"
"http://www.snapshotserengeti.org/subjects/standard/51a2c70be18f49172b00222b_2.jpg","ASG000n0cq","3","5","B05","R1","10 opinions agree upon the species present","Warthogs","1","2"
"http://www.snapshotserengeti.org/subjects/standard/50c215f08a607540b904c40f_0.jpg","ASG0006ozz","1","2","S09","R3","10 opinions agree upon the species present","Warthogs","1","1"
"http://www.snapshotserengeti.org/subjects/standard/50dc7766a2fc8e378901ae29_2.jpg","ASG000bi26","3","4","D11","R2","10 opinions agree upon the species present","Warthogs","1","1"
"http://www.snapshotserengeti.org/subjects/standard/5331d7341bccd304b6041f39_1.JPG","ASG0014eic","2","7","H13","R2","10 opinions agree upon the species present","Warthogs","1","1"
"http://www.snapshotserengeti.org/subjects/standard/50c219f78a607540b907c4bf_2.jpg","ASG000awu7","3","3","R06","R12","10 opinions agree upon the species present","Warthogs","1","1"
"http://www.snapshotserengeti.org/subjects/standard/50c2165b8a607540b90511bc_0.jpg","ASG00074cc","1","2","V10","R3","10 opinions agree upon the species present","Warthogs","1","4"
"http://www.snapshotserengeti.org/subjects/standard/5331ce131bccd304b6007837_2.JPG","ASG0016zey","3","7","C01","R1","10 opinions agree upon the species present","Warthogs","1","1"
"http://www.snapshotserengeti.org/subjects/standard/51e900cee0053a09c30af732_0.jpg","ASG0010i8r","1","6","M12","R2","10 opinions agree upon the species present","Warthogs","1","1"
"http://www.snapshotserengeti.org/subjects/standard/50dc9163a2fc8e37890665b0_2.jpg","ASG000cm41","3","4","J03","R2","10 opinions agree upon the species present","Warthogs","1","1"
"http://www.snapshotserengeti.org/subjects/standard/5331db2e1bccd304b605c96b_2.JPG","ASG001399m","3","7","J05","R1","10 opinions agree upon the species present","Warthogs","1","1"
"http://www.snapshotserengeti.org/subjects/standard/5331d0b81bccd304b6018737_1.JPG","ASG00168p3","2","7","E03","R3","10 opinions agree upon the species present","Warthogs","1","1"
"http://www.snapshotserengeti.org/subjects/standard/50c212728a607540b9020229_1.jpg","ASG0002tk9","2","1","D03","R2","10 opinions agree upon the species present","Warthogs","1","1"
"http://www.snapshotserengeti.org/subjects/standard/51e9050fe0053a09c30b754a_0.jpg","ASG0010mgl","1","6","N06","R2","10 opinions agree upon the species present","Warthogs","1","1"
"http://www.snapshotserengeti.org/subjects/standard/51e8bfd8e0053a09c30377df_2.jpg","ASG000yrcd","3","6","E03","R2","10 opinions agree upon the species present","Warthogs","1","2"
"http://www.snapshotserengeti.org/subjects/standard/51a2e86fe18f49172b041a40_1.jpg","ASG000nq4r","2","5","D02","R1","10 opinions agree upon the species present","Warthogs","1","2"
"http://www.snapshotserengeti.org/subjects/standard/51a37850e18f49172b153e69_2.jpg","ASG000rr6e","3","5","N02","R1","10 opinions agree upon the species present","Warthogs","1","2"
"http://www.snapshotserengeti.org/subjects/standard/5331dd481bccd304b606a919_1.JPG","ASG0012n9v","2","7","O09","R2","10 opinions agree upon the species present","Warthogs","1","1"
"http://www.snapshotserengeti.org/subjects/standard/51a2ea7fe18f49172b04594c_0.jpg","ASG000ns4j","1","5","D03","R1","10 opinions agree upon the species present","Warthogs","1","2"
"http://www.snapshotserengeti.org/subjects/standard/51e8c0f6e0053a09c30398f9_1.jpg","ASG000ysg1","2","6","E05","R1","10 opinions agree upon the species present","Warthogs","1","1"
"http://www.snapshotserengeti.org/subjects/standard/5331e1df1bccd304b60886bb_0.JPG","ASG0017w0p","1","7","I06","R2","10 opinions agree upon the species present","Warthogs","1","1"
"http://zooniverse-static.s3.amazonaws.com/www.snapshotserengeti.org/subjects/standard/54cfd72087ee0404d507c519_0.JPG","ASG001dqnt","1","8","M05","R2","10 opinions agree upon the species present","Warthogs","1","1"
"http://www.snapshotserengeti.org/subjects/standard/51e8bfa1e0053a09c3037172_1.jpg","ASG000yr3q","2","6","E03","R2","10 opinions agree upon the species present","Warthogs","1","1"
"http://www.snapshotserengeti.org/subjects/standard/50c2108f8a607540b9006986_2.jpg","ASG0000kue","3","1","E03","R6","10 opinions agree upon the species present","Warthogs","1","1"
"http://www.snapshotserengeti.org/subjects/standard/5331d7201bccd304b604166b_2.JPG","ASG0014fbp","3","7","H13","R2","10 opinions agree upon the species present","Warthogs","1","1"
"http://zooniverse-static.s3.amazonaws.com/www.snapshotserengeti.org/subjects/standard/54cfc87b87ee0404d5008d85_0.JPG","ASG001ekvj","1","8","C02","R1","10 opinions agree upon the species present","Warthogs","1","1"
"http://www.snapshotserengeti.org/subjects/standard/50dc722ba2fc8e378900eeec_1.jpg","ASG000bbv2","2","4","D02","R2","10 opinions agree upon the species present","Warthogs","1","1"
"http://www.snapshotserengeti.org/subjects/standard/51a370afe18f49172b14553b_0.jpg","ASG000rk5s","1","5","M11","R2","10 opinions agree upon the species present","Warthogs","1","1"
"http://www.snapshotserengeti.org/subjects/standard/50dc9742a2fc8e3789085ac4_0.jpg","ASG000d1xb","1","4","I07","R2","10 opinions agree upon the species present","Warthogs","1","1"
"http://zooniverse-static.s3.amazonaws.com/www.snapshotserengeti.org/subjects/standard/54cfcb5387ee0404d501ee85_0.JPG","ASG0018kcz","1","8","E03","R3","10 opinions agree upon the species present","Warthogs","1","1"
"http://zooniverse-static.s3.amazonaws.com/www.snapshotserengeti.org/subjects/standard/54cfc76c87ee0404d5000471_0.JPG","ASG001dt0n","1","8","B03","R2","10 opinions agree upon the species present","Warthogs","1","1"
"http://www.snapshotserengeti.org/subjects/standard/50c2134f8a607540b902c145_0.jpg","ASG0003vb9","1","2","H07","R3","10 opinions agree upon the species present","Warthogs","1","1"
"http://www.snapshotserengeti.org/subjects/standard/5331d6711bccd304b603cdfb_2.JPG","ASG0014mj0","3","7","H07","R1","10 opinions agree upon the species present","Warthogs","1","1"
"http://www.snapshotserengeti.org/subjects/standard/50c218078a607540b9065612_0.jpg","ASG0008weq","1","3","C10","R11","10 opinions agree upon the species present","Warthogs","1","1"
"http://www.snapshotserengeti.org/subjects/standard/51a34b91e18f49172b0fedd5_0.jpg","ASG000qiln","1","5","J03","R1","10 opinions agree upon the species present","Warthogs","1","1"
"http://www.snapshotserengeti.org/subjects/standard/50dc9f7ca2fc8e37890a721f_0.jpg","ASG000dj5p","1","4","E03","R2","10 opinions agree upon the species present","Warthogs","1","1"
"http://www.snapshotserengeti.org/subjects/standard/50dcd712a2fc8e3789107a38_1.jpg","ASG000ew6q","2","4","J05","R2","10 opinions agree upon the species present","Warthogs","1","1"
"http://www.snapshotserengeti.org/subjects/standard/51a3a182e18f49172b1a2577_1.jpg","ASG000sv3s","2","5","Q08","R1","10 opinions agree upon the species present","Warthogs","1","1"
"http://zooniverse-static.s3.amazonaws.com/www.snapshotserengeti.org/subjects/standard/54cfc84987ee0404d50074fd_0.JPG","ASG001e1ue","1","8","C01","R2","10 opinions agree upon the species present","Warthogs","1","5"
"http://www.snapshotserengeti.org/subjects/standard/50c2146e8a607540b903a5e1_2.jpg","ASG00054gx","3","2","G04","R4","10 opinions agree upon the species present","Warthogs","1","1"
"http://www.snapshotserengeti.org/subjects/standard/50dc7849a2fc8e3789022659_0.jpg","ASG000blw2","1","4","Q05","R2","10 opinions agree upon the species present","Warthogs","1","1"
"http://www.snapshotserengeti.org/subjects/standard/51a38b3ee18f49172b177e8b_1.jpg","ASG000s8yl","2","5","O07","R3","10 opinions agree upon the species present","Warthogs","1","2"
"http://www.snapshotserengeti.org/subjects/standard/51a38b3de18f49172b177e7d_2.jpg","ASG000s8yj","3","5","O07","R3","10 opinions agree upon the species present","Warthogs","1","2"
"http://www.snapshotserengeti.org/subjects/standard/5331dc7c1bccd304b606555b_0.JPG","ASG0012vgo","1","7","O04","R2","10 opinions agree upon the species present","Warthogs","1","1"
"http://www.snapshotserengeti.org/subjects/standard/50c210d68a607540b900a32b_1.jpg","ASG0000w8b","2","1","G03","R4","10 opinions agree upon the species present","Warthogs","1","1"
"http://www.snapshotserengeti.org/subjects/standard/51a3a32fe18f49172b1a5907_2.jpg","ASG000swnl","3","5","Q11","R1","10 opinions agree upon the species present","Warthogs","1","1"
"http://www.snapshotserengeti.org/subjects/standard/51e925a8e0053a09c30f0fa3_1.jpg","ASG0011f1k","2","6","S11","R2","10 opinions agree upon the species present","Warthogs","1","1"
"http://zooniverse-static.s3.amazonaws.com/www.snapshotserengeti.org/subjects/standard/54cfcb9a87ee0404d5020dbb_0.JPG","ASG0018jwt","1","8","E04","R3","10 opinions agree upon the species present","Warthogs","1","1"
"http://www.snapshotserengeti.org/subjects/standard/51a2ebe1e18f49172b04838d_2.jpg","ASG000ntis","3","5","D04","R1","10 opinions agree upon the species present","Warthogs","1","1"
"http://www.snapshotserengeti.org/subjects/standard/51a3b312e18f49172b1c39d0_2.jpg","ASG000tbe8","3","5","S09","R1","10 opinions agree upon the species present","Warthogs","1","1"
"http://www.snapshotserengeti.org/subjects/standard/51a355a0e18f49172b11212f_0.jpg","ASG000qteb","1","5","K07","R1","10 opinions agree upon the species present","Warthogs","1","1"
"http://www.snapshotserengeti.org/subjects/standard/5331e2701bccd304b608c3b7_1.JPG","ASG00181wt","2","7","P10","R2","10 opinions agree upon the species present","Warthogs","1","2"
"http://zooniverse-static.s3.amazonaws.com/www.snapshotserengeti.org/subjects/standard/54cfd77f87ee0404d507f437_0.JPG","ASG001dmza","1","8","M06","R3","10 opinions agree upon the species present","Warthogs","1","1"
"http://www.snapshotserengeti.org/subjects/standard/51e8bfe5e0053a09c303796d_2.jpg","ASG000yreb","3","6","E03","R2","10 opinions agree upon the species present","Warthogs","1","2"
"http://www.snapshotserengeti.org/subjects/standard/51e8aa19e0053a09c300f68d_2.jpg","ASG000y77g","3","6","C02","R2","10 opinions agree upon the species present","Warthogs","1","1"
"http://www.snapshotserengeti.org/subjects/standard/51a2eb3ce18f49172b046f8e_1.jpg","ASG000nswd","2","5","D04","R1","10 opinions agree upon the species present","Warthogs","1","1"
"http://www.snapshotserengeti.org/subjects/standard/50c2167c8a607540b905278f_0.jpg","ASG00078nj","1","2","K03","R2","10 opinions agree upon the species present","Warthogs","1","3"
"http://www.snapshotserengeti.org/subjects/standard/51e8e711e0053a09c307fcf2_1.jpg","ASG000zt02","2","6","J02","R1","10 opinions agree upon the species present","Warthogs","1","3"
"http://www.snapshotserengeti.org/subjects/standard/50c218da8a607540b906f019_0.jpg","ASG0009qu1","1","3","H06","R12","10 opinions agree upon the species present","Warthogs","1","1"
"http://www.snapshotserengeti.org/subjects/standard/51a34d96e18f49172b102bf1_0.jpg","ASG000qkhi","1","5","J04","R2","10 opinions agree upon the species present","Warthogs","1","1"
"http://www.snapshotserengeti.org/subjects/standard/51e8d060e0053a09c3055e8a_1.jpg","ASG000z7ht","2","6","G01","R1","10 opinions agree upon the species present","Warthogs","1","1"
"http://www.snapshotserengeti.org/subjects/standard/50c215418a607540b90447da_0.jpg","ASG00060gq","1","2","I13","R2","10 opinions agree upon the species present","Warthogs","1","2"
"http://www.snapshotserengeti.org/subjects/standard/51e8bff7e0053a09c3037b78_2.jpg","ASG000yrgq","3","6","E03","R2","10 opinions agree upon the species present","Warthogs","1","2"
"http://www.snapshotserengeti.org/subjects/standard/51a3137fe18f49172b093fa8_2.jpg","ASG000oxlo","3","5","F01","R2","10 opinions agree upon the species present","Warthogs","1","1"
"http://www.snapshotserengeti.org/subjects/standard/51e8fe83e0053a09c30ab2dd_2.jpg","ASG0010ft7","3","6","M07","R2","10 opinions agree upon the species present","Warthogs","1","1"
"http://www.snapshotserengeti.org/subjects/standard/5331ce911bccd304b600ac69_1.JPG","ASG0016u9l","2","7","C02","R3","10 opinions agree upon the species present","Warthogs","1","1"
"http://www.snapshotserengeti.org/subjects/standard/51e8c442e0053a09c303fa91_2.jpg","ASG000yvec","3","6","E10","R2","10 opinions agree upon the species present","Warthogs","1","2"
"http://www.snapshotserengeti.org/subjects/standard/50dcb452a2fc8e37890db9c4_1.jpg","ASG000e9sw","2","4","C02","r1","10 opinions agree upon the species present","Warthogs","1","1"
"http://www.snapshotserengeti.org/subjects/standard/51a3c977e18f49172b1ee69c_1.jpg","ASG000twyv","2","5","V10","R1","10 opinions agree upon the species present","Warthogs","1","1"
