url,Subject ID,Frame,Season,Site,Roll,Decision Type,Crowd Determination
http://www.snapshotserengeti.org/subjects/standard/5331d7341bccd304b6041f0b_2.JPG,ASG0014ej1,3,7,H13,R2,10 opinions agree upon the species present,Warthogs
http://www.snapshotserengeti.org/subjects/standard/51a33c77e18f49172b0e20d3_2.jpg,ASG000q3l2,3,5,I03,R2,10 opinions agree upon the species present,Warthogs
http://www.snapshotserengeti.org/subjects/standard/50c214228a607540b9036913_0.jpg,ASG0004sgj,1,2,F05,R1,10 opinions agree upon the species present,Warthogs
http://www.snapshotserengeti.org/subjects/standard/50c211808a607540b901319d_1.jpg,ASG0001od9,2,1,L06,R1,10 opinions agree upon the species present,Warthogs
http://www.snapshotserengeti.org/subjects/standard/50c217ce8a607540b9062833_0.jpg,ASG0008ncj,1,3,O05,R11,Most common opinion from 25 opinions,Warthogs
http://www.snapshotserengeti.org/subjects/standard/51e8e11ce0053a09c3074cf4_2.jpg,ASG000zn0s,3,6,I01,R2,10 opinions agree upon the species present,Warthogs
http://www.snapshotserengeti.org/subjects/standard/50c219b18a607540b9078f96_0.jpg,ASG000amc6,1,3,N06,R12,10 opinions agree upon the species present,Warthogs
http://www.snapshotserengeti.org/subjects/standard/50dca4eea2fc8e37890bdda3_0.jpg,ASG000dug7,1,4,E10,R1,10 opinions agree upon the species present,Warthogs
http://www.snapshotserengeti.org/subjects/standard/51a3ca89e18f49172b293026_0.jpg,ASG000tz17,1,5,D12,R2,10 opinions agree upon the species present,Warthogs
http://www.snapshotserengeti.org/subjects/standard/5331ccea1bccd304b600005d_1.JPG,ASG0017b8f,2,7,B03,R1,10 opinions agree upon the species present,Warthogs
