url,Subject ID,Frame,Season,Site,Roll,Decision Type,Crowd Determination
http://www.snapshotserengeti.org/subjects/standard/50c217cb8a607540b90624bf_0.jpg,ASG0008mnz,1,3,O05,R11,10 opinions agree upon the species present,Warthogs
http://www.snapshotserengeti.org/subjects/standard/50c213228a607540b9029d2d_0.jpg,ASG0003o6l,1,2,C05,R2,10 opinions agree upon the species present,Warthogs
http://www.snapshotserengeti.org/subjects/standard/51e8e7a5e0053a09c3080e05_0.jpg,ASG000ztjy,1,6,J04,R1,10 opinions agree upon the species present,Warthogs
http://www.snapshotserengeti.org/subjects/standard/50c218d88a607540b906ee8c_1.jpg,ASG0009qj0,2,3,H06,R12,10 opinions agree upon the species present,Warthogs
http://www.snapshotserengeti.org/subjects/standard/50c216b48a607540b9054d96_1.jpg,ASG0007g5y,2,2,L03,R2,10 opinions agree upon the species present,Warthogs
http://www.snapshotserengeti.org/subjects/standard/5331dace1bccd304b605a0cb_1.JPG,ASG0013cf6,2,7,F10,R2,Most common opinion from 25 opinions,Warthogs
http://www.snapshotserengeti.org/subjects/standard/50dcb446a2fc8e37890db2e7_1.jpg,ASG000e9l4,2,4,C02,R2,10 opinions agree upon the species present,Warthogs
http://www.snapshotserengeti.org/subjects/standard/51e8b04ee0053a09c301adbc_2.jpg,ASG000yd5y,3,6,C12,R1,10 opinions agree upon the species present,Warthogs
http://www.snapshotserengeti.org/subjects/standard/5331ccea1bccd304b60000a1_1.JPG,ASG0017b6q,2,7,B03,R1,10 opinions agree upon the species present,Warthogs
http://www.snapshotserengeti.org/subjects/standard/51a3b3e7e18f49172b1c533a_2.jpg,ASG000tc7g,3,5,S10,R1,10 opinions agree upon the species present,Warthogs
http://www.snapshotserengeti.org/subjects/standard/5331d0b01bccd304b6018439_0.JPG,ASG0016900,1,7,E03,R2,10 opinions agree upon the species present,Warthogs
http://www.snapshotserengeti.org/subjects/standard/5331deef1bccd304b6075c29_1.JPG,ASG00125wx,2,7,H03,R2,10 opinions agree upon the species present,Warthogs
http://www.snapshotserengeti.org/subjects/standard/51a2f89ee18f49172b06093e_1.jpg,ASG000o6mf,2,5,D09,R4,10 opinions agree upon the species present,Warthogs
http://www.snapshotserengeti.org/subjects/standard/51e8c023e0053a09c30380aa_2.jpg,ASG000yrn4,3,6,E03,R2,10 opinions agree upon the species present,Warthogs
http://www.snapshotserengeti.org/subjects/standard/50dcb43ca2fc8e37890dab54_0.jpg,ASG000e9c5,1,4,C02,R2,10 opinions agree upon the species present,Warthogs
http://www.snapshotserengeti.org/subjects/standard/51a2e786e18f49172b03fe75_2.jpg,ASG000np9g,3,5,C13,R2,10 opinions agree upon the species present,Warthogs
http://www.snapshotserengeti.org/subjects/standard/5331d0a61bccd304b6017ff9_0.JPG,ASG00169fr,1,7,E03,R2,10 opinions agree upon the species present,Warthogs
http://www.snapshotserengeti.org/subjects/standard/50dc9e25a2fc8e378909fe1c_1.jpg,ASG000dfew,2,4,T10,R2,10 opinions agree upon the species present,Warthogs
http://www.snapshotserengeti.org/subjects/standard/51a2f3a1e18f49172b0570e9_1.jpg,ASG000o1ic,2,5,D06,R2,10 opinions agree upon the species present,Warthogs
http://zooniverse-static.s3.amazonaws.com/www.snapshotserengeti.org/subjects/standard/54cfd94187ee0404d508d1ab_0.JPG,ASG001d3sz,1,8,O03,R3,10 opinions agree upon the species present,Warthogs
http://www.snapshotserengeti.org/subjects/standard/50c219378a607540b90733cc_0.jpg,ASG000a47g,1,3,J02,R11,10 opinions agree upon the species present,Warthogs
http://www.snapshotserengeti.org/subjects/standard/51e8c00ae0053a09c3037db6_1.jpg,ASG000yrji,2,6,E03,R2,10 opinions agree upon the species present,Warthogs
http://zooniverse-static.s3.amazonaws.com/www.snapshotserengeti.org/subjects/standard/54cfcb4887ee0404d501e979_0.JPG,ASG001f7em,1,8,E03,R2,10 opinions agree upon the species present,Warthogs
http://zooniverse-static.s3.amazonaws.com/www.snapshotserengeti.org/subjects/standard/54cfc78f87ee0404d5001655_0.JPG,ASG001dtce,1,8,B06,R1,10 opinions agree upon the species present,Warthogs
http://www.snapshotserengeti.org/subjects/standard/51a31317e18f49172b093368_1.jpg,ASG000ox3d,2,5,E13,R2,10 opinions agree upon the species present,Warthogs
http://www.snapshotserengeti.org/subjects/standard/5331d7341bccd304b6041f11_0.JPG,ASG0014eie,1,7,H13,R2,10 opinions agree upon the species present,Warthogs
http://www.snapshotserengeti.org/subjects/standard/50dcd725a2fc8e3789108707_2.jpg,ASG000ewn9,3,4,J05,R1,10 opinions agree upon the species present,Warthogs
http://www.snapshotserengeti.org/subjects/standard/51a2d55fe18f49172b01d505_0.jpg,ASG000mvun,1,5,B13,R3,10 opinions agree upon the species present,Warthogs
http://www.snapshotserengeti.org/subjects/standard/51a33330e18f49172b0d090c_0.jpg,ASG000pulr,1,5,H07,R2,10 opinions agree upon the species present,Warthogs
http://www.snapshotserengeti.org/subjects/standard/51e8bfd8e0053a09c30377df_1.jpg,ASG000yrcd,2,6,E03,R2,10 opinions agree upon the species present,Warthogs
http://zooniverse-static.s3.amazonaws.com/www.snapshotserengeti.org/subjects/standard/54cfc82387ee0404d50062cd_0.JPG,ASG001e045,1,8,B12,R3,10 opinions agree upon the species present,Warthogs
http://www.snapshotserengeti.org/subjects/standard/51e8a347e0053a09c3002cde_0.jpg,ASG000y0p9,1,6,B05,R1,10 opinions agree upon the species present,Warthogs
http://zooniverse-static.s3.amazonaws.com/www.snapshotserengeti.org/subjects/standard/54cfc76687ee0404d50001a3_0.JPG,ASG001eje4,1,8,B03,R1,10 opinions agree upon the species present,Warthogs
http://www.snapshotserengeti.org/subjects/standard/50c215648a607540b9046222_2.jpg,ASG00065nm,3,2,J07,R4,10 opinions agree upon the species present,Warthogs
http://www.snapshotserengeti.org/subjects/standard/51a34b3fe18f49172b0fe459_0.jpg,ASG000qi9b,1,5,J02,R3,10 opinions agree upon the species present,Warthogs
http://zooniverse-static.s3.amazonaws.com/www.snapshotserengeti.org/subjects/standard/54cfd48b87ee0404d5067b77_0.JPG,ASG001awp0,1,8,K09,R3,10 opinions agree upon the species present,Warthogs
http://zooniverse-static.s3.amazonaws.com/www.snapshotserengeti.org/subjects/standard/5582dec7c4af4e004200440d_0.JPG,ASG001get5,1,0,J02,R11,10 opinions agree upon the species present,Warthogs
http://www.snapshotserengeti.org/subjects/standard/50c214da8a607540b903ff86_1.jpg,ASG0005m6e,2,2,H06,R2,10 opinions agree upon the species present,Warthogs
http://www.snapshotserengeti.org/subjects/standard/51e8e376e0053a09c307926a_0.jpg,ASG000zpc7,1,6,I05,R2,10 opinions agree upon the species present,Warthogs
http://www.snapshotserengeti.org/subjects/standard/50dc962ea2fc8e378908039f_1.jpg,ASG000cz6u,2,4,N06,R1,10 opinions agree upon the species present,Warthogs
http://www.snapshotserengeti.org/subjects/standard/50c217d78a607540b9062dc3_2.jpg,ASG0008og3,3,3,O07,R11,10 opinions agree upon the species present,Warthogs
http://www.snapshotserengeti.org/subjects/standard/50dcd397a2fc8e37890f3af3_0.jpg,ASG000eluy,1,4,F03,R1,10 opinions agree upon the species present,Warthogs
http://www.snapshotserengeti.org/subjects/standard/50c216c68a607540b90557f7_0.jpg,ASG0007i7r,1,2,L05,R1,10 opinions agree upon the species present,Warthogs
http://www.snapshotserengeti.org/subjects/standard/50c217e78a607540b9063a44_1.jpg,ASG0008qx0,2,3,R06,R11,10 opinions agree upon the species present,Warthogs
http://www.snapshotserengeti.org/subjects/standard/51e8a9e5e0053a09c300f09a_1.jpg,ASG000y70x,2,6,C02,R1,10 opinions agree upon the species present,Warthogs
http://www.snapshotserengeti.org/subjects/standard/50c213188a607540b90293c4_1.jpg,ASG0003mbo,2,2,C04,R2,10 opinions agree upon the species present,Warthogs
http://www.snapshotserengeti.org/subjects/standard/51a32021e18f49172b0ac2e0_0.jpg,ASG000pb1j,1,5,G05,R1,10 opinions agree upon the species present,Warthogs
http://www.snapshotserengeti.org/subjects/standard/51a363f8e18f49172b12d18b_0.jpg,ASG000r7kr,1,5,L10,R2,10 opinions agree upon the species present,Warthogs
http://zooniverse-static.s3.amazonaws.com/www.snapshotserengeti.org/subjects/standard/54cfcf3a87ee0404d503d683_0.JPG,ASG001c2n7,1,8,G04,R1,10 opinions agree upon the species present,Warthogs
http://www.snapshotserengeti.org/subjects/standard/51e8a222e0053a09c3000b37_1.jpg,ASG000xzls,2,6,B03,R2,10 opinions agree upon the species present,Warthogs
http://www.snapshotserengeti.org/subjects/standard/50c217608a607540b905c95d_2.jpg,ASG00084m5,3,3,H05,R11,10 opinions agree upon the species present,Warthogs
http://www.snapshotserengeti.org/subjects/standard/51a2eaa1e18f49172b045d6c_0.jpg,ASG000ns8x,1,5,D03,R1,10 opinions agree upon the species present,Warthogs
http://www.snapshotserengeti.org/subjects/standard/51a2e28ce18f49172b0366c6_1.jpg,ASG000nkht,2,5,C10,R2,10 opinions agree upon the species present,Warthogs
http://zooniverse-static.s3.amazonaws.com/www.snapshotserengeti.org/subjects/standard/54cfccbe87ee0404d50298d1_0.JPG,ASG001fndd,1,8,E11,R1,10 opinions agree upon the species present,Warthogs
http://www.snapshotserengeti.org/subjects/standard/50c213728a607540b902dddc_1.jpg,ASG00040yk,2,2,D03,R1,10 opinions agree upon the species present,Warthogs
http://zooniverse-static.s3.amazonaws.com/www.snapshotserengeti.org/subjects/standard/54cfd06487ee0404d50469fb_0.JPG,ASG001bp0x,1,8,H02,R3,Most common opinion from 25 opinions,Warthogs
http://www.snapshotserengeti.org/subjects/standard/50c211a58a607540b90151b2_0.jpg,ASG0001upe,1,1,M04,R1,10 opinions agree upon the species present,Warthogs
http://www.snapshotserengeti.org/subjects/standard/50c219b68a607540b90792d4_2.jpg,ASG000amz8,3,3,O06,R12,10 opinions agree upon the species present,Warthogs
http://www.snapshotserengeti.org/subjects/standard/50c212b08a607540b90242ba_1.jpg,ASG00036be,2,1,T10,R1,Most common opinion from 25 opinions,Warthogs
http://www.snapshotserengeti.org/subjects/standard/50c212d18a607540b9025d93_1.jpg,ASG0003bmb,2,1,V10,R1,10 opinions agree upon the species present,Warthogs
http://www.snapshotserengeti.org/subjects/standard/50c216c58a607540b905566d_1.jpg,ASG0007hwt,2,2,L05,R1,10 opinions agree upon the species present,Warthogs
http://zooniverse-static.s3.amazonaws.com/www.snapshotserengeti.org/subjects/standard/54cfd93787ee0404d508cd13_0.JPG,ASG001d44i,1,8,O03,R3,10 opinions agree upon the species present,Warthogs
http://zooniverse-static.s3.amazonaws.com/www.snapshotserengeti.org/subjects/standard/54cfcdd487ee0404d50325bf_0.JPG,ASG001fx3q,1,8,F03,R2,10 opinions agree upon the species present,Warthogs
http://www.snapshotserengeti.org/subjects/standard/5331d66e1bccd304b603cccb_2.JPG,ASG0014mn7,3,7,H07,R1,10 opinions agree upon the species present,Warthogs
http://www.snapshotserengeti.org/subjects/standard/50c2185b8a607540b90693ca_1.jpg,ASG00098lm,2,3,F05,R12,10 opinions agree upon the species present,Warthogs
http://www.snapshotserengeti.org/subjects/standard/51a32b21e18f49172b0c12b8_0.jpg,ASG000pmns,1,5,H02,R3,10 opinions agree upon the species present,Warthogs
http://www.snapshotserengeti.org/subjects/standard/50dc7849a2fc8e3789022659_2.jpg,ASG000blw2,3,4,Q05,R2,10 opinions agree upon the species present,Warthogs
http://www.snapshotserengeti.org/subjects/standard/50c218d88a607540b906ef0d_0.jpg,ASG0009qml,1,3,H06,R12,10 opinions agree upon the species present,Warthogs
http://www.snapshotserengeti.org/subjects/standard/51a34c86e18f49172b100b6a_2.jpg,ASG000qjil,3,5,J03,R3,10 opinions agree upon the species present,Warthogs
http://www.snapshotserengeti.org/subjects/standard/50c216408a607540b904fd47_1.jpg,ASG00070av,2,2,N10,R2,10 opinions agree upon the species present,Warthogs
http://www.snapshotserengeti.org/subjects/standard/50c2136a8a607540b902d7e3_2.jpg,ASG0003zs3,3,2,D02,R2,10 opinions agree upon the species present,Warthogs
http://www.snapshotserengeti.org/subjects/standard/50c211488a607540b9010264_0.jpg,ASG0001f1g,1,1,J08,R1,10 opinions agree upon the species present,Warthogs
http://www.snapshotserengeti.org/subjects/standard/50c210d68a607540b900a329_1.jpg,ASG0000w89,2,1,G03,R4,10 opinions agree upon the species present,Warthogs
http://www.snapshotserengeti.org/subjects/standard/50c210758a607540b900533e_2.jpg,ASG0000gfy,3,1,R10,R1,10 opinions agree upon the species present,Warthogs
http://www.snapshotserengeti.org/subjects/standard/50dc764ba2fc8e3789013e79_0.jpg,ASG000bef5,1,4,K07,R2,10 opinions agree upon the species present,Warthogs
http://www.snapshotserengeti.org/subjects/standard/51e8a60be0053a09c3007eec_2.jpg,ASG000y3a9,3,6,B07,R2,10 opinions agree upon the species present,Warthogs
http://www.snapshotserengeti.org/subjects/standard/50c219b78a607540b9079380_0.jpg,ASG000an40,1,3,O07,R12,Most common opinion from 25 opinions,Warthogs
http://www.snapshotserengeti.org/subjects/standard/5331d07d1bccd304b6017075_0.JPG,ASG00160xr,1,7,E02,R1,10 opinions agree upon the species present,Warthogs
http://www.snapshotserengeti.org/subjects/standard/50dc9f82a2fc8e37890a7485_1.jpg,ASG000dj95,2,4,E03,R2,10 opinions agree upon the species present,Warthogs
http://www.snapshotserengeti.org/subjects/standard/51a3a369e18f49172b1a6000_1.jpg,ASG000sww6,2,5,Q11,R1,10 opinions agree upon the species present,Warthogs
http://www.snapshotserengeti.org/subjects/standard/50c219e38a607540b907b5cc_0.jpg,ASG000atvw,1,3,Q06,R12,10 opinions agree upon the species present,Warthogs
http://www.snapshotserengeti.org/subjects/standard/50c216998a607540b9053b4f_0.jpg,ASG0007cjz,1,2,K06,R1,10 opinions agree upon the species present,Warthogs
http://www.snapshotserengeti.org/subjects/standard/50dcb43aa2fc8e37890da984_1.jpg,ASG000e99l,2,4,C02,R2,10 opinions agree upon the species present,Warthogs
http://www.snapshotserengeti.org/subjects/standard/5331dacc1bccd304b6059ff1_2.JPG,ASG0013ckp,3,7,F10,R2,10 opinions agree upon the species present,Warthogs
http://www.snapshotserengeti.org/subjects/standard/5331d0821bccd304b601728d_2.JPG,ASG0016ara,3,7,E02,R1,10 opinions agree upon the species present,Warthogs
http://www.snapshotserengeti.org/subjects/standard/50c215bd8a607540b9049edd_0.jpg,ASG0006hnh,1,2,Q07,R2,10 opinions agree upon the species present,Warthogs
http://www.snapshotserengeti.org/subjects/standard/50dc8d93a2fc8e3789057024_0.jpg,ASG000ccj2,1,4,G02,R2,10 opinions agree upon the species present,Warthogs
http://www.snapshotserengeti.org/subjects/standard/50dcb517a2fc8e37890df5dc_1.jpg,ASG000ebmm,2,4,D03,R2,10 opinions agree upon the species present,Warthogs
http://zooniverse-static.s3.amazonaws.com/www.snapshotserengeti.org/subjects/standard/56a641e141479b0042006fe5_0.JPG,ASG001h3rk,1,9,R11,1,,Warthogs
http://www.snapshotserengeti.org/subjects/standard/50c217da8a607540b906307d_2.jpg,ASG0008ozh,3,3,P05,R11,10 opinions agree upon the species present,Warthogs
http://www.snapshotserengeti.org/subjects/standard/5331d86a1bccd304b6049fab_1.JPG,ASG00141uh,2,7,P05,R2,10 opinions agree upon the species present,Warthogs
http://www.snapshotserengeti.org/subjects/standard/50c212198a607540b901b0f5_2.jpg,ASG0002dit,3,1,G13,R1,10 opinions agree upon the species present,Warthogs
http://zooniverse-static.s3.amazonaws.com/www.snapshotserengeti.org/subjects/standard/56a662b341479b0042028b77_0.JPG,ASG001jnhx,1,9,E09,3,,Warthogs
http://www.snapshotserengeti.org/subjects/standard/51a34e39e18f49172b103f66_2.jpg,ASG000ql5h,3,5,J05,R2,10 opinions agree upon the species present,Warthogs
http://www.snapshotserengeti.org/subjects/standard/51a2e9f6e18f49172b0448fb_1.jpg,ASG000nrle,2,5,D02,R3,10 opinions agree upon the species present,Warthogs
http://www.snapshotserengeti.org/subjects/standard/5331d8071bccd304b604763b_2.JPG,ASG00145w4,3,7,O11,R3,10 opinions agree upon the species present,Warthogs
http://www.snapshotserengeti.org/subjects/standard/50c2185b8a607540b906944d_1.jpg,ASG00098p9,2,3,F05,R12,10 opinions agree upon the species present,Warthogs
http://www.snapshotserengeti.org/subjects/standard/51e8a211e0053a09c300093c_2.jpg,ASG000xzj6,3,6,B03,R2,10 opinions agree upon the species present,Warthogs
http://www.snapshotserengeti.org/subjects/standard/50c2132b8a607540b902a31d_0.jpg,ASG0003pct,1,2,C05,R3,10 opinions agree upon the species present,Warthogs
http://www.snapshotserengeti.org/subjects/standard/51e8c001e0053a09c3037ca0_2.jpg,ASG000yria,3,6,E03,R2,10 opinions agree upon the species present,Warthogs
