"url","Subject ID","Frame","Season","Site","Roll","Decision Type","Crowd Determination","Total Species Present","Total Animals Present"
"http://www.snapshotserengeti.org/subjects/standard/51a329dce18f49172b0beb9a_0.jpg","ASG000plcm","1","5","H01","R3","10 opinions agree upon the species present","Warthogs","1","2"
"http://www.snapshotserengeti.org/subjects/standard/50c218868a607540b906b336_0.jpg","ASG0009et2","1","3","C03","R12","10 opinions agree upon the species present","Warthogs","1","1"
"http://www.snapshotserengeti.org/subjects/standard/50c213718a607540b902dd03_2.jpg","ASG00040sj","3","2","D03","R4","10 opinions agree upon the species present","Warthogs","1","1"
"http://www.snapshotserengeti.org/subjects/standard/50c212308a607540b901c4af_2.jpg","ASG0002hf3","3","1","E05","R4","10 opinions agree upon the species present","Warthogs","1","1"
"http://www.snapshotserengeti.org/subjects/standard/50dcd727a2fc8e3789108852_0.jpg","ASG000ewoq","1","4","J05","R1","10 opinions agree upon the species present","Warthogs","1","2"
"http://www.snapshotserengeti.org/subjects/standard/50c2118a8a607540b9013b03_0.jpg","ASG0001q83","1","1","L08","R1","10 opinions agree upon the species present","Warthogs","1","1"
"http://www.snapshotserengeti.org/subjects/standard/50dc7977a2fc8e3789028def_0.jpg","ASG000bp8p","1","4","L01","R1","10 opinions agree upon the species present","Warthogs","1","1"
"http://www.snapshotserengeti.org/subjects/standard/51e915cce0053a09c30d5838_0.jpg","ASG00111km","1","6","P05","R2","10 opinions agree upon the species present","Warthogs","1","1"
"http://www.snapshotserengeti.org/subjects/standard/51a33278e18f49172b0cf2f2_0.jpg","ASG000ptwr","1","5","H07","R1","10 opinions agree upon the species present","Warthogs","1","2"
"http://www.snapshotserengeti.org/subjects/standard/51e8e326e0053a09c307893d_2.jpg","ASG000zp1s","3","6","I05","R2","10 opinions agree upon the species present","Warthogs","1","1"
"http://www.snapshotserengeti.org/subjects/standard/51a34e8be18f49172b10490f_2.jpg","ASG000qlgt","3","5","J06","R1","10 opinions agree upon the species present","Warthogs","1","1"
"http://www.snapshotserengeti.org/subjects/standard/50c2197d8a607540b907677f_0.jpg","ASG000aef3","1","3","K11","R12","10 opinions agree upon the species present","Warthogs","1","2"
"http://www.snapshotserengeti.org/subjects/standard/50dc980ea2fc8e378908bd9b_0.jpg","ASG000d58r","1","4","D06","R2","10 opinions agree upon the species present","Warthogs","1","2"
"http://www.snapshotserengeti.org/subjects/standard/50c214768a607540b903ac73_2.jpg","ASG00055rn","3","2","G05","R1","10 opinions agree upon the species present","Warthogs","1","1"
"http://www.snapshotserengeti.org/subjects/standard/50c210798a607540b9005709_2.jpg","ASG0000h6x","3","1","S11","R1","10 opinions agree upon the species present","Warthogs","1","1"
"http://zooniverse-static.s3.amazonaws.com/www.snapshotserengeti.org/subjects/standard/54cfda6c87ee0404d5095d55_0.JPG","ASG001crhy","1","8","P05","R3","10 opinions agree upon the species present","Warthogs","1","1"
"http://www.snapshotserengeti.org/subjects/standard/50c213e78a607540b90339df_1.jpg","ASG0004j4v","2","2","E08","R1","10 opinions agree upon the species present","Warthogs","1","1"
"http://www.snapshotserengeti.org/subjects/standard/51a34a7ce18f49172b0fcd03_0.jpg","ASG000qhgi","1","5","J02","R2","10 opinions agree upon the species present","Warthogs","1","1"
"http://www.snapshotserengeti.org/subjects/standard/51e8aa48e0053a09c300fbe5_2.jpg","ASG000y7dm","3","6","C03","R1","10 opinions agree upon the species present","Warthogs","1","1"
"http://www.snapshotserengeti.org/subjects/standard/50c215e78a607540b904bdb8_0.jpg","ASG0006nqw","1","2","R08","R2","10 opinions agree upon the species present","Warthogs","1","1"
"http://www.snapshotserengeti.org/subjects/standard/50dc853ba2fc8e378903c686_1.jpg","ASG000byz2","2","4","E02","R2","10 opinions agree upon the species present","Warthogs","1","1"
"http://www.snapshotserengeti.org/subjects/standard/50c217388a607540b905a904_2.jpg","ASG0007y84","3","3","E03","R11","10 opinions agree upon the species present","Warthogs","1","2"
"http://www.snapshotserengeti.org/subjects/standard/51a2f3cbe18f49172b0575fd_0.jpg","ASG000o1o1","1","5","D06","R2","10 opinions agree upon the species present","Warthogs","1","1"
"http://www.snapshotserengeti.org/subjects/standard/51a3a3c2e18f49172b1a6ac1_1.jpg","ASG000sx8l","2","5","Q11","R2","10 opinions agree upon the species present","Warthogs","1","2"
"http://zooniverse-static.s3.amazonaws.com/www.snapshotserengeti.org/subjects/standard/56a696cd41479b004205fe7d_0.JPG","ASG001gpfs","1","9","C02","1","10 opinions agree upon the species present","Warthogs","1","1"
"http://www.snapshotserengeti.org/subjects/standard/5331dda61bccd304b606d163_1.JPG","ASG0012j6b","2","7","T11","R2","10 opinions agree upon the species present","Warthogs","1","1"
"http://www.snapshotserengeti.org/subjects/standard/50dcbe22a2fc8e37890ea752_1.jpg","ASG000eh9l","2","4","N10","R2","10 opinions agree upon the species present","Warthogs","1","1"
"http://www.snapshotserengeti.org/subjects/standard/51a33a6fe18f49172b0de254_1.jpg","ASG000q1me","2","5","I02","R2","10 opinions agree upon the species present","Warthogs","1","1"
"http://www.snapshotserengeti.org/subjects/standard/5331deaa1bccd304b6073e1d_0.JPG","ASG00128d0","1","7","H01","R3","10 opinions agree upon the species present","Warthogs","1","1"
"http://www.snapshotserengeti.org/subjects/standard/5331deaa1bccd304b6073e1d_2.JPG","ASG00128d0","3","7","H01","R3","10 opinions agree upon the species present","Warthogs","1","1"
"http://zooniverse-static.s3.amazonaws.com/www.snapshotserengeti.org/subjects/standard/5582decac4af4e0042004541_0.JPG","ASG001geoy","1","0","J02","R11","10 opinions agree upon the species present","Warthogs","1","1"
"http://www.snapshotserengeti.org/subjects/standard/5331de431bccd304b6071395_0.JPG","ASG0012clu","1","7","G05","R2","10 opinions agree upon the species present","Warthogs","1","1"
"http://www.snapshotserengeti.org/subjects/standard/50dc8fc1a2fc8e378905fc37_0.jpg","ASG000civi","1","4","C13","R2","10 opinions agree upon the species present","Warthogs","1","1"
"http://www.snapshotserengeti.org/subjects/standard/5331d68b1bccd304b603d925_0.JPG","ASG0014lfa","1","7","H07","R2","10 opinions agree upon the species present","Warthogs","1","1"
"http://www.snapshotserengeti.org/subjects/standard/51e8d166e0053a09c3057c82_2.jpg","ASG000z8ik","3","6","G05","R2","10 opinions agree upon the species present","Warthogs","1","3"
"http://www.snapshotserengeti.org/subjects/standard/50c215ea8a607540b904bf8e_0.jpg","ASG0006o3y","1","2","R09","R3","10 opinions agree upon the species present","Warthogs","1","1"
"http://www.snapshotserengeti.org/subjects/standard/50c217ce8a607540b90627aa_1.jpg","ASG0008n8q","2","3","O05","R11","10 opinions agree upon the species present","Warthogs","1","2"
"http://www.snapshotserengeti.org/subjects/standard/51e8a1e1e0053a09c30003a4_1.jpg","ASG000xzas","2","6","B03","R2","10 opinions agree upon the species present","Warthogs","1","1"
"http://www.snapshotserengeti.org/subjects/standard/51a3a155e18f49172b1a206d_1.jpg","ASG000suxo","2","5","Q07","R2","10 opinions agree upon the species present","Warthogs","1","1"
"http://www.snapshotserengeti.org/subjects/standard/50c2137d8a607540b902e72b_2.jpg","ASG00042sr","3","2","D04","R4","10 opinions agree upon the species present","Warthogs","1","1"
"http://www.snapshotserengeti.org/subjects/standard/50dce087a2fc8e3789130ce0_1.jpg","ASG000fhj1","2","4","R10","R2","10 opinions agree upon the species present","Warthogs","1","1"
"http://www.snapshotserengeti.org/subjects/standard/50c2156b8a607540b9046697_0.jpg","ASG00066jb","1","2","J08","R2","10 opinions agree upon the species present","Warthogs","1","1"
"http://www.snapshotserengeti.org/subjects/standard/50c2114c8a607540b901058d_1.jpg","ASG0001fnx","2","1","K03","R1","10 opinions agree upon the species present","Warthogs","1","1"
"http://www.snapshotserengeti.org/subjects/standard/51e8b6efe0053a09c30271cd_0.jpg","ASG000yj8r","1","6","D06","R1","10 opinions agree upon the species present","Warthogs","1","1"
"http://www.snapshotserengeti.org/subjects/standard/50c2130d8a607540b9028925_2.jpg","ASG0003k85","3","2","B08","R1","10 opinions agree upon the species present","Warthogs","1","1"
"http://www.snapshotserengeti.org/subjects/standard/50dc722ba2fc8e378900efcc_1.jpg","ASG000bbw9","2","4","D02","R2","10 opinions agree upon the species present","Warthogs","1","1"
"http://www.snapshotserengeti.org/subjects/standard/50c214c48a607540b903ef10_2.jpg","ASG0005ixc","3","2","H02","R2","10 opinions agree upon the species present","Warthogs","1","1"
"http://www.snapshotserengeti.org/subjects/standard/51a329ece18f49172b0bed52_0.jpg","ASG000plep","1","5","H02","R1","10 opinions agree upon the species present","Warthogs","1","2"
"http://www.snapshotserengeti.org/subjects/standard/51e8d54fe0053a09c305f068_1.jpg","ASG000zcf1","2","6","H01","R2","10 opinions agree upon the species present","Warthogs","1","1"
"http://www.snapshotserengeti.org/subjects/standard/51a32ab7e18f49172b0c05e3_2.jpg","ASG000pm7g","3","5","H02","R2","10 opinions agree upon the species present","Warthogs","1","1"
"http://www.snapshotserengeti.org/subjects/standard/51a3049ae18f49172b077793_2.jpg","ASG000oixu","3","5","E04","R2","10 opinions agree upon the species present","Warthogs","1","1"
"http://www.snapshotserengeti.org/subjects/standard/51e8d529e0053a09c305ebf1_2.jpg","ASG000zc9p","3","6","H01","R1","10 opinions agree upon the species present","Warthogs","1","2"
"http://www.snapshotserengeti.org/subjects/standard/50c214da8a607540b903ff86_0.jpg","ASG0005m6e","1","2","H06","R2","10 opinions agree upon the species present","Warthogs","1","1"
"http://www.snapshotserengeti.org/subjects/standard/51a34e46e18f49172b1040f0_2.jpg","ASG000ql79","3","5","J05","R2","10 opinions agree upon the species present","Warthogs","1","1"
"http://www.snapshotserengeti.org/subjects/standard/50dc7714a2fc8e3789018f46_1.jpg","ASG000bh1g","2","4","C10","R1","10 opinions agree upon the species present","Warthogs","1","3"
"http://www.snapshotserengeti.org/subjects/standard/50c214d58a607540b903fc36_0.jpg","ASG0005liu","1","2","H05","R1","10 opinions agree upon the species present","Warthogs","1","1"
"http://www.snapshotserengeti.org/subjects/standard/50c219338a607540b907306e_0.jpg","ASG000a3ji","1","3","I13","R12","10 opinions agree upon the species present","Warthogs","1","1"
"http://www.snapshotserengeti.org/subjects/standard/51e8d554e0053a09c305f0f1_0.jpg","ASG000zcfm","1","6","H01","R2","10 opinions agree upon the species present","Warthogs","1","1"
"http://www.snapshotserengeti.org/subjects/standard/51e8bf74e0053a09c3036c66_2.jpg","ASG000yqwo","3","6","E02","R2","10 opinions agree upon the species present","Warthogs","1","3"
"http://www.snapshotserengeti.org/subjects/standard/50dc942da2fc8e3789073e64_2.jpg","ASG000csp5","3","4","L05","R1","10 opinions agree upon the species present","Warthogs","1","1"
"http://www.snapshotserengeti.org/subjects/standard/50c2165b8a607540b9051142_2.jpg","ASG000748y","3","2","V10","R3","10 opinions agree upon the species present","Warthogs","1","1"
"http://www.snapshotserengeti.org/subjects/standard/50dc940aa2fc8e3789072474_2.jpg","ASG000crtc","3","4","O06","R2","10 opinions agree upon the species present","Warthogs","1","1"
"http://www.snapshotserengeti.org/subjects/standard/50c216448a607540b904fff5_1.jpg","ASG00070tx","2","2","T10","R1","10 opinions agree upon the species present","Warthogs","1","1"
"http://zooniverse-static.s3.amazonaws.com/www.snapshotserengeti.org/subjects/standard/56a696c941479b004205fcb9_0.JPG","ASG001gplw","1","9","I01","2","10 opinions agree upon the species present","Warthogs","1","1"
"http://www.snapshotserengeti.org/subjects/standard/51e8c017e0053a09c3037f49_0.jpg","ASG000yrll","1","6","E03","R2","10 opinions agree upon the species present","Warthogs","1","1"
"http://www.snapshotserengeti.org/subjects/standard/50c214db8a607540b903ffe4_0.jpg","ASG0005m90","1","2","H06","R1","10 opinions agree upon the species present","Warthogs","1","1"
"http://www.snapshotserengeti.org/subjects/standard/50dcb2fda2fc8e37890d031f_2.jpg","ASG000e3u3","3","4","G13","R1","10 opinions agree upon the species present","Warthogs","1","1"
"http://www.snapshotserengeti.org/subjects/standard/50c2113a8a607540b900f70e_1.jpg","ASG0001csu","2","1","I13","R1","10 opinions agree upon the species present","Warthogs","1","3"
"http://www.snapshotserengeti.org/subjects/standard/51a3340ae18f49172b0d21af_2.jpg","ASG000pveo","3","5","H07","R3","10 opinions agree upon the species present","Warthogs","1","1"
"http://www.snapshotserengeti.org/subjects/standard/50c2185b8a607540b90693c0_1.jpg","ASG00098lc","2","3","F05","R12","10 opinions agree upon the species present","Warthogs","1","2"
"http://www.snapshotserengeti.org/subjects/standard/50dc722ba2fc8e378900eebc_0.jpg","ASG000bbut","1","4","D02","R2","10 opinions agree upon the species present","Warthogs","1","1"
"http://www.snapshotserengeti.org/subjects/standard/51a35218e18f49172b10b53f_1.jpg","ASG000qpmv","2","5","J12","R2","10 opinions agree upon the species present","Warthogs","1","1"
"http://www.snapshotserengeti.org/subjects/standard/51e91a7ee0053a09c30dc5a4_1.jpg","ASG00114xy","2","6","Q07","R1","10 opinions agree upon the species present","Warthogs","1","1"
"http://www.snapshotserengeti.org/subjects/standard/51a3126ae18f49172b091efe_0.jpg","ASG000owgy","1","5","E12","R3","10 opinions agree upon the species present","Warthogs","1","1"
"http://www.snapshotserengeti.org/subjects/standard/51a397f8e18f49172b190285_2.jpg","ASG000slo3","3","5","P05","R3","10 opinions agree upon the species present","Warthogs","1","2"
"http://www.snapshotserengeti.org/subjects/standard/51e8d559e0053a09c305f192_0.jpg","ASG000zcgc","1","6","H01","R2","10 opinions agree upon the species present","Warthogs","1","1"
"http://www.snapshotserengeti.org/subjects/standard/51e8a9fee0053a09c300f361_1.jpg","ASG000y73y","2","6","C02","R2","10 opinions agree upon the species present","Warthogs","1","1"
"http://www.snapshotserengeti.org/subjects/standard/50c212788a607540b902075a_1.jpg","ASG0002ul6","2","1","D04","R6","10 opinions agree upon the species present","Warthogs","1","2"
"http://www.snapshotserengeti.org/subjects/standard/50c217878a607540b905e888_1.jpg","ASG0008ars","2","3","I13","R11","10 opinions agree upon the species present","Warthogs","1","1"
"http://www.snapshotserengeti.org/subjects/standard/51e8a924e0053a09c300da3a_1.jpg","ASG000y6ab","2","6","C01","R1","10 opinions agree upon the species present","Warthogs","1","1"
"http://www.snapshotserengeti.org/subjects/standard/5331d5b01bccd304b6037ebb_2.JPG","ASG0014ub5","3","7","S09","R2","10 opinions agree upon the species present","Warthogs","1","3"
"http://www.snapshotserengeti.org/subjects/standard/51a381b7e18f49172b165c30_1.jpg","ASG000rzx8","2","5","N12","R1","10 opinions agree upon the species present","Warthogs","1","1"
"http://www.snapshotserengeti.org/subjects/standard/51e903b6e0053a09c30b4d6f_0.jpg","ASG0010l7f","1","6","N02","R1","10 opinions agree upon the species present","Warthogs","1","1"
"http://www.snapshotserengeti.org/subjects/standard/5331da821bccd304b6058053_2.JPG","ASG0013fnc","3","7","F07","R2","10 opinions agree upon the species present","Warthogs","1","1"
"http://www.snapshotserengeti.org/subjects/standard/50c216a48a607540b90542bb_2.jpg","ASG0007e0r","3","2","K09","R1","10 opinions agree upon the species present","Warthogs","1","2"
"http://www.snapshotserengeti.org/subjects/standard/50dc764ba2fc8e3789013e8d_1.jpg","ASG000bef9","2","4","K07","R2","10 opinions agree upon the species present","Warthogs","1","2"
"http://www.snapshotserengeti.org/subjects/standard/51e8a943e0053a09c300ddca_2.jpg","ASG000y6ee","3","6","C01","R1","10 opinions agree upon the species present","Warthogs","1","1"
"http://www.snapshotserengeti.org/subjects/standard/5331d0821bccd304b601728d_0.JPG","ASG0016ara","1","7","E02","R1","10 opinions agree upon the species present","Warthogs","1","1"
"http://www.snapshotserengeti.org/subjects/standard/5331d9e31bccd304b6053f37_1.JPG","ASG0013m3t","2","7","D04","R3","10 opinions agree upon the species present","Warthogs","1","4"
"http://www.snapshotserengeti.org/subjects/standard/51a358b1e18f49172b117ec2_2.jpg","ASG000qwet","3","5","K12","R1","10 opinions agree upon the species present","Warthogs","1","1"
"http://www.snapshotserengeti.org/subjects/standard/51e8c046e0053a09c3038494_0.jpg","ASG000yrrw","1","6","E04","R1","10 opinions agree upon the species present","Warthogs","1","1"
"http://www.snapshotserengeti.org/subjects/standard/50c210ff8a607540b900c56f_2.jpg","ASG00012zz","3","1","H06","R4","10 opinions agree upon the species present","Warthogs","1","1"
"http://www.snapshotserengeti.org/subjects/standard/50c216ac8a607540b9054a3a_1.jpg","ASG0007fi2","2","2","K13","R1","10 opinions agree upon the species present","Warthogs","1","5"
"http://zooniverse-static.s3.amazonaws.com/www.snapshotserengeti.org/subjects/standard/54cfd3a287ee0404d5060803_0.JPG","ASG001amsi","1","8","J12","R1","10 opinions agree upon the species present","Warthogs","1","1"
"http://www.snapshotserengeti.org/subjects/standard/5331d66f1bccd304b603ccdf_0.JPG","ASG0014mmg","1","7","H07","R1","10 opinions agree upon the species present","Warthogs","1","1"
"http://www.snapshotserengeti.org/subjects/standard/50c2169c8a607540b9053cbb_1.jpg","ASG0007cu3","2","2","K07","R3","10 opinions agree upon the species present","Warthogs","1","4"
"http://www.snapshotserengeti.org/subjects/standard/51e8a210e0053a09c3000912_1.jpg","ASG000xzj0","2","6","B03","R2","10 opinions agree upon the species present","Warthogs","1","3"
"http://www.snapshotserengeti.org/subjects/standard/5331d6291bccd304b603b12b_0.JPG","ASG0014pep","1","7","H06","R1","10 opinions agree upon the species present","Warthogs","1","1"
"http://www.snapshotserengeti.org/subjects/standard/50dce051a2fc8e378912fcb9_0.jpg","ASG000fgxb","1","4","R10","R2","10 opinions agree upon the species present","Warthogs","1","1"
"http://www.snapshotserengeti.org/subjects/standard/51a34b8be18f49172b0fed18_2.jpg","ASG000qiks","3","5","J03","R1","10 opinions agree upon the species present","Warthogs","1","2"
