"url","Subject ID","Frame","Season","Site","Roll","Decision Type","Crowd Determination","Total Species Present","Total Animals Present"
"http://www.snapshotserengeti.org/subjects/standard/51a2edb7e18f49172b04bbc2_0.jpg","ASG000nvdw","1","5","D05","R1","10 opinions agree upon the species present","Wildebeest","1","1"
"http://www.snapshotserengeti.org/subjects/standard/50dc9e77a2fc8e37890a1bfa_0.jpg","ASG000dghy","1","4","O10","R2","10 opinions agree upon the species present","Wildebeest","1","3"
"http://www.snapshotserengeti.org/subjects/standard/50dcb434a2fc8e37890da33a_1.jpg","ASG000e90u","2","4","J12","R2","10 opinions agree upon the species present","Wildebeest","1","5"
"http://www.snapshotserengeti.org/subjects/standard/50dcb434a2fc8e37890da335_1.jpg","ASG000e90t","2","4","J12","R2","10 opinions agree upon the species present","Wildebeest","1","1"
"http://www.snapshotserengeti.org/subjects/standard/50dcb3a6a2fc8e37890d5fd0_1.jpg","ASG000e6wd","2","4","C08","R2","10 opinions agree upon the species present","Wildebeest","1","1"
"http://www.snapshotserengeti.org/subjects/standard/5331d0ec1bccd304b6019bf3_0.JPG","ASG00166o6","1","7","L05","R3","10 opinions agree upon the species present","Wildebeest","1","1"
"http://www.snapshotserengeti.org/subjects/standard/51a2e93ae18f49172b04329b_1.jpg","ASG000nqwr","2","5","D02","R1","10 opinions agree upon the species present","Wildebeest","1","1"
"http://www.snapshotserengeti.org/subjects/standard/50c213dc8a607540b90330ff_2.jpg","ASG0004hdr","3","2","E06","R3","10 opinions agree upon the species present","Wildebeest","1","11"
"http://www.snapshotserengeti.org/subjects/standard/5331de031bccd304b606f867_2.JPG","ASG0012fas","3","7","U09","R1","10 opinions agree upon the species present","Wildebeest","1","4"
"http://zooniverse-static.s3.amazonaws.com/www.snapshotserengeti.org/subjects/standard/54cfd45987ee0404d5066243_0.JPG","ASG001auvi","1","8","K08","R2","10 opinions agree upon the species present","Wildebeest","1","11"
"http://zooniverse-static.s3.amazonaws.com/www.snapshotserengeti.org/subjects/standard/54cfdd4b87ee0404d50ac891_0.JPG","ASG001a728","1","8","T11","R2","10 opinions agree upon the species present","Wildebeest","1","2"
"http://www.snapshotserengeti.org/subjects/standard/50c218fd8a607540b9070752_1.jpg","ASG0009vf6","2","3","I04","R12","10 opinions agree upon the species present","Wildebeest","1","3"
"http://www.snapshotserengeti.org/subjects/standard/50dc90a0a2fc8e3789062b62_2.jpg","ASG000cken","3","4","C13","R1","10 opinions agree upon the species present","Wildebeest","1","2"
"http://www.snapshotserengeti.org/subjects/standard/5331e1941bccd304b60867fd_2.JPG","ASG0017syd","3","7","I05","R1","10 opinions agree upon the species present","Wildebeest","1","5"
"http://www.snapshotserengeti.org/subjects/standard/51a39384e18f49172b187a00_0.jpg","ASG000sgu4","1","5","P03","R3","10 opinions agree upon the species present","Wildebeest","1","4"
"http://www.snapshotserengeti.org/subjects/standard/50c2131b8a607540b902961c_2.jpg","ASG0003msc","3","2","C04","R3","10 opinions agree upon the species present","Wildebeest","1","5"
"http://www.snapshotserengeti.org/subjects/standard/50dc97ada2fc8e37890888b5_1.jpg","ASG000d3g6","2","4","K03","R2","10 opinions agree upon the species present","Wildebeest","1","5"
"http://www.snapshotserengeti.org/subjects/standard/50c2189c8a607540b906c2c9_0.jpg","ASG0009hvt","1","3","C08","R11","10 opinions agree upon the species present","Wildebeest","1","1"
"http://www.snapshotserengeti.org/subjects/standard/51a3544de18f49172b10f86d_2.jpg","ASG000qs05","3","5","K04","R1","10 opinions agree upon the species present","Wildebeest","1","11"
"http://www.snapshotserengeti.org/subjects/standard/51a331a4e18f49172b0cd973_2.jpg","ASG000pszu","3","5","H07","R1","10 opinions agree upon the species present","Wildebeest","1","1"
"http://www.snapshotserengeti.org/subjects/standard/5331dac31bccd304b6059c09_0.JPG","ASG0013cw9","1","7","F10","R1","10 opinions agree upon the species present","Wildebeest","1","3"
"http://zooniverse-static.s3.amazonaws.com/www.snapshotserengeti.org/subjects/standard/5582de9bc4af4e00420030f3_0.JPG","ASG001ggn2","1","0","L06","R4","10 opinions agree upon the species present","Wildebeest","1","10"
"http://zooniverse-static.s3.amazonaws.com/www.snapshotserengeti.org/subjects/standard/54cfd84387ee0404d50855b1_0.JPG","ASG001depf","1","8","N05","R2","10 opinions agree upon the species present","Wildebeest","1","1"
"http://www.snapshotserengeti.org/subjects/standard/5331dcea1bccd304b60682a3_2.JPG","ASG0012qyt","3","7","O06","R3","10 opinions agree upon the species present","Wildebeest","1","1"
"http://www.snapshotserengeti.org/subjects/standard/51a2f334e18f49172b0563b9_0.jpg","ASG000o13s","1","5","D06","R1","10 opinions agree upon the species present","Wildebeest","1","1"
"http://www.snapshotserengeti.org/subjects/standard/51e92504e0053a09c30efc5e_0.jpg","ASG0011eff","1","6","S11","R2","10 opinions agree upon the species present","Wildebeest","1","9"
"http://www.snapshotserengeti.org/subjects/standard/51a3b89fe18f49172b1ce2dd_2.jpg","ASG000tgsr","3","5","T11","R1","10 opinions agree upon the species present","Wildebeest","1","51"
"http://www.snapshotserengeti.org/subjects/standard/50c2190d8a607540b90714cd_2.jpg","ASG0009y31","3","3","I06","R12","10 opinions agree upon the species present","Wildebeest","1","1"
"http://www.snapshotserengeti.org/subjects/standard/51a2ccb1e18f49172b00cd1e_2.jpg","ASG000n5vu","3","5","B08","R1","10 opinions agree upon the species present","Wildebeest","1","4"
"http://www.snapshotserengeti.org/subjects/standard/51a2f287e18f49172b054f07_0.jpg","ASG000o0fu","1","5","D06","R1","10 opinions agree upon the species present","Wildebeest","1","6"
"http://www.snapshotserengeti.org/subjects/standard/50dc9409a2fc8e378907234a_1.jpg","ASG000crrp","2","4","O06","R2","10 opinions agree upon the species present","Wildebeest","1","5"
"http://www.snapshotserengeti.org/subjects/standard/51a3c24fe18f49172b1e0baf_1.jpg","ASG000tpw4","2","5","T13","R4","10 opinions agree upon the species present","Wildebeest","1","11"
"http://www.snapshotserengeti.org/subjects/standard/5331dc441bccd304b6063e4b_2.JPG","ASG0012xpj","3","7","N08","R4","10 opinions agree upon the species present","Wildebeest","1","2"
"http://www.snapshotserengeti.org/subjects/standard/51a392f1e18f49172b186887_0.jpg","ASG000sg95","1","5","P03","R3","10 opinions agree upon the species present","Wildebeest","1","2"
"http://www.snapshotserengeti.org/subjects/standard/51a31ee5e18f49172b0a9d0f_0.jpg","ASG000p9qm","1","5","G03","R3","10 opinions agree upon the species present","Wildebeest","1","6"
"http://www.snapshotserengeti.org/subjects/standard/50c217f68a607540b90647b9_0.jpg","ASG0008tkp","1","3","S10","R11","10 opinions agree upon the species present","Wildebeest","1","11"
"http://www.snapshotserengeti.org/subjects/standard/50dcac2ea2fc8e37890c0405_2.jpg","ASG000dvpc","3","4","H02","R1","10 opinions agree upon the species present","Wildebeest","1","1"
"http://www.snapshotserengeti.org/subjects/standard/5331ce801bccd304b600a605_0.JPG","ASG0016v15","1","7","C02","R1","10 opinions agree upon the species present","Wildebeest","1","1"
"http://www.snapshotserengeti.org/subjects/standard/5331da861bccd304b605822f_2.JPG","ASG0013fil","3","7","F08","R1","10 opinions agree upon the species present","Wildebeest","1","11"
"http://www.snapshotserengeti.org/subjects/standard/51a34de7e18f49172b103580_2.jpg","ASG000qku1","3","5","J05","R1","10 opinions agree upon the species present","Wildebeest","1","3"
"http://www.snapshotserengeti.org/subjects/standard/50c216958a607540b9053850_1.jpg","ASG0007byo","2","2","K06","R3","10 opinions agree upon the species present","Wildebeest","1","2"
"http://www.snapshotserengeti.org/subjects/standard/50dc7852a2fc8e3789022d13_1.jpg","ASG000bm4o","2","4","Q05","R2","10 opinions agree upon the species present","Wildebeest","1","11"
"http://www.snapshotserengeti.org/subjects/standard/5331e24e1bccd304b608b4bb_1.JPG","ASG00180jv","2","7","J02","R1","10 opinions agree upon the species present","Wildebeest","1","1"
"http://www.snapshotserengeti.org/subjects/standard/51a2f2b8e18f49172b0554cc_2.jpg","ASG000o0mx","3","5","D06","R1","10 opinions agree upon the species present","Wildebeest","1","2"
"http://www.snapshotserengeti.org/subjects/standard/50c216bb8a607540b905516e_2.jpg","ASG0007gxa","3","2","L03","R3","10 opinions agree upon the species present","Wildebeest","1","4"
"http://www.snapshotserengeti.org/subjects/standard/50c218d78a607540b906ee4a_0.jpg","ASG0009qh6","1","3","H06","R12","10 opinions agree upon the species present","Wildebeest","1","11"
"http://www.snapshotserengeti.org/subjects/standard/50c217c48a607540b9061db0_2.jpg","ASG0008l9s","3","3","N05","R11","10 opinions agree upon the species present","Wildebeest","1","11"
"http://www.snapshotserengeti.org/subjects/standard/50c219e08a607540b907b3c8_1.jpg","ASG000athk","2","3","P10","R12","10 opinions agree upon the species present","Wildebeest","1","5"
"http://www.snapshotserengeti.org/subjects/standard/51e93242e0053a09c3108587_1.jpg","ASG0011riz","2","6","U10","R2","10 opinions agree upon the species present","Wildebeest","1","3"
"http://www.snapshotserengeti.org/subjects/standard/51a2cd67e18f49172b00e2d8_0.jpg","ASG000n6js","1","5","B08","R1","10 opinions agree upon the species present","Wildebeest","1","1"
"http://www.snapshotserengeti.org/subjects/standard/51a2f28fe18f49172b054fef_2.jpg","ASG000o0gs","3","5","D06","R1","10 opinions agree upon the species present","Wildebeest","1","7"
"http://www.snapshotserengeti.org/subjects/standard/50c215a58a607540b9048ddf_0.jpg","ASG0006ean","1","2","P11","R3","10 opinions agree upon the species present","Wildebeest","1","1"
"http://www.snapshotserengeti.org/subjects/standard/51e8a8aae0053a09c300cc22_1.jpg","ASG000y5sx","2","6","C01","R1","10 opinions agree upon the species present","Wildebeest","1","4"
"http://www.snapshotserengeti.org/subjects/standard/50dcd2f3a2fc8e37890ef897_0.jpg","ASG000ejri","1","4","S10","R2","10 opinions agree upon the species present","Wildebeest","1","3"
"http://zooniverse-static.s3.amazonaws.com/www.snapshotserengeti.org/subjects/standard/56a6aa3541479b004207477d_0.JPG","ASG001kydt","1","9","O11","3","","Wildebeest","1","1"
"http://zooniverse-static.s3.amazonaws.com/www.snapshotserengeti.org/subjects/standard/54cfc9a787ee0404d5011fff_0.JPG","ASG001epqx","1","8","C13","R3","10 opinions agree upon the species present","Wildebeest","1","1"
"http://www.snapshotserengeti.org/subjects/standard/50c216218a607540b904e593_1.jpg","ASG0006vmb","2","2","M04","R2","10 opinions agree upon the species present","Wildebeest","1","1"
"http://www.snapshotserengeti.org/subjects/standard/50dcd899a2fc8e378910ee72_2.jpg","ASG000f08e","3","4","C12","R1","10 opinions agree upon the species present","Wildebeest","1","3"
"http://www.snapshotserengeti.org/subjects/standard/50c21a068a607540b907d08b_2.jpg","ASG000az63","3","3","S07","R12","10 opinions agree upon the species present","Wildebeest","1","1"
"http://www.snapshotserengeti.org/subjects/standard/51e930cbe0053a09c3105a0c_0.jpg","ASG0011q0y","1","6","T13","R2","10 opinions agree upon the species present","Wildebeest","1","11"
"http://www.snapshotserengeti.org/subjects/standard/51a2cd39e18f49172b00dd7e_0.jpg","ASG000n6du","1","5","B08","R1","10 opinions agree upon the species present","Wildebeest","1","7"
"http://www.snapshotserengeti.org/subjects/standard/51a39635e18f49172b18cca5_1.jpg","ASG000sjyl","2","5","P04","R3","10 opinions agree upon the species present","Wildebeest","1","4"
"http://www.snapshotserengeti.org/subjects/standard/50c214fd8a607540b904182b_0.jpg","ASG0005r1n","1","2","I02","R1","10 opinions agree upon the species present","Wildebeest","1","1"
"http://www.snapshotserengeti.org/subjects/standard/50dcd8d0a2fc8e3789110456_0.jpg","ASG000f0vc","1","4","H06","R2","10 opinions agree upon the species present","Wildebeest","1","8"
"http://www.snapshotserengeti.org/subjects/standard/50c216228a607540b904e6c1_1.jpg","ASG0006vup","2","2","M04","R2","10 opinions agree upon the species present","Wildebeest","1","11"
"http://www.snapshotserengeti.org/subjects/standard/51e92d93e0053a09c30ffa6e_2.jpg","ASG0011mui","3","6","T12","R2","10 opinions agree upon the species present","Wildebeest","1","11"
"http://www.snapshotserengeti.org/subjects/standard/50dcd3d2a2fc8e37890f5d3b_0.jpg","ASG000en56","1","4","T11","R2","10 opinions agree upon the species present","Wildebeest","1","1"
"http://www.snapshotserengeti.org/subjects/standard/51a2d837e18f49172b022bb6_2.jpg","ASG000myyn","3","5","C01","R3","10 opinions agree upon the species present","Wildebeest","1","11"
"http://www.snapshotserengeti.org/subjects/standard/51a395eee18f49172b18c41b_0.jpg","ASG000sjnt","1","5","P04","R3","10 opinions agree upon the species present","Wildebeest","1","2"
"http://www.snapshotserengeti.org/subjects/standard/51e92b8de0053a09c30fbe40_2.jpg","ASG0011kum","3","6","T10","R1","10 opinions agree upon the species present","Wildebeest","1","2"
"http://www.snapshotserengeti.org/subjects/standard/51a2e2e5e18f49172b037163_2.jpg","ASG000nku8","3","5","C10","R3","10 opinions agree upon the species present","Wildebeest","1","1"
"http://www.snapshotserengeti.org/subjects/standard/51a3c2e0e18f49172b1e1cf7_0.jpg","ASG000tqev","1","5","U09","R1","10 opinions agree upon the species present","Wildebeest","1","11"
"http://www.snapshotserengeti.org/subjects/standard/51a2e21ee18f49172b035978_2.jpg","ASG000nk2j","3","5","C10","R1","10 opinions agree upon the species present","Wildebeest","1","2"
"http://www.snapshotserengeti.org/subjects/standard/50dc91dba2fc8e3789069e32_2.jpg","ASG000cnva","3","4","H07","R2","10 opinions agree upon the species present","Wildebeest","1","51"
"http://www.snapshotserengeti.org/subjects/standard/51e92515e0053a09c30efe5a_2.jpg","ASG0011ehl","3","6","S11","R2","10 opinions agree upon the species present","Wildebeest","1","11"
"http://www.snapshotserengeti.org/subjects/standard/50dcac26a2fc8e37890bfabc_1.jpg","ASG000dvcv","2","4","J06","R1","10 opinions agree upon the species present","Wildebeest","1","2"
"http://www.snapshotserengeti.org/subjects/standard/50c2130a8a607540b9028841_0.jpg","ASG0003k1t","1","2","B07","R2","10 opinions agree upon the species present","Wildebeest","1","11"
"http://www.snapshotserengeti.org/subjects/standard/50c212ed8a607540b902723e_1.jpg","ASG0003fpa","2","2","B05","R3","10 opinions agree upon the species present","Wildebeest","1","10"
"http://www.snapshotserengeti.org/subjects/standard/50c218ab8a607540b906ce2f_1.jpg","ASG0009k4v","2","3","G04","R12","10 opinions agree upon the species present","Wildebeest","1","11"
"http://www.snapshotserengeti.org/subjects/standard/51a3c5d7e18f49172b1e778f_1.jpg","ASG000tta3","2","5","U10","R4","10 opinions agree upon the species present","Wildebeest","1","5"
"http://www.snapshotserengeti.org/subjects/standard/50dcac28a2fc8e37890bfce5_0.jpg","ASG000dvg2","1","4","J06","R1","10 opinions agree upon the species present","Wildebeest","1","9"
"http://www.snapshotserengeti.org/subjects/standard/50dc8fcda2fc8e378906010a_0.jpg","ASG000cj0c","1","4","C13","R1","10 opinions agree upon the species present","Wildebeest","1","1"
"http://www.snapshotserengeti.org/subjects/standard/51a2ea52e18f49172b045415_0.jpg","ASG000nrxs","1","5","D02","R3","10 opinions agree upon the species present","Wildebeest","1","11"
"http://www.snapshotserengeti.org/subjects/standard/50dcd599a2fc8e37890fe98a_1.jpg","ASG000erhg","2","4","S09","R2","10 opinions agree upon the species present","Wildebeest","1","11"
"http://www.snapshotserengeti.org/subjects/standard/51a31263e18f49172b091e20_0.jpg","ASG000owfv","1","5","E12","R3","10 opinions agree upon the species present","Wildebeest","1","1"
"http://www.snapshotserengeti.org/subjects/standard/51a3543be18f49172b10f656_1.jpg","ASG000qrxq","2","5","K04","R1","10 opinions agree upon the species present","Wildebeest","1","5"
"http://www.snapshotserengeti.org/subjects/standard/50dc97d0a2fc8e378908a075_0.jpg","ASG000d490","1","4","T09","R2","10 opinions agree upon the species present","Wildebeest","1","6"
"http://www.snapshotserengeti.org/subjects/standard/50dc9dffa2fc8e378909f17e_2.jpg","ASG000df0g","3","4","C07","R2","10 opinions agree upon the species present","Wildebeest","1","3"
"http://www.snapshotserengeti.org/subjects/standard/50dcd30ba2fc8e37890f011d_0.jpg","ASG000ek1m","1","4","S10","R2","10 opinions agree upon the species present","Wildebeest","1","4"
"http://www.snapshotserengeti.org/subjects/standard/50dc9418a2fc8e3789073156_0.jpg","ASG000cs90","1","4","M08","R1","10 opinions agree upon the species present","Wildebeest","1","1"
"http://www.snapshotserengeti.org/subjects/standard/50dc8ad3a2fc8e37890487b0_2.jpg","ASG000c4py","3","4","B09","R1","10 opinions agree upon the species present","Wildebeest","1","1"
"http://www.snapshotserengeti.org/subjects/standard/50c219d98a607540b907ae4b_2.jpg","ASG000asej","3","3","P07","R12","10 opinions agree upon the species present","Wildebeest","1","11"
"http://www.snapshotserengeti.org/subjects/standard/50dcd713a2fc8e3789107c37_1.jpg","ASG000ew9u","2","4","J05","R1","10 opinions agree upon the species present","Wildebeest","1","9"
"http://www.snapshotserengeti.org/subjects/standard/51a3b8b1e18f49172b1ce516_2.jpg","ASG000tgv2","3","5","T11","R1","10 opinions agree upon the species present","Wildebeest","1","11"
"http://www.snapshotserengeti.org/subjects/standard/50dca26aa2fc8e37890b2f1b_1.jpg","ASG000dp3a","2","4","B08","R2","10 opinions agree upon the species present","Wildebeest","1","8"
"http://www.snapshotserengeti.org/subjects/standard/50dc90b1a2fc8e3789062ecf_1.jpg","ASG000cki6","2","4","C13","R1","10 opinions agree upon the species present","Wildebeest","1","1"
"http://zooniverse-static.s3.amazonaws.com/www.snapshotserengeti.org/subjects/standard/54cfd45787ee0404d506616f_0.JPG","ASG001av04","1","8","K08","R2","10 opinions agree upon the species present","Wildebeest","1","11"
"http://www.snapshotserengeti.org/subjects/standard/51a2d8ece18f49172b0240f3_2.jpg","ASG000msnp","3","5","C02","R3","10 opinions agree upon the species present","Wildebeest","1","7"
"http://www.snapshotserengeti.org/subjects/standard/51a2f357e18f49172b056807_1.jpg","ASG000o18c","2","5","D06","R1","10 opinions agree upon the species present","Wildebeest","1","1"
"http://www.snapshotserengeti.org/subjects/standard/50c216898a607540b9053076_2.jpg","ASG0007aeu","3","2","K05","R2","10 opinions agree upon the species present","Wildebeest","1","11"
