"url","Subject ID","Frame","Season","Site","Roll","Decision Type","Crowd Determination","Total Species Present","Total Animals Present"
"http://www.snapshotserengeti.org/subjects/standard/51a349ebe18f49172b0fbb89_2.jpg","ASG000qguy","3","5","J02","R1","10 opinions agree upon the species present","Wildebeest","1","1"
"http://www.snapshotserengeti.org/subjects/standard/50dc7717a2fc8e37890190be_2.jpg","ASG000bh3c","3","4","C10","R1","10 opinions agree upon the species present","Wildebeest","1","5"
"http://www.snapshotserengeti.org/subjects/standard/50c216cb8a607540b9055b47_0.jpg","ASG0007ivb","1","2","L05","R3","10 opinions agree upon the species present","Wildebeest","1","4"
"http://www.snapshotserengeti.org/subjects/standard/50c216bf8a607540b90553e8_0.jpg","ASG0007hew","1","2","L04","R4","10 opinions agree upon the species present","Wildebeest","1","1"
"http://www.snapshotserengeti.org/subjects/standard/50dcb3a6a2fc8e37890d5fad_2.jpg","ASG000e6w6","3","4","C08","R2","10 opinions agree upon the species present","Wildebeest","1","1"
"http://zooniverse-static.s3.amazonaws.com/www.snapshotserengeti.org/subjects/standard/5582de94c4af4e0042002e1b_0.JPG","ASG001gh0j","1","0","L06","R3","10 opinions agree upon the species present","Wildebeest","1","1"
"http://www.snapshotserengeti.org/subjects/standard/50dcd6b8a2fc8e378910472e_0.jpg","ASG000eui4","1","4","F10","R1","10 opinions agree upon the species present","Wildebeest","1","1"
"http://www.snapshotserengeti.org/subjects/standard/51a3b76fe18f49172b1cbe80_1.jpg","ASG000tfmw","2","5","T10","R1","Most common opinion from 25 opinions","Wildebeest","1","1"
"http://www.snapshotserengeti.org/subjects/standard/51e92495e0053a09c30eefba_1.jpg","ASG0011e0u","2","6","S09","R1","10 opinions agree upon the species present","Wildebeest","1","2"
"http://www.snapshotserengeti.org/subjects/standard/50dc9113a2fc8e3789064543_2.jpg","ASG000cl3o","3","4","U09","R2","10 opinions agree upon the species present","Wildebeest","1","5"
"http://www.snapshotserengeti.org/subjects/standard/50c2167c8a607540b90527b9_2.jpg","ASG00078op","3","2","K03","R2","10 opinions agree upon the species present","Wildebeest","1","3"
"http://www.snapshotserengeti.org/subjects/standard/50c21a268a607540b907e76e_2.jpg","ASG000b3ou","3","3","N09","R11","10 opinions agree upon the species present","Wildebeest","1","4"
"http://www.snapshotserengeti.org/subjects/standard/50dcda00a2fc8e3789117a1b_2.jpg","ASG000f4v9","3","4","R09","R2","10 opinions agree upon the species present","Wildebeest","1","1"
"http://www.snapshotserengeti.org/subjects/standard/5331d7a31bccd304b6044d53_0.JPG","ASG00149xq","1","7","J04","R1","10 opinions agree upon the species present","Wildebeest","1","1"
"http://www.snapshotserengeti.org/subjects/standard/51a3499ee18f49172b0fb248_2.jpg","ASG000qgl1","3","5","J02","R1","10 opinions agree upon the species present","Wildebeest","1","3"
"http://www.snapshotserengeti.org/subjects/standard/5331dfcb1bccd304b607b90f_0.JPG","ASG0017bm6","1","7","E13","R1","10 opinions agree upon the species present","Wildebeest","1","1"
"http://www.snapshotserengeti.org/subjects/standard/5331d6c51bccd304b603f143_0.JPG","ASG0014j1h","1","7","H09","R1","10 opinions agree upon the species present","Wildebeest","1","2"
"http://www.snapshotserengeti.org/subjects/standard/51e92c34e0053a09c30fd1b6_2.jpg","ASG0011lhs","3","6","T11","R1","10 opinions agree upon the species present","Wildebeest","1","3"
"http://www.snapshotserengeti.org/subjects/standard/5331dacb1bccd304b6059f7f_1.JPG","ASG0013cke","2","7","F10","R1","10 opinions agree upon the species present","Wildebeest","1","3"
"http://www.snapshotserengeti.org/subjects/standard/50c215508a607540b90452da_0.jpg","ASG00062my","1","2","J04","R3","10 opinions agree upon the species present","Wildebeest","1","1"
"http://www.snapshotserengeti.org/subjects/standard/51a2e980e18f49172b043afc_0.jpg","ASG000nr5o","1","5","D02","R1","10 opinions agree upon the species present","Wildebeest","1","1"
"http://zooniverse-static.s3.amazonaws.com/www.snapshotserengeti.org/subjects/standard/54cfda2287ee0404d5093999_0.JPG","ASG001culj","1","8","P03","R2","10 opinions agree upon the species present","Wildebeest","1","1"
"http://www.snapshotserengeti.org/subjects/standard/50c2191e8a607540b90720ba_0.jpg","ASG000a0fu","1","3","I08","R12","10 opinions agree upon the species present","Wildebeest","1","4"
"http://www.snapshotserengeti.org/subjects/standard/50c21a258a607540b907e630_2.jpg","ASG000b3g0","3","3","N09","R11","10 opinions agree upon the species present","Wildebeest","1","1"
"http://www.snapshotserengeti.org/subjects/standard/51e931bbe0053a09c31075b7_0.jpg","ASG0011r0q","1","6","U10","R1","10 opinions agree upon the species present","Wildebeest","1","1"
"http://www.snapshotserengeti.org/subjects/standard/50c2133e8a607540b902b21b_1.jpg","ASG0003sbf","2","2","C07","R2","10 opinions agree upon the species present","Wildebeest","1","3"
"http://www.snapshotserengeti.org/subjects/standard/51a39880e18f49172b191260_0.jpg","ASG000sm6i","1","5","P08","R1","10 opinions agree upon the species present","Wildebeest","1","3"
"http://www.snapshotserengeti.org/subjects/standard/5331ce7c1bccd304b600a439_0.JPG","ASG0016v4r","1","7","C02","R1","10 opinions agree upon the species present","Wildebeest","1","1"
"http://www.snapshotserengeti.org/subjects/standard/50c219e08a607540b907b3a1_2.jpg","ASG000atgh","3","3","P10","R12","10 opinions agree upon the species present","Wildebeest","1","2"
"http://www.snapshotserengeti.org/subjects/standard/5331d6611bccd304b603c80b_0.JPG","ASG0014n4h","1","7","H07","R1","10 opinions agree upon the species present","Wildebeest","1","1"
"http://www.snapshotserengeti.org/subjects/standard/50dc9e2fa2fc8e37890a040c_0.jpg","ASG000dfmc","1","4","T10","R2","10 opinions agree upon the species present","Wildebeest","1","2"
"http://www.snapshotserengeti.org/subjects/standard/51a38386e18f49172b16931d_1.jpg","ASG000s1mt","2","5","O04","R1","10 opinions agree upon the species present","Wildebeest","1","3"
"http://www.snapshotserengeti.org/subjects/standard/50dc8fd3a2fc8e3789060282_2.jpg","ASG000cj2f","3","4","C13","R1","10 opinions agree upon the species present","Wildebeest","1","2"
"http://www.snapshotserengeti.org/subjects/standard/5331dacc1bccd304b6059f9d_0.JPG","ASG0013cj0","1","7","F10","R1","10 opinions agree upon the species present","Wildebeest","1","3"
"http://www.snapshotserengeti.org/subjects/standard/50c214018a607540b9034dae_1.jpg","ASG0004n1q","2","2","E12","R2","10 opinions agree upon the species present","Wildebeest","1","4"
"http://www.snapshotserengeti.org/subjects/standard/50c216938a607540b905377d_0.jpg","ASG0007bst","1","2","K06","R2","10 opinions agree upon the species present","Wildebeest","1","2"
"http://zooniverse-static.s3.amazonaws.com/www.snapshotserengeti.org/subjects/standard/54cfd6d687ee0404d5079f43_0.JPG","ASG001eh5w","1","8","M03","R2","10 opinions agree upon the species present","Wildebeest","1","1"
"http://www.snapshotserengeti.org/subjects/standard/5331dfcb1bccd304b607b8bb_0.JPG","ASG0017blh","1","7","E13","R1","10 opinions agree upon the species present","Wildebeest","1","3"
"http://www.snapshotserengeti.org/subjects/standard/50dc7852a2fc8e3789022cc8_1.jpg","ASG000bm4e","2","4","Q05","R2","10 opinions agree upon the species present","Wildebeest","1","4"
"http://www.snapshotserengeti.org/subjects/standard/51a39701e18f49172b18e4bf_2.jpg","ASG000skr8","3","5","P05","R1","10 opinions agree upon the species present","Wildebeest","1","2"
"http://www.snapshotserengeti.org/subjects/standard/51a313d0e18f49172b094932_2.jpg","ASG000oxym","3","5","F02","R1","Most common opinion from 25 opinions","Wildebeest","1","1"
"http://www.snapshotserengeti.org/subjects/standard/50dc9ec6a2fc8e37890a2c30_0.jpg","ASG000dgy1","1","4","O10","R2","10 opinions agree upon the species present","Wildebeest","1","3"
"http://www.snapshotserengeti.org/subjects/standard/50c216bc8a607540b90551cd_2.jpg","ASG0007gzx","3","2","L03","R3","10 opinions agree upon the species present","Wildebeest","1","3"
"http://www.snapshotserengeti.org/subjects/standard/51a37883e18f49172b15449c_0.jpg","ASG000rrd0","1","5","N02","R1","10 opinions agree upon the species present","Wildebeest","1","4"
"http://zooniverse-static.s3.amazonaws.com/www.snapshotserengeti.org/subjects/standard/54cfd3da87ee0404d5062379_0.JPG","ASG001ap8y","1","8","K04","R2","10 opinions agree upon the species present","Wildebeest","1","3"
"http://www.snapshotserengeti.org/subjects/standard/51a393d4e18f49172b1883bf_2.jpg","ASG000sh79","3","5","P03","R3","10 opinions agree upon the species present","Wildebeest","1","5"
"http://www.snapshotserengeti.org/subjects/standard/50dc8b0da2fc8e378904a5ea_1.jpg","ASG000c5qc","2","4","B03","R1","10 opinions agree upon the species present","Wildebeest","1","2"
"http://www.snapshotserengeti.org/subjects/standard/51a31f01e18f49172b0aa04c_2.jpg","ASG000p9v9","3","5","G04","R1","10 opinions agree upon the species present","Wildebeest","1","1"
"http://www.snapshotserengeti.org/subjects/standard/51e90f95e0053a09c30cace3_0.jpg","ASG0010w9y","1","6","O10","R2","10 opinions agree upon the species present","Wildebeest","1","4"
"http://www.snapshotserengeti.org/subjects/standard/50c213c98a607540b90321cd_2.jpg","ASG0004edp","3","2","E04","R2","10 opinions agree upon the species present","Wildebeest","1","1"
"http://www.snapshotserengeti.org/subjects/standard/50dcd9a7a2fc8e37891167a4_0.jpg","ASG000f48y","1","4","R09","R2","10 opinions agree upon the species present","Wildebeest","1","1"
"http://www.snapshotserengeti.org/subjects/standard/50c2172e8a607540b9059ff9_1.jpg","ASG0007wft","2","3","U10","R11","10 opinions agree upon the species present","Wildebeest","1","1"
"http://www.snapshotserengeti.org/subjects/standard/50dcd3c7a2fc8e37890f5893_1.jpg","ASG000emzy","2","4","T11","R2","10 opinions agree upon the species present","Wildebeest","1","3"
"http://www.snapshotserengeti.org/subjects/standard/50c216bc8a607540b9055202_1.jpg","ASG0007h1e","2","2","L03","R3","10 opinions agree upon the species present","Wildebeest","1","1"
"http://www.snapshotserengeti.org/subjects/standard/50c217dd8a607540b90632ba_1.jpg","ASG0008pfe","2","3","P06","R11","10 opinions agree upon the species present","Wildebeest","1","3"
"http://www.snapshotserengeti.org/subjects/standard/50c2184e8a607540b9068a92_0.jpg","ASG00096s2","1","3","E09","R11","10 opinions agree upon the species present","Wildebeest","1","2"
"http://www.snapshotserengeti.org/subjects/standard/50dcb5e5a2fc8e37890e3591_0.jpg","ASG000edl1","1","4","D09","R2","10 opinions agree upon the species present","Wildebeest","1","5"
"http://zooniverse-static.s3.amazonaws.com/www.snapshotserengeti.org/subjects/standard/54cfd8e287ee0404d508a5e1_0.JPG","ASG001d7mi","1","8","N08","R1","10 opinions agree upon the species present","Wildebeest","1","5"
"http://www.snapshotserengeti.org/subjects/standard/50dca262a2fc8e37890b29f5_0.jpg","ASG000doxj","1","4","B08","R2","10 opinions agree upon the species present","Wildebeest","1","2"
"http://www.snapshotserengeti.org/subjects/standard/51e931f0e0053a09c3107bee_1.jpg","ASG0011r7e","2","6","U10","R2","10 opinions agree upon the species present","Wildebeest","1","1"
"http://www.snapshotserengeti.org/subjects/standard/51a2f2eee18f49172b055b42_2.jpg","ASG000o0tp","3","5","D06","R1","10 opinions agree upon the species present","Wildebeest","1","2"
"http://www.snapshotserengeti.org/subjects/standard/50dcb39fa2fc8e37890d5b85_0.jpg","ASG000e6qg","1","4","C08","R2","10 opinions agree upon the species present","Wildebeest","1","2"
"http://www.snapshotserengeti.org/subjects/standard/51a3af32e18f49172b1bc362_2.jpg","ASG000t7p3","3","5","R06","R3","10 opinions agree upon the species present","Wildebeest","1","4"
"http://www.snapshotserengeti.org/subjects/standard/50c2145b8a607540b9039719_0.jpg","ASG00051jt","1","2","G01","R2","10 opinions agree upon the species present","Wildebeest","1","5"
"http://www.snapshotserengeti.org/subjects/standard/50dc9e23a2fc8e378909fc34_2.jpg","ASG000dfc2","3","4","T10","R2","10 opinions agree upon the species present","Wildebeest","1","1"
"http://www.snapshotserengeti.org/subjects/standard/50dc7784a2fc8e378901b684_1.jpg","ASG000bi86","2","4","D11","R1","10 opinions agree upon the species present","Wildebeest","1","3"
"http://www.snapshotserengeti.org/subjects/standard/50dcac4ba2fc8e37890c1366_0.jpg","ASG000dw89","1","4","H02","R1","10 opinions agree upon the species present","Wildebeest","1","2"
"http://www.snapshotserengeti.org/subjects/standard/50c219a08a607540b907821e_2.jpg","ASG000ajoe","3","3","L09","R12","10 opinions agree upon the species present","Wildebeest","1","5"
"http://zooniverse-static.s3.amazonaws.com/www.snapshotserengeti.org/subjects/standard/54cfdc0187ee0404d50a2575_0.JPG","ASG0019cp3","1","8","R05","R2","10 opinions agree upon the species present","Wildebeest","1","2"
"http://www.snapshotserengeti.org/subjects/standard/51a35d9ce18f49172b121455_1.jpg","ASG000r166","2","5","L05","R1","10 opinions agree upon the species present","Wildebeest","1","1"
"http://www.snapshotserengeti.org/subjects/standard/51a349d1e18f49172b0fb866_2.jpg","ASG000qgrj","3","5","J02","R1","10 opinions agree upon the species present","Wildebeest","1","2"
"http://www.snapshotserengeti.org/subjects/standard/50c219af8a607540b9078d18_0.jpg","ASG000alug","1","3","M08","R12","10 opinions agree upon the species present","Wildebeest","1","1"
"http://www.snapshotserengeti.org/subjects/standard/50c218ac8a607540b906cec3_1.jpg","ASG0009k8z","2","3","G05","R12","10 opinions agree upon the species present","Wildebeest","1","5"
"http://www.snapshotserengeti.org/subjects/standard/5331cfb71bccd304b60120f3_0.JPG","ASG0016iwf","1","7","D11","R1","Most common opinion from 25 opinions","Wildebeest","1","1"
"http://zooniverse-static.s3.amazonaws.com/www.snapshotserengeti.org/subjects/standard/54cfd23387ee0404d5055191_0.JPG","ASG001965q","1","8","I05","R2","10 opinions agree upon the species present","Wildebeest","1","5"
"http://www.snapshotserengeti.org/subjects/standard/5331dea61bccd304b6073ca9_0.JPG","ASG00128x6","1","7","H01","R1","10 opinions agree upon the species present","Wildebeest","1","2"
"http://zooniverse-static.s3.amazonaws.com/www.snapshotserengeti.org/subjects/standard/54cfc8dc87ee0404d500bdf9_0.JPG","ASG001cbo0","1","8","C06","R1","10 opinions agree upon the species present","Wildebeest","1","2"
"http://www.snapshotserengeti.org/subjects/standard/51a3c3cce18f49172b1e3973_2.jpg","ASG000tral","3","5","U09","R4","10 opinions agree upon the species present","Wildebeest","1","1"
"http://www.snapshotserengeti.org/subjects/standard/5331ce921bccd304b600acad_1.JPG","ASG0016udz","2","7","C02","R3","10 opinions agree upon the species present","Wildebeest","1","1"
"http://www.snapshotserengeti.org/subjects/standard/51a2ddade18f49172b02d1d7_2.jpg","ASG000nfaw","3","5","C06","R1","10 opinions agree upon the species present","Wildebeest","1","1"
"http://www.snapshotserengeti.org/subjects/standard/50c217fa8a607540b9064b3b_2.jpg","ASG0008u9n","3","3","B07","R11","10 opinions agree upon the species present","Wildebeest","1","1"
"http://www.snapshotserengeti.org/subjects/standard/50c219478a607540b9073ff7_2.jpg","ASG000a6lz","3","3","J07","R12","10 opinions agree upon the species present","Wildebeest","1","1"
"http://www.snapshotserengeti.org/subjects/standard/50c2184e8a607540b9068a27_2.jpg","ASG00096p3","3","3","E09","R11","10 opinions agree upon the species present","Wildebeest","1","3"
"http://www.snapshotserengeti.org/subjects/standard/51e931e5e0053a09c3107ac0_0.jpg","ASG0011r65","1","6","U10","R2","10 opinions agree upon the species present","Wildebeest","1","2"
"http://www.snapshotserengeti.org/subjects/standard/51a3c5c0e18f49172b1e74c8_2.jpg","ASG000tt76","3","5","U10","R4","10 opinions agree upon the species present","Wildebeest","1","5"
"http://www.snapshotserengeti.org/subjects/standard/50c216078a607540b904d50c_1.jpg","ASG0006scs","2","2","S12","R2","10 opinions agree upon the species present","Wildebeest","1","5"
"http://www.snapshotserengeti.org/subjects/standard/51a2f85ee18f49172b060175_2.jpg","ASG000o6dm","3","5","D09","R4","10 opinions agree upon the species present","Wildebeest","1","2"
"http://www.snapshotserengeti.org/subjects/standard/51a2e951e18f49172b043563_1.jpg","ASG000nqzo","2","5","D02","R1","10 opinions agree upon the species present","Wildebeest","1","1"
"http://www.snapshotserengeti.org/subjects/standard/50dcd8e5a2fc8e3789111814_2.jpg","ASG000f1l2","3","4","P07","R2","10 opinions agree upon the species present","Wildebeest","1","4"
"http://www.snapshotserengeti.org/subjects/standard/51a3c5d0e18f49172b1e76af_0.jpg","ASG000tt97","1","5","U10","R4","10 opinions agree upon the species present","Wildebeest","1","2"
"http://www.snapshotserengeti.org/subjects/standard/50c2170b8a607540b90587a6_1.jpg","ASG0007rmu","2","2","M07","R2","Most common opinion from 25 opinions","Wildebeest","1","1"
"http://www.snapshotserengeti.org/subjects/standard/5331db3f1bccd304b605d0fd_1.JPG","ASG00138m9","2","7","J06","R1","10 opinions agree upon the species present","Wildebeest","1","1"
"http://www.snapshotserengeti.org/subjects/standard/50dc9f15a2fc8e37890a3adc_2.jpg","ASG000dh8p","3","4","P10","R1","10 opinions agree upon the species present","Wildebeest","1","1"
"http://www.snapshotserengeti.org/subjects/standard/50dc97ada2fc8e3789088823_0.jpg","ASG000d3f8","1","4","K03","R2","10 opinions agree upon the species present","Wildebeest","1","1"
"http://www.snapshotserengeti.org/subjects/standard/51a2ddd4e18f49172b02d685_1.jpg","ASG000nfhc","2","5","C06","R1","10 opinions agree upon the species present","Wildebeest","1","1"
"http://www.snapshotserengeti.org/subjects/standard/51a39335e18f49172b18709f_1.jpg","ASG000sgjf","2","5","P03","R3","10 opinions agree upon the species present","Wildebeest","1","5"
"http://zooniverse-static.s3.amazonaws.com/www.snapshotserengeti.org/subjects/standard/54cfc7af87ee0404d500275f_0.JPG","ASG001duiv","1","8","B07","R1","10 opinions agree upon the species present","Wildebeest","1","3"
"http://www.snapshotserengeti.org/subjects/standard/51a2c6c9e18f49172b001a82_2.jpg","ASG000n021","3","5","B04","R3","10 opinions agree upon the species present","Wildebeest","1","5"
"http://zooniverse-static.s3.amazonaws.com/www.snapshotserengeti.org/subjects/standard/54cfcf3987ee0404d503d5d7_0.JPG","ASG001c2mi","1","8","G04","R1","10 opinions agree upon the species present","Wildebeest","1","3"
"http://www.snapshotserengeti.org/subjects/standard/51a2f2f1e18f49172b055b9d_1.jpg","ASG000o0u2","2","5","D06","R1","10 opinions agree upon the species present","Wildebeest","1","1"
