"url","Subject ID","Frame","Season","Site","Roll","Decision Type","Crowd Determination","Total Species Present","Total Animals Present"
"http://www.snapshotserengeti.org/subjects/standard/51a343b7e18f49172b0efe30_1.jpg","ASG000qayj","2","5","I11","R1","10 opinions agree upon the species present","zebra","1","8"
"http://www.snapshotserengeti.org/subjects/standard/50c219cb8a607540b907a375_2.jpg","ASG000aq9h","3","3","O10","R12","10 opinions agree upon the species present","zebra","1","1"
"http://www.snapshotserengeti.org/subjects/standard/51a33687e18f49172b0d6a98_0.jpg","ASG000pxor","1","5","H09","R1","10 opinions agree upon the species present","zebra","1","3"
"http://www.snapshotserengeti.org/subjects/standard/51e8a4afe0053a09c3005690_0.jpg","ASG000y20l","1","6","B06","R2","10 opinions agree upon the species present","zebra","1","1"
"http://www.snapshotserengeti.org/subjects/standard/51a2e7b7e18f49172b040431_1.jpg","ASG000npga","2","5","C13","R3","10 opinions agree upon the species present","zebra","1","1"
"http://www.snapshotserengeti.org/subjects/standard/50c218d08a607540b906e99e_0.jpg","ASG0009pjy","1","3","H04","R11","10 opinions agree upon the species present","zebra","1","1"
"http://www.snapshotserengeti.org/subjects/standard/51e920dbe0053a09c30e81f9_0.jpg","ASG0011amp","1","6","R05","R2","10 opinions agree upon the species present","zebra","1","1"
"http://zooniverse-static.s3.amazonaws.com/www.snapshotserengeti.org/subjects/standard/56a6924741479b004205afcb_0.JPG","ASG001gx1b","1","9","C04","1","","zebra","1","3"
"http://www.snapshotserengeti.org/subjects/standard/50c213698a607540b902d691_1.jpg","ASG0003zip","2","2","D02","R1","10 opinions agree upon the species present","zebra","1","2"
"http://www.snapshotserengeti.org/subjects/standard/51e8b1b1e0053a09c301d6db_1.jpg","ASG000yeeb","2","6","C13","R1","10 opinions agree upon the species present","zebra","1","1"
"http://www.snapshotserengeti.org/subjects/standard/50c2172f8a607540b905a12d_0.jpg","ASG0007wod","1","3","U10","R11","10 opinions agree upon the species present","zebra","1","3"
"http://www.snapshotserengeti.org/subjects/standard/51a31c34e18f49172b0a4a81_1.jpg","ASG000p6os","2","5","G01","R1","10 opinions agree upon the species present","zebra","1","4"
"http://www.snapshotserengeti.org/subjects/standard/51e8c028e0053a09c3038133_1.jpg","ASG000yrnp","2","6","E04","R1","10 opinions agree upon the species present","zebra","1","1"
"http://www.snapshotserengeti.org/subjects/standard/51a2e9b4e18f49172b044123_0.jpg","ASG000nrcb","1","5","D02","R1","10 opinions agree upon the species present","zebra","1","1"
"http://zooniverse-static.s3.amazonaws.com/www.snapshotserengeti.org/subjects/standard/54cfd11b87ee0404d504c4dd_0.JPG","ASG00193z5","1","8","H06","R3","10 opinions agree upon the species present","zebra","1","1"
"http://www.snapshotserengeti.org/subjects/standard/5331d74e1bccd304b60429a7_2.JPG","ASG0014de8","3","7","H13","R3","10 opinions agree upon the species present","zebra","1","4"
"http://www.snapshotserengeti.org/subjects/standard/51e93245e0053a09c31085ee_0.jpg","ASG0011rjg","1","6","U10","R2","10 opinions agree upon the species present","zebra","1","3"
"http://www.snapshotserengeti.org/subjects/standard/50c211ae8a607540b90158cc_1.jpg","ASG0001w3w","2","1","N04","R1","10 opinions agree upon the species present","zebra","1","1"
"http://www.snapshotserengeti.org/subjects/standard/50c214a38a607540b903d3ab_2.jpg","ASG0005dij","3","2","G11","R1","10 opinions agree upon the species present","zebra","1","1"
"http://www.snapshotserengeti.org/subjects/standard/51a3a41ae18f49172b1a754b_1.jpg","ASG000sxlu","2","5","Q11","R3","10 opinions agree upon the species present","zebra","1","7"
"http://zooniverse-static.s3.amazonaws.com/www.snapshotserengeti.org/subjects/standard/54cfc93387ee0404d500e7ab_0.JPG","ASG001c8d4","1","8","C08","R1","10 opinions agree upon the species present","zebra","1","3"
"http://www.snapshotserengeti.org/subjects/standard/51a2d520e18f49172b01cd82_0.jpg","ASG000mvmc","1","5","B13","R3","10 opinions agree upon the species present","zebra","1","2"
"http://www.snapshotserengeti.org/subjects/standard/5331d7a51bccd304b6044e0d_0.JPG","ASG00149wl","1","7","J04","R1","10 opinions agree upon the species present","zebra","1","4"
"http://www.snapshotserengeti.org/subjects/standard/50c214e18a607540b90404c8_2.jpg","ASG0005n7s","3","2","H08","R3","10 opinions agree upon the species present","zebra","1","7"
"http://www.snapshotserengeti.org/subjects/standard/50c212ef8a607540b90274f0_0.jpg","ASG0003g8g","1","2","B05","R3","10 opinions agree upon the species present","zebra","1","1"
"http://zooniverse-static.s3.amazonaws.com/www.snapshotserengeti.org/subjects/standard/54cfcf1387ee0404d503c2eb_0.JPG","ASG00191hf","1","8","G02","R1","10 opinions agree upon the species present","zebra","1","4"
"http://zooniverse-static.s3.amazonaws.com/www.snapshotserengeti.org/subjects/standard/56a69c0341479b004206572d_0.JPG","ASG001lm3t","1","9","B08","2","","zebra","1","1"
"http://www.snapshotserengeti.org/subjects/standard/50dcb529a2fc8e37890e03c2_0.jpg","ASG000ec37","1","4","R13","R2","10 opinions agree upon the species present","zebra","1","2"
"http://zooniverse-static.s3.amazonaws.com/www.snapshotserengeti.org/subjects/standard/54cfd8f087ee0404d508ac09_0.JPG","ASG001d736","1","8","N09","R2","10 opinions agree upon the species present","zebra","1","2"
"http://www.snapshotserengeti.org/subjects/standard/5331d9981bccd304b6051fc5_1.JPG","ASG0013p7k","2","7","D02","R2","10 opinions agree upon the species present","zebra","1","1"
"http://www.snapshotserengeti.org/subjects/standard/50c2140b8a607540b9035657_0.jpg","ASG0004orb","1","2","F01","R3","10 opinions agree upon the species present","zebra","1","1"
"http://www.snapshotserengeti.org/subjects/standard/50c219838a607540b9076c08_0.jpg","ASG000afbc","1","3","K12","R12","10 opinions agree upon the species present","zebra","1","1"
"http://www.snapshotserengeti.org/subjects/standard/51a2de16e18f49172b02de91_1.jpg","ASG000nfrm","2","5","C06","R3","10 opinions agree upon the species present","zebra","1","11"
"http://www.snapshotserengeti.org/subjects/standard/50dc7644a2fc8e3789013725_0.jpg","ASG000be63","1","4","H04","R2","10 opinions agree upon the species present","zebra","1","2"
"http://www.snapshotserengeti.org/subjects/standard/50c2191f8a607540b9072201_0.jpg","ASG000a0ox","1","3","I09","R12","10 opinions agree upon the species present","zebra","1","1"
"http://zooniverse-static.s3.amazonaws.com/www.snapshotserengeti.org/subjects/standard/54cfdc7b87ee0404d50a61ad_0.JPG","ASG0019y1a","1","8","R09","R2","10 opinions agree upon the species present","zebra","1","1"
"http://www.snapshotserengeti.org/subjects/standard/51e924d1e0053a09c30ef6c0_0.jpg","ASG0011e98","1","6","S09","R1","10 opinions agree upon the species present","zebra","1","1"
"http://www.snapshotserengeti.org/subjects/standard/50c2172f8a607540b905a11d_2.jpg","ASG0007wnx","3","3","U10","R11","10 opinions agree upon the species present","zebra","1","2"
"http://www.snapshotserengeti.org/subjects/standard/50c213c78a607540b9031fbb_1.jpg","ASG0004dyz","2","2","E04","R2","10 opinions agree upon the species present","zebra","1","2"
"http://www.snapshotserengeti.org/subjects/standard/51a2d614e18f49172b01eabb_2.jpg","ASG000mwhw","3","5","B13","R3","10 opinions agree upon the species present","zebra","1","2"
"http://www.snapshotserengeti.org/subjects/standard/50c2138b8a607540b902f149_2.jpg","ASG00044sp","3","2","D05","R1","10 opinions agree upon the species present","zebra","1","1"
"http://www.snapshotserengeti.org/subjects/standard/5331d0cb1bccd304b6018f4d_1.JPG","ASG00167vn","2","7","E04","R3","10 opinions agree upon the species present","zebra","1","3"
"http://www.snapshotserengeti.org/subjects/standard/50c217958a607540b905f412_0.jpg","ASG0008d1u","1","3","J06","R11","10 opinions agree upon the species present","zebra","1","1"
"http://www.snapshotserengeti.org/subjects/standard/50c2116f8a607540b901240f_0.jpg","ASG0001lov","1","1","L03","R1","10 opinions agree upon the species present","zebra","1","1"
"http://zooniverse-static.s3.amazonaws.com/www.snapshotserengeti.org/subjects/standard/54cfdad087ee0404d5098f39_0.JPG","ASG001cn9j","1","8","P10","R1","10 opinions agree upon the species present","zebra","1","4"
"http://www.snapshotserengeti.org/subjects/standard/50c218808a607540b906ad9c_1.jpg","ASG0009dp8","2","3","Q05","R1","10 opinions agree upon the species present","zebra","1","2"
"http://www.snapshotserengeti.org/subjects/standard/5331d9261bccd304b604efc5_0.JPG","ASG0013tw3","1","7","C10","R1","10 opinions agree upon the species present","zebra","1","1"
"http://zooniverse-static.s3.amazonaws.com/www.snapshotserengeti.org/subjects/standard/54cfc9d887ee0404d5013947_0.JPG","ASG001erue","1","8","D04","R3","10 opinions agree upon the species present","zebra","1","2"
"http://www.snapshotserengeti.org/subjects/standard/5331d7de1bccd304b6046539_0.JPG","ASG00147g6","1","7","S11","R1","10 opinions agree upon the species present","zebra","1","3"
"http://www.snapshotserengeti.org/subjects/standard/50c215ee8a607540b904c255_0.jpg","ASG0006onp","1","2","S09","R2","10 opinions agree upon the species present","zebra","1","7"
"http://www.snapshotserengeti.org/subjects/standard/51a3c6bee18f49172b1e9360_0.jpg","ASG000tu4e","1","5","U10","R4","10 opinions agree upon the species present","zebra","1","9"
"http://www.snapshotserengeti.org/subjects/standard/50c217e08a607540b9063485_2.jpg","ASG0008ps5","3","3","P10","R11","10 opinions agree upon the species present","zebra","1","1"
"http://www.snapshotserengeti.org/subjects/standard/51a2e7e3e18f49172b040984_2.jpg","ASG000npm3","3","5","C13","R3","10 opinions agree upon the species present","zebra","1","5"
"http://zooniverse-static.s3.amazonaws.com/www.snapshotserengeti.org/subjects/standard/54cfc83f87ee0404d500706f_0.JPG","ASG001e1ay","1","8","C01","R1","10 opinions agree upon the species present","zebra","1","1"
"http://zooniverse-static.s3.amazonaws.com/www.snapshotserengeti.org/subjects/standard/56a6b08941479b004207b3b7_0.JPG","ASG001lzef","1","9","B09","2","10 opinions agree upon the species present","zebra","1","3"
"http://www.snapshotserengeti.org/subjects/standard/51a31dffe18f49172b0a816f_2.jpg","ASG000p8t0","3","5","G02","R3","10 opinions agree upon the species present","zebra","1","1"
"http://www.snapshotserengeti.org/subjects/standard/50c213e88a607540b9033a25_2.jpg","ASG0004j6t","3","2","E08","R1","10 opinions agree upon the species present","zebra","1","2"
"http://www.snapshotserengeti.org/subjects/standard/51a2e7cae18f49172b040678_1.jpg","ASG000npit","2","5","C13","R3","10 opinions agree upon the species present","zebra","1","5"
"http://www.snapshotserengeti.org/subjects/standard/50c213278a607540b9029fe9_1.jpg","ASG0003oq1","2","2","C05","R3","10 opinions agree upon the species present","zebra","1","1"
"http://zooniverse-static.s3.amazonaws.com/www.snapshotserengeti.org/subjects/standard/54cfd17d87ee0404d504f591_0.JPG","ASG00194v6","1","8","H11","R1","10 opinions agree upon the species present","zebra","1","1"
"http://www.snapshotserengeti.org/subjects/standard/50c217458a607540b905b405_0.jpg","ASG00080ed","1","3","F08","R11","10 opinions agree upon the species present","zebra","1","1"
"http://zooniverse-static.s3.amazonaws.com/www.snapshotserengeti.org/subjects/standard/56a6aa1b41479b004207452b_0.JPG","ASG001kyn3","1","9","L08","1","","zebra","1","2"
"http://zooniverse-static.s3.amazonaws.com/www.snapshotserengeti.org/subjects/standard/54cfd60087ee0404d50733ab_0.JPG","ASG001e8d1","1","8","L08","R2","10 opinions agree upon the species present","zebra","1","1"
"http://www.snapshotserengeti.org/subjects/standard/50c213c08a607540b9031983_1.jpg","ASG0004cqr","2","2","E02","R2","10 opinions agree upon the species present","zebra","1","6"
"http://www.snapshotserengeti.org/subjects/standard/50c213b78a607540b9031206_0.jpg","ASG0004b9i","1","2","E01","R4","10 opinions agree upon the species present","zebra","1","4"
"http://www.snapshotserengeti.org/subjects/standard/5331dd721bccd304b606bb7d_0.JPG","ASG0012l6c","1","7","S11","R3","10 opinions agree upon the species present","zebra","1","2"
"http://www.snapshotserengeti.org/subjects/standard/51a3a94be18f49172b1b0ee4_2.jpg","ASG000t2a6","3","5","Q12","R4","10 opinions agree upon the species present","zebra","1","6"
"http://www.snapshotserengeti.org/subjects/standard/5331de741bccd304b60727b7_1.JPG","ASG0012ayc","2","7","G07","R3","10 opinions agree upon the species present","zebra","1","1"
"http://www.snapshotserengeti.org/subjects/standard/50dc940aa2fc8e3789072494_1.jpg","ASG000crti","2","4","O06","R2","10 opinions agree upon the species present","zebra","1","2"
"http://www.snapshotserengeti.org/subjects/standard/51a2d404e18f49172b01ac05_1.jpg","ASG000mul7","2","5","B13","R1","10 opinions agree upon the species present","zebra","1","3"
"http://www.snapshotserengeti.org/subjects/standard/51a360d5e18f49172b1271c5_1.jpg","ASG000r49y","2","5","L05","R3","10 opinions agree upon the species present","zebra","1","1"
"http://www.snapshotserengeti.org/subjects/standard/5331cd961bccd304b600461b_1.JPG","ASG00174gg","2","7","B08","R1","10 opinions agree upon the species present","zebra","1","1"
"http://www.snapshotserengeti.org/subjects/standard/50c2160f8a607540b904daae_2.jpg","ASG0006tgu","3","2","S13","R2","10 opinions agree upon the species present","zebra","1","1"
"http://www.snapshotserengeti.org/subjects/standard/51a2e724e18f49172b03f2d7_2.jpg","ASG000now3","3","5","C13","R1","10 opinions agree upon the species present","zebra","1","2"
"http://www.snapshotserengeti.org/subjects/standard/51a338f4e18f49172b0db50d_1.jpg","ASG000q007","2","5","H11","R3","10 opinions agree upon the species present","zebra","1","1"
"http://www.snapshotserengeti.org/subjects/standard/50c21a228a607540b907e422_0.jpg","ASG000b31e","1","3","U10","R12","10 opinions agree upon the species present","zebra","1","1"
"http://www.snapshotserengeti.org/subjects/standard/51e8c728e0053a09c3044fd0_0.jpg","ASG000yy2o","1","6","F04","R1","10 opinions agree upon the species present","zebra","1","1"
"http://www.snapshotserengeti.org/subjects/standard/5331d5b61bccd304b60381ab_2.JPG","ASG0014u2n","3","7","S09","R3","10 opinions agree upon the species present","zebra","1","4"
"http://www.snapshotserengeti.org/subjects/standard/51a2e7e0e18f49172b040928_0.jpg","ASG000nplp","1","5","C13","R3","10 opinions agree upon the species present","zebra","1","2"
"http://www.snapshotserengeti.org/subjects/standard/51a303ade18f49172b075b5e_0.jpg","ASG000oi27","1","5","E04","R1","10 opinions agree upon the species present","zebra","1","5"
"http://www.snapshotserengeti.org/subjects/standard/51e8a60be0053a09c3007efa_1.jpg","ASG000y3ab","2","6","B07","R2","10 opinions agree upon the species present","zebra","1","11"
"http://www.snapshotserengeti.org/subjects/standard/50c216438a607540b904ff83_0.jpg","ASG00070qr","1","2","T09","R3","10 opinions agree upon the species present","zebra","1","10"
"http://www.snapshotserengeti.org/subjects/standard/50c217df8a607540b906333b_1.jpg","ASG0008piz","2","3","P08","R11","10 opinions agree upon the species present","zebra","1","5"
"http://www.snapshotserengeti.org/subjects/standard/5331d6531bccd304b603c1a9_0.JPG","ASG0014nqh","1","7","H06","R3","10 opinions agree upon the species present","zebra","1","7"
"http://www.snapshotserengeti.org/subjects/standard/50c2138d8a607540b902f387_1.jpg","ASG000458n","2","2","D05","R1","10 opinions agree upon the species present","zebra","1","2"
"http://www.snapshotserengeti.org/subjects/standard/5331d30f1bccd304b6026ee1_1.JPG","ASG0015l8a","2","7","M08","R3","10 opinions agree upon the species present","zebra","1","2"
"http://www.snapshotserengeti.org/subjects/standard/50dcd39ba2fc8e37890f3f5a_0.jpg","ASG000em0m","1","4","C06","R1","10 opinions agree upon the species present","zebra","1","1"
"http://www.snapshotserengeti.org/subjects/standard/51a31607e18f49172b098d80_2.jpg","ASG000p07m","3","5","F03","R1","10 opinions agree upon the species present","zebra","1","2"
"http://www.snapshotserengeti.org/subjects/standard/51a3c6abe18f49172b1e9128_0.jpg","ASG000tu20","1","5","U10","R4","10 opinions agree upon the species present","zebra","1","1"
"http://www.snapshotserengeti.org/subjects/standard/51a3393ce18f49172b0dbda4_2.jpg","ASG000q0ao","3","5","I01","R1","10 opinions agree upon the species present","zebra","1","1"
"http://www.snapshotserengeti.org/subjects/standard/50c218aa8a607540b906cd5f_1.jpg","ASG0009jz3","2","3","G04","R12","10 opinions agree upon the species present","zebra","1","2"
"http://zooniverse-static.s3.amazonaws.com/www.snapshotserengeti.org/subjects/standard/54cfc83787ee0404d5006ca3_0.JPG","ASG001e18r","1","8","C01","R1","10 opinions agree upon the species present","zebra","1","4"
"http://zooniverse-static.s3.amazonaws.com/www.snapshotserengeti.org/subjects/standard/54cfcf1187ee0404d503c1fd_0.JPG","ASG001c47b","1","8","G02","R1","10 opinions agree upon the species present","zebra","1","3"
"http://www.snapshotserengeti.org/subjects/standard/5331e1e41bccd304b6088917_2.JPG","ASG0017w5n","3","7","I06","R3","10 opinions agree upon the species present","zebra","1","4"
"http://www.snapshotserengeti.org/subjects/standard/50c2139f8a607540b902fe8f_1.jpg","ASG00047f3","2","2","D09","R2","10 opinions agree upon the species present","zebra","1","6"
"http://zooniverse-static.s3.amazonaws.com/www.snapshotserengeti.org/subjects/standard/54cfc86e87ee0404d500876b_0.JPG","ASG001ekel","1","8","C01","R3","10 opinions agree upon the species present","zebra","1","1"
"http://zooniverse-static.s3.amazonaws.com/www.snapshotserengeti.org/subjects/standard/54cfcb4287ee0404d501e681_0.JPG","ASG00190z5","1","8","E03","R1","10 opinions agree upon the species present","zebra","1","1"
"http://www.snapshotserengeti.org/subjects/standard/51a3042be18f49172b076a80_1.jpg","ASG000oijf","2","5","E04","R1","10 opinions agree upon the species present","zebra","1","1"
"http://zooniverse-static.s3.amazonaws.com/www.snapshotserengeti.org/subjects/standard/56a6dfba41479b00420aca9d_0.JPG","ASG001o5is","1","9","G01","1","","zebra","1","1"
"http://www.snapshotserengeti.org/subjects/standard/51a3c599e18f49172b1e702a_0.jpg","ASG000tt2c","1","5","U10","R4","10 opinions agree upon the species present","zebra","1","1"
