"url","Subject ID","Frame","Season","Site","Roll","Decision Type","Crowd Determination","Total Species Present","Total Animals Present"
"http://www.snapshotserengeti.org/subjects/standard/5331cd2f1bccd304b6001bdb_0.JPG","ASG00178eg","1","7","B05","R3","10 opinions agree upon the species present","Zebras","1","1"
"http://www.snapshotserengeti.org/subjects/standard/50c21a188a607540b907dcb9_0.jpg","ASG000b1kp","1","3","S11","R12","10 opinions agree upon the species present","Zebras","1","2"
"http://www.snapshotserengeti.org/subjects/standard/50c2142f8a607540b9037296_1.jpg","ASG0004uc6","2","2","F06","R3","10 opinions agree upon the species present","Zebras","1","1"
"http://www.snapshotserengeti.org/subjects/standard/50c2145c8a607540b90397da_2.jpg","ASG00051p6","3","2","G02","R1","10 opinions agree upon the species present","Zebras","1","1"
"http://www.snapshotserengeti.org/subjects/standard/50dcb3fda2fc8e37890d8745_1.jpg","ASG000e80s","2","4","B05","R2","10 opinions agree upon the species present","Zebras","1","2"
"http://www.snapshotserengeti.org/subjects/standard/50c214d58a607540b903fc6f_0.jpg","ASG0005lkf","1","2","H05","R1","10 opinions agree upon the species present","Zebras","1","1"
"http://zooniverse-static.s3.amazonaws.com/www.snapshotserengeti.org/subjects/standard/54cfc87187ee0404d500888f_0.JPG","ASG0018oeh","1","8","C02","R1","10 opinions agree upon the species present","Zebras","1","2"
"http://www.snapshotserengeti.org/subjects/standard/51a35146e18f49172b109c8b_0.jpg","ASG000qotn","1","5","J08","R3","10 opinions agree upon the species present","Zebras","1","2"
"http://www.snapshotserengeti.org/subjects/standard/50c21a188a607540b907dc96_2.jpg","ASG000b1jq","3","3","S11","R12","10 opinions agree upon the species present","Zebras","1","2"
"http://www.snapshotserengeti.org/subjects/standard/50dc7843a2fc8e378902217d_1.jpg","ASG000blpy","2","4","Q05","R1","10 opinions agree upon the species present","Zebras","1","2"
"http://www.snapshotserengeti.org/subjects/standard/50c2132a8a607540b902a292_0.jpg","ASG0003p8y","1","2","C05","R3","10 opinions agree upon the species present","Zebras","1","1"
"http://www.snapshotserengeti.org/subjects/standard/50c214d18a607540b903f8c5_2.jpg","ASG0005kud","3","2","H04","R2","10 opinions agree upon the species present","Zebras","1","2"
"http://www.snapshotserengeti.org/subjects/standard/51a2f930e18f49172b061a73_0.jpg","ASG000o75h","1","5","D10","R1","10 opinions agree upon the species present","Zebras","1","1"
"http://www.snapshotserengeti.org/subjects/standard/5331d88b1bccd304b604ae2d_1.JPG","ASG00140ej","2","7","C05","R3","10 opinions agree upon the species present","Zebras","1","2"
"http://www.snapshotserengeti.org/subjects/standard/51a3c417e18f49172b1e4279_1.jpg","ASG000trkx","2","5","U09","R4","10 opinions agree upon the species present","Zebras","1","2"
"http://www.snapshotserengeti.org/subjects/standard/51e92ae4e0053a09c30faac9_0.jpg","ASG0011k6q","1","6","T08","R1","10 opinions agree upon the species present","Zebras","1","2"
"http://www.snapshotserengeti.org/subjects/standard/50c213678a607540b902d5dc_0.jpg","ASG0003zdo","1","2","D02","R3","10 opinions agree upon the species present","Zebras","1","4"
"http://www.snapshotserengeti.org/subjects/standard/51e8c027e0053a09c3038110_2.jpg","ASG000yrnk","3","6","E04","R1","10 opinions agree upon the species present","Zebras","1","2"
"http://zooniverse-static.s3.amazonaws.com/www.snapshotserengeti.org/subjects/standard/54cfdb9a87ee0404d509f25d_0.JPG","ASG0018y9o","1","8","Q07","R2","10 opinions agree upon the species present","Zebras","1","1"
"http://www.snapshotserengeti.org/subjects/standard/50c213168a607540b90291b4_0.jpg","ASG0003lx0","1","2","C03","R3","10 opinions agree upon the species present","Zebras","1","1"
"http://zooniverse-static.s3.amazonaws.com/www.snapshotserengeti.org/subjects/standard/54cfd44287ee0404d50656e1_0.JPG","ASG001au0k","1","8","K08","R1","10 opinions agree upon the species present","Zebras","1","2"
"http://www.snapshotserengeti.org/subjects/standard/51a35686e18f49172b113c70_0.jpg","ASG000qu9p","1","5","K07","R3","10 opinions agree upon the species present","Zebras","1","2"
"http://zooniverse-static.s3.amazonaws.com/www.snapshotserengeti.org/subjects/standard/54cfdc4a87ee0404d50a497b_0.JPG","ASG0019wh4","1","8","R08","R2","10 opinions agree upon the species present","Zebras","1","1"
"http://www.snapshotserengeti.org/subjects/standard/51a31404e18f49172b094f79_0.jpg","ASG000oy5y","1","5","F02","R1","10 opinions agree upon the species present","Zebras","1","2"
"http://www.snapshotserengeti.org/subjects/standard/50dc8584a2fc8e378903df35_0.jpg","ASG000bzrc","1","4","S12","R2","10 opinions agree upon the species present","Zebras","1","4"
"http://www.snapshotserengeti.org/subjects/standard/50c215468a607540b9044c75_2.jpg","ASG00061dh","3","2","J03","R1","10 opinions agree upon the species present","Zebras","1","2"
"http://www.snapshotserengeti.org/subjects/standard/51a37804e18f49172b153547_0.jpg","ASG000rquy","1","5","M13","R3","10 opinions agree upon the species present","Zebras","1","5"
"http://www.snapshotserengeti.org/subjects/standard/50c212ea8a607540b9026f80_0.jpg","ASG0003f5s","1","2","B04","R3","10 opinions agree upon the species present","Zebras","1","3"
"http://www.snapshotserengeti.org/subjects/standard/50c2114f8a607540b9010867_2.jpg","ASG0001g87","3","1","K08","R1","10 opinions agree upon the species present","Zebras","1","1"
"http://www.snapshotserengeti.org/subjects/standard/51a3c427e18f49172b1e442e_1.jpg","ASG000trn8","2","5","U09","R4","10 opinions agree upon the species present","Zebras","1","1"
"http://www.snapshotserengeti.org/subjects/standard/51a2da8fe18f49172b0272c5_1.jpg","ASG000ncau","2","5","C04","R1","10 opinions agree upon the species present","Zebras","1","5"
"http://www.snapshotserengeti.org/subjects/standard/50c2164d8a607540b9050714_1.jpg","ASG000728k","2","2","U09","R1","10 opinions agree upon the species present","Zebras","1","1"
"http://www.snapshotserengeti.org/subjects/standard/50c2174a8a607540b905b873_1.jpg","ASG000819v","2","3","G04","R11","10 opinions agree upon the species present","Zebras","1","1"
"http://www.snapshotserengeti.org/subjects/standard/51a3c58fe18f49172b1e6f02_2.jpg","ASG000tt12","3","5","U10","R4","10 opinions agree upon the species present","Zebras","1","4"
"http://www.snapshotserengeti.org/subjects/standard/5331dc6b1bccd304b6064dbf_0.JPG","ASG0012w5z","1","7","N09","R3","10 opinions agree upon the species present","Zebras","1","1"
"http://www.snapshotserengeti.org/subjects/standard/50c216c88a607540b905594c_2.jpg","ASG0007ih8","3","2","L05","R3","10 opinions agree upon the species present","Zebras","1","1"
"http://www.snapshotserengeti.org/subjects/standard/50c217738a607540b905d86c_2.jpg","ASG00087l8","3","3","I04","R11","10 opinions agree upon the species present","Zebras","1","3"
"http://www.snapshotserengeti.org/subjects/standard/51e930f2e0053a09c3105e5f_0.jpg","ASG0011q5t","1","6","U09","R1","10 opinions agree upon the species present","Zebras","1","1"
"http://www.snapshotserengeti.org/subjects/standard/51e930f1e0053a09c3105e5c_0.jpg","ASG0011q5s","1","6","U09","R1","10 opinions agree upon the species present","Zebras","1","1"
"http://zooniverse-static.s3.amazonaws.com/www.snapshotserengeti.org/subjects/standard/54cfc9ee87ee0404d5014495_0.JPG","ASG001esug","1","8","D06","R3","10 opinions agree upon the species present","Zebras","1","2"
"http://zooniverse-static.s3.amazonaws.com/www.snapshotserengeti.org/subjects/standard/56a6413b41479b0042006489_0.JPG","ASG001ksyl","1","9","C01","3","10 opinions agree upon the species present","Zebras","1","3"
"http://www.snapshotserengeti.org/subjects/standard/5331d41f1bccd304b602da4b_0.JPG","ASG0015akv","1","7","Q11","R1","10 opinions agree upon the species present","Zebras","1","2"
"http://www.snapshotserengeti.org/subjects/standard/51a2d52fe18f49172b01cf43_2.jpg","ASG000mvo7","3","5","B13","R3","10 opinions agree upon the species present","Zebras","1","3"
"http://www.snapshotserengeti.org/subjects/standard/51a3b210e18f49172b1c1b4a_0.jpg","ASG000tag9","1","5","S07","R3","10 opinions agree upon the species present","Zebras","1","4"
"http://zooniverse-static.s3.amazonaws.com/www.snapshotserengeti.org/subjects/standard/56a6a17941479b004206b47d_0.JPG","ASG001lcxu","1","9","K06","3","","Zebras","1","4"
"http://www.snapshotserengeti.org/subjects/standard/50dc8d70a2fc8e3789055fe7_2.jpg","ASG000cbx9","3","4","F05","R2","10 opinions agree upon the species present","Zebras","1","3"
"http://zooniverse-static.s3.amazonaws.com/www.snapshotserengeti.org/subjects/standard/54cfd97487ee0404d508e9cf_0.JPG","ASG001d1vk","1","8","O06","R3","10 opinions agree upon the species present","Zebras","1","1"
"http://www.snapshotserengeti.org/subjects/standard/50dcd3b3a2fc8e37890f4f01_2.jpg","ASG000emmu","3","4","T11","R2","10 opinions agree upon the species present","Zebras","1","4"
"http://www.snapshotserengeti.org/subjects/standard/51a31e69e18f49172b0a8dfa_2.jpg","ASG000p97n","3","5","G03","R1","10 opinions agree upon the species present","Zebras","1","3"
"http://www.snapshotserengeti.org/subjects/standard/5331dcee1bccd304b606842f_1.JPG","ASG0012qsl","2","7","O06","R3","10 opinions agree upon the species present","Zebras","1","1"
"http://www.snapshotserengeti.org/subjects/standard/5331e2631bccd304b608bdb3_0.JPG","ASG00181i0","1","7","J02","R3","10 opinions agree upon the species present","Zebras","1","2"
"http://www.snapshotserengeti.org/subjects/standard/51a3aebee18f49172b1bb562_2.jpg","ASG000t775","3","5","R06","R1","10 opinions agree upon the species present","Zebras","1","1"
"http://www.snapshotserengeti.org/subjects/standard/50c213148a607540b9029039_2.jpg","ASG0003lmh","3","2","C03","R3","10 opinions agree upon the species present","Zebras","1","2"
"http://www.snapshotserengeti.org/subjects/standard/51a3c6f9e18f49172b1e9a6f_0.jpg","ASG000tudw","1","5","U12","R1","10 opinions agree upon the species present","Zebras","1","1"
"http://www.snapshotserengeti.org/subjects/standard/50dc7690a2fc8e3789015a66_1.jpg","ASG000bfef","2","4","K07","R1","10 opinions agree upon the species present","Zebras","1","2"
"http://www.snapshotserengeti.org/subjects/standard/50c21a128a607540b907d889_2.jpg","ASG000b0qx","3","3","S09","R12","10 opinions agree upon the species present","Zebras","1","2"
"http://www.snapshotserengeti.org/subjects/standard/5331d7551bccd304b6042cc1_0.JPG","ASG0014d8m","1","7","I01","R3","10 opinions agree upon the species present","Zebras","1","1"
"http://www.snapshotserengeti.org/subjects/standard/51a3095de18f49172b0809ab_2.jpg","ASG000onyh","3","5","E09","R4","10 opinions agree upon the species present","Zebras","1","2"
"http://www.snapshotserengeti.org/subjects/standard/51e8b71fe0053a09c302777c_0.jpg","ASG000yjg4","1","6","D06","R2","10 opinions agree upon the species present","Zebras","1","4"
"http://www.snapshotserengeti.org/subjects/standard/50dc7949a2fc8e37890272aa_2.jpg","ASG000boac","3","4","R06","R2","10 opinions agree upon the species present","Zebras","1","4"
"http://zooniverse-static.s3.amazonaws.com/www.snapshotserengeti.org/subjects/standard/54cfc7aa87ee0404d50024b7_0.JPG","ASG001du05","1","8","B07","R1","10 opinions agree upon the species present","Zebras","1","3"
"http://zooniverse-static.s3.amazonaws.com/www.snapshotserengeti.org/subjects/standard/54cfd8f087ee0404d508ac17_0.JPG","ASG001d707","1","8","N09","R2","10 opinions agree upon the species present","Zebras","1","4"
"http://www.snapshotserengeti.org/subjects/standard/51a35a9ae18f49172b11b8cc_1.jpg","ASG000qy4x","2","5","K12","R3","10 opinions agree upon the species present","Zebras","1","2"
"http://www.snapshotserengeti.org/subjects/standard/50c217df8a607540b90633c1_1.jpg","ASG0008pmp","2","3","P09","R11","10 opinions agree upon the species present","Zebras","1","1"
"http://www.snapshotserengeti.org/subjects/standard/50c213648a607540b902d347_1.jpg","ASG0003yvb","2","2","D02","R4","10 opinions agree upon the species present","Zebras","1","1"
"http://www.snapshotserengeti.org/subjects/standard/50c215f38a607540b904c68a_0.jpg","ASG0006phm","1","2","S10","R2","10 opinions agree upon the species present","Zebras","1","1"
"http://www.snapshotserengeti.org/subjects/standard/50c2164a8a607540b90504fe_0.jpg","ASG00071tq","1","2","T12","R2","10 opinions agree upon the species present","Zebras","1","4"
"http://www.snapshotserengeti.org/subjects/standard/50c2185e8a607540b906965b_0.jpg","ASG000993v","1","3","F07","R12","10 opinions agree upon the species present","Zebras","1","1"
"http://www.snapshotserengeti.org/subjects/standard/50c214128a607540b9035c50_1.jpg","ASG0004pxs","2","2","F03","R1","10 opinions agree upon the species present","Zebras","1","3"
"http://www.snapshotserengeti.org/subjects/standard/5331da7d1bccd304b6057e03_1.JPG","ASG0013fsz","2","7","F06","R3","10 opinions agree upon the species present","Zebras","1","1"
"http://www.snapshotserengeti.org/subjects/standard/5331d9bd1bccd304b6052f19_2.JPG","ASG0013nml","3","7","D03","R2","10 opinions agree upon the species present","Zebras","1","1"
"http://www.snapshotserengeti.org/subjects/standard/51a3c67ce18f49172b1e8b67_0.jpg","ASG000ttvn","1","5","U10","R4","10 opinions agree upon the species present","Zebras","1","1"
"http://www.snapshotserengeti.org/subjects/standard/50c213628a607540b902d16c_0.jpg","ASG0003yi4","1","2","D02","R4","10 opinions agree upon the species present","Zebras","1","1"
"http://www.snapshotserengeti.org/subjects/standard/50dc7693a2fc8e3789015c50_0.jpg","ASG000bfh1","1","4","K07","R1","10 opinions agree upon the species present","Zebras","1","1"
"http://www.snapshotserengeti.org/subjects/standard/50c217c98a607540b9062299_0.jpg","ASG0008m8p","1","3","O04","R11","10 opinions agree upon the species present","Zebras","1","1"
"http://www.snapshotserengeti.org/subjects/standard/50c219548a607540b9074a31_2.jpg","ASG000a8mp","3","3","J12","R12","10 opinions agree upon the species present","Zebras","1","3"
"http://zooniverse-static.s3.amazonaws.com/www.snapshotserengeti.org/subjects/standard/54cfc78f87ee0404d500168f_0.JPG","ASG0018qtc","1","8","B06","R1","10 opinions agree upon the species present","Zebras","1","4"
"http://www.snapshotserengeti.org/subjects/standard/51a3444ce18f49172b0f0fcd_0.jpg","ASG000qbju","1","5","I11","R3","10 opinions agree upon the species present","Zebras","1","2"
"http://www.snapshotserengeti.org/subjects/standard/50dcb0a2a2fc8e37890c6827_0.jpg","ASG000dytc","1","4","I02","R1","10 opinions agree upon the species present","Zebras","1","1"
"http://zooniverse-static.s3.amazonaws.com/www.snapshotserengeti.org/subjects/standard/56a68c3a41479b0042054aad_0.JPG","ASG001hcbn","1","9","S13","2","","Zebras","1","1"
"http://www.snapshotserengeti.org/subjects/standard/50c218618a607540b9069884_2.jpg","ASG00099j8","3","3","F08","R12","10 opinions agree upon the species present","Zebras","1","2"
"http://www.snapshotserengeti.org/subjects/standard/51a33ac4e18f49172b0dec84_0.jpg","ASG000q1yw","1","5","I02","R3","10 opinions agree upon the species present","Zebras","1","4"
"http://www.snapshotserengeti.org/subjects/standard/51a33abfe18f49172b0debe8_2.jpg","ASG000q1y8","3","5","I02","R3","10 opinions agree upon the species present","Zebras","1","3"
"http://www.snapshotserengeti.org/subjects/standard/50dcb321a2fc8e37890d1cf3_0.jpg","ASG000e4r8","1","4","N09","R2","10 opinions agree upon the species present","Zebras","1","3"
"http://www.snapshotserengeti.org/subjects/standard/51a2c99be18f49172b006fb4_0.jpg","ASG000n2xl","1","5","B07","R1","10 opinions agree upon the species present","Zebras","1","2"
"http://zooniverse-static.s3.amazonaws.com/www.snapshotserengeti.org/subjects/standard/54cfdaf387ee0404d509a053_0.JPG","ASG001cloc","1","8","P13","R1","10 opinions agree upon the species present","Zebras","1","3"
"http://www.snapshotserengeti.org/subjects/standard/50c2134f8a607540b902c1e9_2.jpg","ASG0003vft","3","2","H07","R3","10 opinions agree upon the species present","Zebras","1","2"
"http://www.snapshotserengeti.org/subjects/standard/51a33238e18f49172b0ceb47_1.jpg","ASG000ptom","2","5","H07","R1","10 opinions agree upon the species present","Zebras","1","2"
"http://www.snapshotserengeti.org/subjects/standard/51a2cf3ee18f49172b011ab1_0.jpg","ASG000n8ev","1","5","B09","R3","10 opinions agree upon the species present","Zebras","1","1"
"http://www.snapshotserengeti.org/subjects/standard/51a2cf3be18f49172b011a4e_1.jpg","ASG000n8eg","2","5","B09","R3","10 opinions agree upon the species present","Zebras","1","2"
"http://www.snapshotserengeti.org/subjects/standard/5331dc691bccd304b6064d33_2.JPG","ASG0012w7u","3","7","N09","R3","10 opinions agree upon the species present","Zebras","1","1"
"http://www.snapshotserengeti.org/subjects/standard/51a32af8e18f49172b0c0da9_0.jpg","ASG000pmhh","1","5","H02","R3","10 opinions agree upon the species present","Zebras","1","1"
"http://www.snapshotserengeti.org/subjects/standard/50c217ba8a607540b906154c_0.jpg","ASG0008jm4","1","3","L11","R11","10 opinions agree upon the species present","Zebras","1","1"
"http://zooniverse-static.s3.amazonaws.com/www.snapshotserengeti.org/subjects/standard/5582df54c4af4e004200802b_0.JPG","ASG001gclk","1","0","T09","R1","10 opinions agree upon the species present","Zebras","1","2"
"http://www.snapshotserengeti.org/subjects/standard/50c212ec8a607540b90271cf_0.jpg","ASG0003fm7","1","2","B05","R1","10 opinions agree upon the species present","Zebras","1","1"
"http://www.snapshotserengeti.org/subjects/standard/50dcd8b3a2fc8e378910f831_1.jpg","ASG000f0j9","2","4","C12","R1","10 opinions agree upon the species present","Zebras","1","3"
"http://www.snapshotserengeti.org/subjects/standard/51a2c8b6e18f49172b0054a9_0.jpg","ASG000n1zc","1","5","B06","R1","10 opinions agree upon the species present","Zebras","1","1"
"http://www.snapshotserengeti.org/subjects/standard/51a33cb5e18f49172b0e280f_2.jpg","ASG000q3tn","3","5","I04","R1","10 opinions agree upon the species present","Zebras","1","4"
"http://www.snapshotserengeti.org/subjects/standard/51e924cce0053a09c30ef624_1.jpg","ASG0011e8k","2","6","S09","R1","10 opinions agree upon the species present","Zebras","1","2"
"http://zooniverse-static.s3.amazonaws.com/www.snapshotserengeti.org/subjects/standard/54cfdd4187ee0404d50ac377_0.JPG","ASG0019f62","1","8","T10","R2","10 opinions agree upon the species present","Zebras","1","1"
