"url","Subject ID","Frame","Season","Site","Roll","Decision Type","Crowd Determination","Number of Species Present","Number of Animals Present"
"http://www.snapshotserengeti.org/subjects/standard/50c214318a607540b9037444_0.jpg","ASG0004uo4",1,2,"F07","R1","10 opinions agree upon the species present","bushbuck","1","1"
"http://www.snapshotserengeti.org/subjects/standard/50c2185d8a607540b9069603_0.jpg","ASG000991f",1,3,"F07","R12","10 opinions agree upon the species present","bushbuck","1","1"
"http://zooniverse-static.s3.amazonaws.com/www.snapshotserengeti.org/subjects/standard/54cfcb1787ee0404d501d33d_0.JPG","ASG0018knq",1,8,"E01","R1","Most common opinion from 25 opinions","bushbuck","1","1"
"http://www.snapshotserengeti.org/subjects/standard/51e8d89ee0053a09c306522c_0.jpg","ASG000zff4",1,6,"H03","R2","10 opinions agree upon the species present","bushbuck","1","1"
"http://www.snapshotserengeti.org/subjects/standard/51e8d89ee0053a09c3065229_0.jpg","ASG000zff3",1,6,"H03","R2","10 opinions agree upon the species present","bushbuck","1","1"
"http://zooniverse-static.s3.amazonaws.com/www.snapshotserengeti.org/subjects/standard/56a68b3a41479b0042053965_0.JPG","ASG001he0w",1,9,"F07","3","","bushbuck","1","1"
"http://www.snapshotserengeti.org/subjects/standard/50c2142d8a607540b9037122_0.jpg","ASG0004u1u",1,2,"F06","R4","10 opinions agree upon the species present","bushbuck","1","1"
"http://zooniverse-static.s3.amazonaws.com/www.snapshotserengeti.org/subjects/standard/56a6460241479b004200b5b3_0.JPG","ASG001h27s",1,9,"H03","1","","bushbuck","1","1"
"http://www.snapshotserengeti.org/subjects/standard/50dc844ca2fc8e378903635a_0.jpg","ASG000bvq7",1,4,"H03","R1","10 opinions agree upon the species present","bushbuck","1","1"
"http://www.snapshotserengeti.org/subjects/standard/50c2140a8a607540b90355d6_0.jpg","ASG0004onq",1,2,"F01","R2","10 opinions agree upon the species present","bushbuck","1","1"
"http://www.snapshotserengeti.org/subjects/standard/50c2140a8a607540b90355c9_0.jpg","ASG0004ond",1,2,"F01","R2","10 opinions agree upon the species present","bushbuck","1","1"
"http://www.snapshotserengeti.org/subjects/standard/50dc8482a2fc8e37890375ee_0.jpg","ASG000bwbl",1,4,"H03","R1","10 opinions agree upon the species present","bushbuck","1","1"
"http://www.snapshotserengeti.org/subjects/standard/50dc8481a2fc8e3789037589_0.jpg","ASG000bwb5",1,4,"H03","R1","10 opinions agree upon the species present","bushbuck","1","1"
"http://www.snapshotserengeti.org/subjects/standard/50dc6f94a2fc8e37890028eb_0.jpg","ASG000b4zs",1,4,"C03","R1","10 opinions agree upon the species present","bushbuck","1","1"
"http://www.snapshotserengeti.org/subjects/standard/51a3060fe18f49172b07a449_0.jpg","ASG000oko8",1,5,"E05","R3","10 opinions agree upon the species present","bushbuck","1","1"
"http://www.snapshotserengeti.org/subjects/standard/51a32c6ce18f49172b0c3a0e_0.jpg","ASG000po10",1,5,"H03","R3","10 opinions agree upon the species present","bushbuck","1","1"
"http://www.snapshotserengeti.org/subjects/standard/51e8cf62e0053a09c30542b5_0.jpg","ASG000z6f9",1,6,"F12","R1","10 opinions agree upon the species present","bushbuck","1","1"
"http://www.snapshotserengeti.org/subjects/standard/51e8cf62e0053a09c30542b5_1.jpg","ASG000z6f9",2,6,"F12","R1","10 opinions agree upon the species present","bushbuck","1","1"
"http://www.snapshotserengeti.org/subjects/standard/51e8cf62e0053a09c30542b5_2.jpg","ASG000z6f9",3,6,"F12","R1","10 opinions agree upon the species present","bushbuck","1","1"
"http://www.snapshotserengeti.org/subjects/standard/51e8cf65e0053a09c30542f9_0.jpg","ASG000z6fp",1,6,"F12","R1","Most common opinion from 25 opinions","bushbuck","1","1"
"http://www.snapshotserengeti.org/subjects/standard/51e8cf65e0053a09c30542f9_1.jpg","ASG000z6fp",2,6,"F12","R1","Most common opinion from 25 opinions","bushbuck","1","1"
"http://www.snapshotserengeti.org/subjects/standard/51e8cf65e0053a09c30542f9_2.jpg","ASG000z6fp",3,6,"F12","R1","Most common opinion from 25 opinions","bushbuck","1","1"
"http://www.snapshotserengeti.org/subjects/standard/5331dee61bccd304b60757e5_0.JPG","ASG00125r5",1,7,"H03","R1","10 opinions agree upon the species present","bushbuck","1","1"
"http://www.snapshotserengeti.org/subjects/standard/50c217438a607540b905b2b9_0.jpg","ASG0008055",1,3,"F07","R11","10 opinions agree upon the species present","bushbuck","1","1"
"http://www.snapshotserengeti.org/subjects/standard/51a35c71e18f49172b11f12d_0.jpg","ASG000qzyv",1,5,"L03","R3","10 opinions agree upon the species present","bushbuck","1","1"
"http://www.snapshotserengeti.org/subjects/standard/50dc7825a2fc8e3789020f95_0.jpg","ASG000bl5o",1,4,"F12","R1","10 opinions agree upon the species present","bushbuck","1","1"
"http://www.snapshotserengeti.org/subjects/standard/50dc7825a2fc8e3789020f95_1.jpg","ASG000bl5o",2,4,"F12","R1","10 opinions agree upon the species present","bushbuck","1","1"
"http://www.snapshotserengeti.org/subjects/standard/50dc7825a2fc8e3789020f95_2.jpg","ASG000bl5o",3,4,"F12","R1","10 opinions agree upon the species present","bushbuck","1","1"
"http://www.snapshotserengeti.org/subjects/standard/50c217bb8a607540b9061708_0.jpg","ASG0008jyg",1,3,"M03","R11","10 opinions agree upon the species present","bushbuck","1","1"
"http://www.snapshotserengeti.org/subjects/standard/5331dd8d1bccd304b606c635_0.JPG","ASG0012k3k",1,7,"T09","R3","Most common opinion from 25 opinions","bushbuck","1","1"
"http://www.snapshotserengeti.org/subjects/standard/50dc77ffa2fc8e378901fe65_0.jpg","ASG000bkjk",1,4,"F12","R1","10 opinions agree upon the species present","bushbuck","1","1"
"http://www.snapshotserengeti.org/subjects/standard/50dc77ffa2fc8e378901fe65_1.jpg","ASG000bkjk",2,4,"F12","R1","10 opinions agree upon the species present","bushbuck","1","1"
"http://www.snapshotserengeti.org/subjects/standard/50dc77ffa2fc8e378901fe65_2.jpg","ASG000bkjk",3,4,"F12","R1","10 opinions agree upon the species present","bushbuck","1","1"
"http://www.snapshotserengeti.org/subjects/standard/51e8bea9e0053a09c30354e2_0.jpg","ASG000yq4a",1,6,"E01","R1","10 opinions agree upon the species present","bushbuck","1","1"
"http://www.snapshotserengeti.org/subjects/standard/51e8bea9e0053a09c30354e5_0.jpg","ASG000yq4b",1,6,"E01","R1","10 opinions agree upon the species present","bushbuck","1","1"
"http://www.snapshotserengeti.org/subjects/standard/51e8beabe0053a09c3035528_0.jpg","ASG000yq4o",1,6,"E01","R1","10 opinions agree upon the species present","bushbuck","1","1"
"http://www.snapshotserengeti.org/subjects/standard/51e8beabe0053a09c3035525_0.jpg","ASG000yq4n",1,6,"E01","R1","10 opinions agree upon the species present","bushbuck","1","1"
"http://www.snapshotserengeti.org/subjects/standard/51e8beaae0053a09c3035514_0.jpg","ASG000yq4k",1,6,"E01","R1","10 opinions agree upon the species present","bushbuck","1","1"
"http://www.snapshotserengeti.org/subjects/standard/51e8beaae0053a09c3035511_0.jpg","ASG000yq4j",1,6,"E01","R1","10 opinions agree upon the species present","bushbuck","1","1"
"http://www.snapshotserengeti.org/subjects/standard/51e8beabe0053a09c303552b_0.jpg","ASG000yq4p",1,6,"E01","R1","10 opinions agree upon the species present","bushbuck","1","1"
"http://www.snapshotserengeti.org/subjects/standard/51e8beabe0053a09c3035531_0.jpg","ASG000yq4r",1,6,"E01","R1","10 opinions agree upon the species present","bushbuck","1","1"
"http://www.snapshotserengeti.org/subjects/standard/51e8bea7e0053a09c30354a4_0.jpg","ASG000yq40",1,6,"E01","R1","10 opinions agree upon the species present","bushbuck","1","1"
"http://www.snapshotserengeti.org/subjects/standard/5331def71bccd304b6075f03_0.JPG","ASG001252z",1,7,"H03","R3","10 opinions agree upon the species present","bushbuck","1","1"
"http://www.snapshotserengeti.org/subjects/standard/5331def71bccd304b6075f03_1.JPG","ASG001252z",2,7,"H03","R3","10 opinions agree upon the species present","bushbuck","1","1"
"http://www.snapshotserengeti.org/subjects/standard/5331def71bccd304b6075f03_2.JPG","ASG001252z",3,7,"H03","R3","10 opinions agree upon the species present","bushbuck","1","1"
"http://www.snapshotserengeti.org/subjects/standard/50c214308a607540b90373c3_0.jpg","ASG0004ukj",1,2,"F07","R2","10 opinions agree upon the species present","bushbuck","1","1"
"http://www.snapshotserengeti.org/subjects/standard/51a36795e18f49172b134014_0.jpg","ASG000rb4r",1,5,"M03","R3","Most common opinion from 25 opinions","bushbuck","1","1"
"http://www.snapshotserengeti.org/subjects/standard/50dc780aa2fc8e3789020418_0.jpg","ASG000bkrq",1,4,"F12","R1","10 opinions agree upon the species present","bushbuck","1","1"
"http://www.snapshotserengeti.org/subjects/standard/50dc780aa2fc8e3789020418_1.jpg","ASG000bkrq",2,4,"F12","R1","10 opinions agree upon the species present","bushbuck","1","1"
"http://www.snapshotserengeti.org/subjects/standard/50dc780aa2fc8e3789020418_2.jpg","ASG000bkrq",3,4,"F12","R1","10 opinions agree upon the species present","bushbuck","1","1"
"http://zooniverse-static.s3.amazonaws.com/www.snapshotserengeti.org/subjects/standard/56a6cf6341479b004209b81b_0.JPG","ASG001nedi",1,9,"I12","3","","bushbuck","1","1"
"http://www.snapshotserengeti.org/subjects/standard/5331dee51bccd304b60757a1_0.JPG","ASG00125s4",1,7,"H03","R1","10 opinions agree upon the species present","bushbuck","1","1"
"http://www.snapshotserengeti.org/subjects/standard/50dcd90aa2fc8e3789112d69_0.jpg","ASG000f29d",1,4,"M03","R2","10 opinions agree upon the species present","bushbuck","1","1"
"http://www.snapshotserengeti.org/subjects/standard/5331dee71bccd304b6075891_0.JPG","ASG00125nv",1,7,"H03","R1","10 opinions agree upon the species present","bushbuck","1","1"
"http://www.snapshotserengeti.org/subjects/standard/5331dee71bccd304b607588f_0.JPG","ASG00125nu",1,7,"H03","R1","10 opinions agree upon the species present","bushbuck","1","1"
"http://www.snapshotserengeti.org/subjects/standard/5331dee71bccd304b6075897_0.JPG","ASG00125no",1,7,"H03","R1","10 opinions agree upon the species present","bushbuck","1","1"
"http://www.snapshotserengeti.org/subjects/standard/50dce01ca2fc8e378912e153_0.jpg","ASG000fg2l",1,4,"F04","R2","Most common opinion from 25 opinions","bushbuck","1","1"
"http://www.snapshotserengeti.org/subjects/standard/50dc84f3a2fc8e378903ad34_0.jpg","ASG000by92",1,4,"E02","R1","10 opinions agree upon the species present","bushbuck","1","1"
"http://www.snapshotserengeti.org/subjects/standard/50dc84f3a2fc8e378903ad34_1.jpg","ASG000by92",2,4,"E02","R1","10 opinions agree upon the species present","bushbuck","1","1"
"http://www.snapshotserengeti.org/subjects/standard/50dc84f3a2fc8e378903ad34_2.jpg","ASG000by92",3,4,"E02","R1","10 opinions agree upon the species present","bushbuck","1","1"
"http://zooniverse-static.s3.amazonaws.com/www.snapshotserengeti.org/subjects/standard/56a6983b41479b00420615df_0.JPG","ASG001gn65",1,9,"E01","1","","bushbuck","1","1"
"http://www.snapshotserengeti.org/subjects/standard/50c2183e8a607540b9067ebb_0.jpg","ASG00094fv",1,3,"E02","R11","Most common opinion from 25 opinions","bushbuck","1","1"
"http://zooniverse-static.s3.amazonaws.com/www.snapshotserengeti.org/subjects/standard/54cfce4a87ee0404d5035fb7_0.JPG","ASG0019gxn",1,8,"F07","R2","10 opinions agree upon the species present","bushbuck","1","1"
"http://www.snapshotserengeti.org/subjects/standard/50dc8471a2fc8e3789037021_0.jpg","ASG000bw5i",1,4,"H03","R1","Most common opinion from 25 opinions","bushbuck","1","1"
"http://www.snapshotserengeti.org/subjects/standard/50dc8470a2fc8e3789037000_0.jpg","ASG000bw5f",1,4,"H03","R1","10 opinions agree upon the species present","bushbuck","1","1"
"http://www.snapshotserengeti.org/subjects/standard/50c217488a607540b905b6fb_0.jpg","ASG00080zf",1,3,"F12","R11","10 opinions agree upon the species present","bushbuck","1","1"
"http://zooniverse-static.s3.amazonaws.com/www.snapshotserengeti.org/subjects/standard/54cfce1587ee0404d503466d_0.JPG","ASG0019h33",1,8,"F04","R2","10 opinions agree upon the species present","bushbuck","1","1"
"http://www.snapshotserengeti.org/subjects/standard/51e924e7e0053a09c30ef93a_0.jpg","ASG0011ebz",1,6,"S09","R2","10 opinions agree upon the species present","bushbuck","1","1"
"http://www.snapshotserengeti.org/subjects/standard/5331da841bccd304b6058117_0.JPG","ASG0013fii",1,7,"F07","R3","10 opinions agree upon the species present","bushbuck","1","1"
"http://www.snapshotserengeti.org/subjects/standard/51e8b1b5e0053a09c301d749_0.jpg","ASG000yeet",1,6,"C13","R1","Most common opinion from 25 opinions","bushbuck","1","1"
"http://www.snapshotserengeti.org/subjects/standard/50dcd903a2fc8e37891129ad_0.jpg","ASG000f25e",1,4,"M03","R2","10 opinions agree upon the species present","bushbuck","1","1"
"http://www.snapshotserengeti.org/subjects/standard/50c216108a607540b904db6c_0.jpg","ASG0006tm4",1,2,"S13","R2","10 opinions agree upon the species present","bushbuck","1","1"
"http://www.snapshotserengeti.org/subjects/standard/50c216108a607540b904db6c_1.jpg","ASG0006tm4",2,2,"S13","R2","10 opinions agree upon the species present","bushbuck","1","1"
"http://www.snapshotserengeti.org/subjects/standard/50c216108a607540b904db6c_2.jpg","ASG0006tm4",3,2,"S13","R2","10 opinions agree upon the species present","bushbuck","1","1"
"http://www.snapshotserengeti.org/subjects/standard/51a32bd3e18f49172b0c27d1_0.jpg","ASG000pndv",1,5,"H03","R2","10 opinions agree upon the species present","bushbuck","1","1"
"http://www.snapshotserengeti.org/subjects/standard/51a32bdfe18f49172b0c2912_0.jpg","ASG000pnfg",1,5,"H03","R2","10 opinions agree upon the species present","bushbuck","1","1"
"http://www.snapshotserengeti.org/subjects/standard/51a32be1e18f49172b0c295e_0.jpg","ASG000pnfy",1,5,"H03","R2","10 opinions agree upon the species present","bushbuck","1","1"
"http://www.snapshotserengeti.org/subjects/standard/51a32be0e18f49172b0c2942_0.jpg","ASG000pnfs",1,5,"H03","R2","10 opinions agree upon the species present","bushbuck","1","1"
"http://www.snapshotserengeti.org/subjects/standard/51a32be0e18f49172b0c293c_0.jpg","ASG000pnfq",1,5,"H03","R2","10 opinions agree upon the species present","bushbuck","1","1"
"http://www.snapshotserengeti.org/subjects/standard/50dc8442a2fc8e3789035ebe_0.jpg","ASG000bvjp",1,4,"H03","R1","10 opinions agree upon the species present","bushbuck","1","1"
"http://www.snapshotserengeti.org/subjects/standard/50dc8442a2fc8e3789035ebe_1.jpg","ASG000bvjp",2,4,"H03","R1","10 opinions agree upon the species present","bushbuck","1","1"
"http://www.snapshotserengeti.org/subjects/standard/50dc8442a2fc8e3789035ebe_2.jpg","ASG000bvjp",3,4,"H03","R1","10 opinions agree upon the species present","bushbuck","1","1"
"http://www.snapshotserengeti.org/subjects/standard/5331dee41bccd304b6075747_0.JPG","ASG00125un",1,7,"H03","R1","10 opinions agree upon the species present","bushbuck","1","1"
"http://www.snapshotserengeti.org/subjects/standard/50c2176f8a607540b905d501_0.jpg","ASG00086wx",1,3,"H13","R11","Most common opinion from 25 opinions","bushbuck","1","1"
"http://www.snapshotserengeti.org/subjects/standard/51a31655e18f49172b09968e_0.jpg","ASG000p0ja",1,5,"F04","R1","Most common opinion from 25 opinions","bushbuck","1","1"
"http://www.snapshotserengeti.org/subjects/standard/5331dee51bccd304b6075787_0.JPG","ASG00126d8",1,7,"H03","R1","10 opinions agree upon the species present","bushbuck","1","1"
"http://www.snapshotserengeti.org/subjects/standard/50c217bc8a607540b906178f_0.jpg","ASG0008k27",1,3,"M03","R11","10 opinions agree upon the species present","bushbuck","1","1"
"http://www.snapshotserengeti.org/subjects/standard/51e8edf9e0053a09c308c925_0.jpg","ASG000zzh8",1,6,"K03","R2","10 opinions agree upon the species present","bushbuck","1","1"
"http://www.snapshotserengeti.org/subjects/standard/50c219ee8a607540b907bdf4_0.jpg","ASG000avhw",1,3,"Q09","R12","10 opinions agree upon the species present","bushbuck","1","1"
"http://www.snapshotserengeti.org/subjects/standard/50c2144c8a607540b9038a5f_0.jpg","ASG0004z1b",1,2,"F12","R2","10 opinions agree upon the species present","bushbuck","1","1"
"http://www.snapshotserengeti.org/subjects/standard/50c2144c8a607540b9038a63_0.jpg","ASG0004z1f",1,2,"F12","R2","10 opinions agree upon the species present","bushbuck","1","1"
"http://www.snapshotserengeti.org/subjects/standard/50c210398a607540b9002013_0.jpg","ASG00006c3",1,1,"H03","R1","10 opinions agree upon the species present","bushbuck","1","1"
"http://www.snapshotserengeti.org/subjects/standard/50c210398a607540b9002013_1.jpg","ASG00006c3",2,1,"H03","R1","10 opinions agree upon the species present","bushbuck","1","1"
"http://www.snapshotserengeti.org/subjects/standard/50c210398a607540b9002013_2.jpg","ASG00006c3",3,1,"H03","R1","10 opinions agree upon the species present","bushbuck","1","1"
"http://www.snapshotserengeti.org/subjects/standard/50c210cb8a607540b9009997_0.jpg","ASG0000uc7",1,1,"F12","R1","10 opinions agree upon the species present","bushbuck","1","1"
"http://www.snapshotserengeti.org/subjects/standard/50c210cb8a607540b9009997_1.jpg","ASG0000uc7",2,1,"F12","R1","10 opinions agree upon the species present","bushbuck","1","1"
"http://www.snapshotserengeti.org/subjects/standard/50c210cb8a607540b9009997_2.jpg","ASG0000uc7",3,1,"F12","R1","10 opinions agree upon the species present","bushbuck","1","1"
"http://www.snapshotserengeti.org/subjects/standard/51a2ec23e18f49172b048b5b_0.jpg","ASG000ntt4",1,5,"D04","R2","10 opinions agree upon the species present","bushbuck","1","1"
"http://www.snapshotserengeti.org/subjects/standard/51a3250ae18f49172b0b57f5_0.jpg","ASG000pfo0",1,5,"G12","R3","Most common opinion from 25 opinions","bushbuck","1","1"
"http://www.snapshotserengeti.org/subjects/standard/51a3250ae18f49172b0b57f8_0.jpg","ASG000pfo1",1,5,"G12","R3","10 opinions agree upon the species present","bushbuck","1","1"
"http://www.snapshotserengeti.org/subjects/standard/50c217448a607540b905b3f3_0.jpg","ASG00080dv",1,3,"F07","R11","10 opinions agree upon the species present","bushbuck","1","1"
"http://www.snapshotserengeti.org/subjects/standard/50dc6f94a2fc8e3789002a08_0.jpg","ASG000b51j",1,4,"C03","R1","10 opinions agree upon the species present","bushbuck","1","1"
"http://www.snapshotserengeti.org/subjects/standard/50dc8452a2fc8e37890365d7_0.jpg","ASG000bvtm",1,4,"H03","R1","10 opinions agree upon the species present","bushbuck","1","1"
"http://www.snapshotserengeti.org/subjects/standard/50dc8452a2fc8e37890365d7_1.jpg","ASG000bvtm",2,4,"H03","R1","10 opinions agree upon the species present","bushbuck","1","1"
"http://www.snapshotserengeti.org/subjects/standard/50dc8452a2fc8e37890365d7_2.jpg","ASG000bvtm",3,4,"H03","R1","10 opinions agree upon the species present","bushbuck","1","1"
"http://www.snapshotserengeti.org/subjects/standard/50c217bb8a607540b9061685_0.jpg","ASG0008jut",1,3,"M03","R11","10 opinions agree upon the species present","bushbuck","1","1"
"http://www.snapshotserengeti.org/subjects/standard/50dc849ba2fc8e3789037ce3_0.jpg","ASG000bwg5",1,4,"H03","R2","10 opinions agree upon the species present","bushbuck","1","1"
"http://www.snapshotserengeti.org/subjects/standard/50dc84b6a2fc8e3789038fb8_0.jpg","ASG000bx3q",1,4,"F01","R1","10 opinions agree upon the species present","bushbuck","1","1"
"http://www.snapshotserengeti.org/subjects/standard/5331dfd81bccd304b607be9b_0.JPG","ASG0017c24",1,7,"F01","R2","10 opinions agree upon the species present","bushbuck","1","1"
"http://www.snapshotserengeti.org/subjects/standard/50dc845fa2fc8e3789036bbe_0.jpg","ASG000bw1q",1,4,"H03","R1","10 opinions agree upon the species present","bushbuck","1","1"
"http://www.snapshotserengeti.org/subjects/standard/50dc845fa2fc8e3789036bbe_1.jpg","ASG000bw1q",2,4,"H03","R1","10 opinions agree upon the species present","bushbuck","1","1"
"http://www.snapshotserengeti.org/subjects/standard/50dc845fa2fc8e3789036bbe_2.jpg","ASG000bw1q",3,4,"H03","R1","10 opinions agree upon the species present","bushbuck","1","1"
"http://www.snapshotserengeti.org/subjects/standard/50dc8c04a2fc8e378904fdea_0.jpg","ASG000c8hp",1,4,"U10","R3","10 opinions agree upon the species present","bushbuck","1","1"
"http://www.snapshotserengeti.org/subjects/standard/50c212638a607540b901f4fb_0.jpg","ASG0002qyj",1,1,"C04","R4","10 opinions agree upon the species present","bushbuck","1","1"
"http://www.snapshotserengeti.org/subjects/standard/50c212638a607540b901f4fb_1.jpg","ASG0002qyj",2,1,"C04","R4","10 opinions agree upon the species present","bushbuck","1","1"
"http://www.snapshotserengeti.org/subjects/standard/50c212638a607540b901f4fb_2.jpg","ASG0002qyj",3,1,"C04","R4","10 opinions agree upon the species present","bushbuck","1","1"
"http://www.snapshotserengeti.org/subjects/standard/5331dee41bccd304b6075717_0.JPG","ASG00125ud",1,7,"H03","R1","10 opinions agree upon the species present","bushbuck","1","2"
"http://www.snapshotserengeti.org/subjects/standard/51a2ec36e18f49172b048da4_0.jpg","ASG000ntxh",1,5,"D04","R3","10 opinions agree upon the species present","bushbuck","1","1"
"http://www.snapshotserengeti.org/subjects/standard/51e8d89ae0053a09c30651b2_0.jpg","ASG000zfee",1,6,"H03","R2","10 opinions agree upon the species present","bushbuck","1","1"
"http://www.snapshotserengeti.org/subjects/standard/51e8d899e0053a09c3065188_0.jpg","ASG000zfe4",1,6,"H03","R2","10 opinions agree upon the species present","bushbuck","1","1"
"http://www.snapshotserengeti.org/subjects/standard/50c217488a607540b905b71c_0.jpg","ASG000810c",1,3,"F12","R11","10 opinions agree upon the species present","bushbuck","1","1"
"http://www.snapshotserengeti.org/subjects/standard/50c217488a607540b905b72d_0.jpg","ASG000810t",1,3,"F12","R11","10 opinions agree upon the species present","bushbuck","1","1"
"http://www.snapshotserengeti.org/subjects/standard/50dc844ba2fc8e37890362eb_0.jpg","ASG000bvpl",1,4,"H03","R1","10 opinions agree upon the species present","bushbuck","1","1"
"http://www.snapshotserengeti.org/subjects/standard/50dc8483a2fc8e378903766c_0.jpg","ASG000bwc2",1,4,"H03","R1","10 opinions agree upon the species present","bushbuck","1","1"
"http://www.snapshotserengeti.org/subjects/standard/50dc8484a2fc8e3789037696_0.jpg","ASG000bwc7",1,4,"H03","R1","10 opinions agree upon the species present","bushbuck","1","1"
"http://www.snapshotserengeti.org/subjects/standard/50dc8486a2fc8e3789037731_0.jpg","ASG000bwct",1,4,"H03","R1","10 opinions agree upon the species present","bushbuck","1","1"
"http://www.snapshotserengeti.org/subjects/standard/50dc8486a2fc8e3789037731_1.jpg","ASG000bwct",2,4,"H03","R1","10 opinions agree upon the species present","bushbuck","1","1"
"http://www.snapshotserengeti.org/subjects/standard/50dc8486a2fc8e3789037731_2.jpg","ASG000bwct",3,4,"H03","R1","10 opinions agree upon the species present","bushbuck","1","1"
"http://zooniverse-static.s3.amazonaws.com/www.snapshotserengeti.org/subjects/standard/54cfd09087ee0404d5047f61_0.JPG","ASG001939o",1,8,"H03","R2","Most common opinion from 25 opinions","bushbuck","1","1"
"http://zooniverse-static.s3.amazonaws.com/www.snapshotserengeti.org/subjects/standard/54cfd09087ee0404d5047f63_0.JPG","ASG0019397",1,8,"H03","R2","10 opinions agree upon the species present","bushbuck","1","1"
"http://www.snapshotserengeti.org/subjects/standard/51a3060de18f49172b07a418_0.jpg","ASG000oknv",1,5,"E05","R3","10 opinions agree upon the species present","bushbuck","1","1"
"http://zooniverse-static.s3.amazonaws.com/www.snapshotserengeti.org/subjects/standard/56a692e541479b004205bc47_0.JPG","ASG001gvsv",1,9,"G07","2","","bushbuck","1","1"
"http://www.snapshotserengeti.org/subjects/standard/51a30633e18f49172b07a8b2_0.jpg","ASG000okuf",1,5,"E05","R3","10 opinions agree upon the species present","bushbuck","1","1"
"http://www.snapshotserengeti.org/subjects/standard/51a30633e18f49172b07a8ac_0.jpg","ASG000okud",1,5,"E05","R3","10 opinions agree upon the species present","bushbuck","1","1"
"http://www.snapshotserengeti.org/subjects/standard/51a30633e18f49172b07a8af_0.jpg","ASG000okue",1,5,"E05","R3","10 opinions agree upon the species present","bushbuck","1","1"
"http://zooniverse-static.s3.amazonaws.com/www.snapshotserengeti.org/subjects/standard/56a6956041479b004205e547_0.JPG","ASG001grqs",1,9,"H03","3","","bushbuck","1","1"
"http://zooniverse-static.s3.amazonaws.com/www.snapshotserengeti.org/subjects/standard/54cfcb1887ee0404d501d3d9_0.JPG","ASG0018kmi",1,8,"E01","R2","Most common opinion from 25 opinions","bushbuck","1","1"
"http://zooniverse-static.s3.amazonaws.com/www.snapshotserengeti.org/subjects/standard/54cfce4d87ee0404d5036199_0.JPG","ASG0019gx9",1,8,"F07","R3","Most common opinion from 25 opinions","bushbuck","1","1"
"http://www.snapshotserengeti.org/subjects/standard/50c2140b8a607540b90356ee_0.jpg","ASG0004ovi",1,2,"F01","R3","10 opinions agree upon the species present","bushbuck","1","1"
"http://www.snapshotserengeti.org/subjects/standard/50c2140a8a607540b903556e_0.jpg","ASG0004oku",1,2,"F01","R2","10 opinions agree upon the species present","bushbuck","1","4"
"http://www.snapshotserengeti.org/subjects/standard/5331d9c61bccd304b6053307_0.JPG","ASG0013n5x",1,7,"D03","R3","10 opinions agree upon the species present","bushbuck","1","1"
"http://www.snapshotserengeti.org/subjects/standard/51a35c71e18f49172b11f133_0.jpg","ASG000qzyx",1,5,"L03","R3","10 opinions agree upon the species present","bushbuck","1","1"
"http://zooniverse-static.s3.amazonaws.com/www.snapshotserengeti.org/subjects/standard/56a6986141479b00420618af_0.JPG","ASG001gmub",1,9,"I12","3","","bushbuck","1","1"
"http://www.snapshotserengeti.org/subjects/standard/50dc847da2fc8e378903742d_0.jpg","ASG000bw9n",1,4,"H03","R1","10 opinions agree upon the species present","bushbuck","1","1"
"http://www.snapshotserengeti.org/subjects/standard/50dc847da2fc8e378903742d_1.jpg","ASG000bw9n",2,4,"H03","R1","10 opinions agree upon the species present","bushbuck","1","1"
"http://www.snapshotserengeti.org/subjects/standard/50dc847da2fc8e378903742d_2.jpg","ASG000bw9n",3,4,"H03","R1","10 opinions agree upon the species present","bushbuck","1","1"
"http://www.snapshotserengeti.org/subjects/standard/50dc847ca2fc8e37890373fb_0.jpg","ASG000bw9g",1,4,"H03","R1","10 opinions agree upon the species present","bushbuck","1","1"
"http://www.snapshotserengeti.org/subjects/standard/50dc847da2fc8e3789037457_0.jpg","ASG000bw9u",1,4,"H03","R1","10 opinions agree upon the species present","bushbuck","1","1"
"http://www.snapshotserengeti.org/subjects/standard/50dc847da2fc8e3789037457_1.jpg","ASG000bw9u",2,4,"H03","R1","10 opinions agree upon the species present","bushbuck","1","1"
"http://www.snapshotserengeti.org/subjects/standard/50dc847da2fc8e3789037457_2.jpg","ASG000bw9u",3,4,"H03","R1","10 opinions agree upon the species present","bushbuck","1","1"
"http://www.snapshotserengeti.org/subjects/standard/50c2175c8a607540b905c72c_0.jpg","ASG000846k",1,3,"G12","R11","10 opinions agree upon the species present","bushbuck","1","1"
"http://www.snapshotserengeti.org/subjects/standard/50c2185e8a607540b90696f7_0.jpg","ASG0009987",1,3,"F07","R12","10 opinions agree upon the species present","bushbuck","1","1"
"http://www.snapshotserengeti.org/subjects/standard/50c214498a607540b9038825_0.jpg","ASG0004ylh",1,2,"F12","R1","10 opinions agree upon the species present","bushbuck","1","1"
"http://www.snapshotserengeti.org/subjects/standard/5331dfcf1bccd304b607bac1_0.JPG","ASG0017bpd",1,7,"E13","R2","Most common opinion from 25 opinions","bushbuck","1","1"
"http://www.snapshotserengeti.org/subjects/standard/5331dee61bccd304b6075831_0.JPG","ASG00125rk",1,7,"H03","R1","Most common opinion from 25 opinions","bushbuck","1","1"
"http://www.snapshotserengeti.org/subjects/standard/5331dee51bccd304b60757b3_0.JPG","ASG00125rg",1,7,"H03","R1","10 opinions agree upon the species present","bushbuck","1","1"
"http://www.snapshotserengeti.org/subjects/standard/5331dee51bccd304b60757d5_0.JPG","ASG00125ra",1,7,"H03","R1","10 opinions agree upon the species present","bushbuck","1","1"
"http://www.snapshotserengeti.org/subjects/standard/50c217448a607540b905b39b_0.jpg","ASG00080bf",1,3,"F07","R11","10 opinions agree upon the species present","bushbuck","1","1"
"http://www.snapshotserengeti.org/subjects/standard/5331d9be1bccd304b6052fe1_0.JPG","ASG0013ngn",1,7,"D03","R2","10 opinions agree upon the species present","bushbuck","1","1"
"http://www.snapshotserengeti.org/subjects/standard/5331d9bf1bccd304b605305b_0.JPG","ASG0013nge",1,7,"D03","R2","10 opinions agree upon the species present","bushbuck","1","1"
"http://www.snapshotserengeti.org/subjects/standard/5331dee41bccd304b6075745_0.JPG","ASG00125v9",1,7,"H03","R1","10 opinions agree upon the species present","bushbuck","1","1"
"http://www.snapshotserengeti.org/subjects/standard/50dc8458a2fc8e3789036881_0.jpg","ASG000bvx9",1,4,"H03","R1","10 opinions agree upon the species present","bushbuck","1","1"
"http://www.snapshotserengeti.org/subjects/standard/50dc8458a2fc8e3789036881_1.jpg","ASG000bvx9",2,4,"H03","R1","10 opinions agree upon the species present","bushbuck","1","1"
"http://www.snapshotserengeti.org/subjects/standard/50dc8458a2fc8e3789036881_2.jpg","ASG000bvx9",3,4,"H03","R1","10 opinions agree upon the species present","bushbuck","1","1"
"http://www.snapshotserengeti.org/subjects/standard/50dc8459a2fc8e37890368bb_0.jpg","ASG000bvxk",1,4,"H03","R1","Most common opinion from 25 opinions","bushbuck","1","1"
"http://www.snapshotserengeti.org/subjects/standard/51a30185e18f49172b07199e_0.jpg","ASG000ofms",1,5,"E01","R3","10 opinions agree upon the species present","bushbuck","1","1"
"http://www.snapshotserengeti.org/subjects/standard/5331dee61bccd304b607583d_0.JPG","ASG00126ac",1,7,"H03","R1","10 opinions agree upon the species present","bushbuck","1","1"
"http://www.snapshotserengeti.org/subjects/standard/5331da811bccd304b6057fcf_0.JPG","ASG0013flf",1,7,"F07","R1","Most common opinion from 25 opinions","bushbuck","1","1"
"http://www.snapshotserengeti.org/subjects/standard/50c213b58a607540b9030f95_0.jpg","ASG0004as5",1,2,"E01","R3","10 opinions agree upon the species present","bushbuck","1","1"
"http://www.snapshotserengeti.org/subjects/standard/50dcd902a2fc8e37891128d3_0.jpg","ASG000f24f",1,4,"M03","R2","Most common opinion from 25 opinions","bushbuck","1","1"
"http://zooniverse-static.s3.amazonaws.com/www.snapshotserengeti.org/subjects/standard/56a6a79441479b0042071b1d_0.JPG","ASG001l2sk",1,9,"C13","1","","bushbuck","1","1"
"http://www.snapshotserengeti.org/subjects/standard/51a31dc5e18f49172b0a7a62_0.jpg","ASG000p8ii",1,5,"G02","R2","10 opinions agree upon the species present","bushbuck","1","1"
"http://www.snapshotserengeti.org/subjects/standard/51a32c29e18f49172b0c3202_0.jpg","ASG000pnr6",1,5,"H03","R3","10 opinions agree upon the species present","bushbuck","1","1"
"http://www.snapshotserengeti.org/subjects/standard/51a32c29e18f49172b0c31ff_0.jpg","ASG000pnr5",1,5,"H03","R3","10 opinions agree upon the species present","bushbuck","1","1"
"http://www.snapshotserengeti.org/subjects/standard/51a32c2ae18f49172b0c320b_0.jpg","ASG000pnr9",1,5,"H03","R3","Most common opinion from 25 opinions","bushbuck","1","1"
"http://www.snapshotserengeti.org/subjects/standard/51a32c2ce18f49172b0c3253_0.jpg","ASG000pnrp",1,5,"H03","R3","10 opinions agree upon the species present","bushbuck","1","1"
"http://www.snapshotserengeti.org/subjects/standard/51a32c2ee18f49172b0c3291_0.jpg","ASG000pnrz",1,5,"H03","R3","10 opinions agree upon the species present","bushbuck","1","1"
"http://www.snapshotserengeti.org/subjects/standard/51a32b4ce18f49172b0c17a8_0.jpg","ASG000pmui",1,5,"H03","R1","10 opinions agree upon the species present","bushbuck","1","1"
"http://zooniverse-static.s3.amazonaws.com/www.snapshotserengeti.org/subjects/standard/54cfce4e87ee0404d5036205_0.JPG","ASG0019gul",1,8,"F07","R3","10 opinions agree upon the species present","bushbuck","1","1"
"http://www.snapshotserengeti.org/subjects/standard/50dc844aa2fc8e3789036236_0.jpg","ASG000bvok",1,4,"H03","R1","Most common opinion from 25 opinions","bushbuck","1","1"
"http://www.snapshotserengeti.org/subjects/standard/50dc844aa2fc8e3789036236_1.jpg","ASG000bvok",2,4,"H03","R1","Most common opinion from 25 opinions","bushbuck","1","1"
"http://www.snapshotserengeti.org/subjects/standard/50dc844aa2fc8e3789036236_2.jpg","ASG000bvok",3,4,"H03","R1","Most common opinion from 25 opinions","bushbuck","1","1"
"http://www.snapshotserengeti.org/subjects/standard/50c215a48a607540b9048c9d_0.jpg","ASG0006e1p",1,2,"P11","R3","10 opinions agree upon the species present","bushbuck","1","2"
"http://www.snapshotserengeti.org/subjects/standard/50c215a48a607540b9048c9d_1.jpg","ASG0006e1p",2,2,"P11","R3","10 opinions agree upon the species present","bushbuck","1","2"
"http://www.snapshotserengeti.org/subjects/standard/50c215a48a607540b9048c9d_2.jpg","ASG0006e1p",3,2,"P11","R3","10 opinions agree upon the species present","bushbuck","1","2"
"http://www.snapshotserengeti.org/subjects/standard/51e8d8ade0053a09c30653d9_0.jpg","ASG000zfh7",1,6,"H03","R2","10 opinions agree upon the species present","bushbuck","1","1"
"http://www.snapshotserengeti.org/subjects/standard/50dc7988a2fc8e378902958f_0.jpg","ASG000bpjj",1,4,"B10","R2","10 opinions agree upon the species present","bushbuck","1","1"
"http://www.snapshotserengeti.org/subjects/standard/51a32bd6e18f49172b0c2827_0.jpg","ASG000pnef",1,5,"H03","R2","10 opinions agree upon the species present","bushbuck","1","1"
"http://zooniverse-static.s3.amazonaws.com/www.snapshotserengeti.org/subjects/standard/54cfce4887ee0404d5035ea5_0.JPG","ASG0019gyy",1,8,"F07","R1","10 opinions agree upon the species present","bushbuck","1","1"
"http://www.snapshotserengeti.org/subjects/standard/50dc848ca2fc8e37890378df_0.jpg","ASG000bwe4",1,4,"H03","R1","10 opinions agree upon the species present","bushbuck","1","1"
"http://www.snapshotserengeti.org/subjects/standard/50dc8499a2fc8e3789037b4e_0.jpg","ASG000bwec",1,4,"H03","R1","10 opinions agree upon the species present","bushbuck","1","1"
"http://www.snapshotserengeti.org/subjects/standard/5331db1c1bccd304b605c187_0.JPG","ASG00139pw",1,7,"G04","R1","Most common opinion from 25 opinions","bushbuck","1","1"
"http://www.snapshotserengeti.org/subjects/standard/50dcb69aa2fc8e37890e7cd0_0.jpg","ASG000efsc",1,4,"F07","R1","10 opinions agree upon the species present","bushbuck","1","1"
"http://www.snapshotserengeti.org/subjects/standard/51a365a7e18f49172b1304b1_0.jpg","ASG000r9c3",1,5,"M03","R1","10 opinions agree upon the species present","bushbuck","1","1"
"http://www.snapshotserengeti.org/subjects/standard/51a365a7e18f49172b1304ae_0.jpg","ASG000r9c2",1,5,"M03","R1","10 opinions agree upon the species present","bushbuck","1","1"
"http://www.snapshotserengeti.org/subjects/standard/51a30166e18f49172b0715e8_0.jpg","ASG000ofi8",1,5,"E01","R3","10 opinions agree upon the species present","bushbuck","1","1"
"http://zooniverse-static.s3.amazonaws.com/www.snapshotserengeti.org/subjects/standard/56a6956041479b004205e54d_0.JPG","ASG001grrf",1,9,"H03","3","","bushbuck","1","2"
"http://www.snapshotserengeti.org/subjects/standard/50c2185d8a607540b90695d0_0.jpg","ASG0009900",1,3,"F07","R12","Most common opinion from 25 opinions","bushbuck","1","1"
"http://www.snapshotserengeti.org/subjects/standard/5331cf121bccd304b600de3f_0.JPG","ASG0016pb6",1,7,"D08","R1","10 opinions agree upon the species present","bushbuck","1","1"
"http://www.snapshotserengeti.org/subjects/standard/51e8a88ce0053a09c300c8b5_0.jpg","ASG000y5ok",1,6,"B13","R1","10 opinions agree upon the species present","bushbuck","1","1"
"http://www.snapshotserengeti.org/subjects/standard/5331deee1bccd304b6075b81_0.JPG","ASG00125ek",1,7,"H03","R2","10 opinions agree upon the species present","bushbuck","1","1"
"http://www.snapshotserengeti.org/subjects/standard/5331deee1bccd304b6075b7b_0.JPG","ASG00125eh",1,7,"H03","R2","10 opinions agree upon the species present","bushbuck","1","1"
"http://www.snapshotserengeti.org/subjects/standard/5331deee1bccd304b6075b6b_0.JPG","ASG00125eb",1,7,"H03","R2","10 opinions agree upon the species present","bushbuck","1","1"
"http://www.snapshotserengeti.org/subjects/standard/5331deed1bccd304b6075b57_0.JPG","ASG00125e5",1,7,"H03","R2","10 opinions agree upon the species present","bushbuck","1","1"
"http://www.snapshotserengeti.org/subjects/standard/51e8d898e0053a09c3065172_0.jpg","ASG000zfdy",1,6,"H03","R2","Most common opinion from 25 opinions","bushbuck","1","1"
"http://www.snapshotserengeti.org/subjects/standard/51e8d895e0053a09c3065160_0.jpg","ASG000zfds",1,6,"H03","R2","10 opinions agree upon the species present","bushbuck","1","1"
"http://www.snapshotserengeti.org/subjects/standard/50c217498a607540b905b74c_0.jpg","ASG000811o",1,3,"F12","R11","10 opinions agree upon the species present","bushbuck","1","1"
"http://www.snapshotserengeti.org/subjects/standard/50c217498a607540b905b755_0.jpg","ASG000811x",1,3,"F12","R11","10 opinions agree upon the species present","bushbuck","1","1"
"http://www.snapshotserengeti.org/subjects/standard/50c217488a607540b905b736_0.jpg","ASG0008112",1,3,"F12","R11","Most common opinion from 25 opinions","bushbuck","1","1"
"http://zooniverse-static.s3.amazonaws.com/www.snapshotserengeti.org/subjects/standard/56a6dcb941479b00420a99d7_0.JPG","ASG001o0n7",1,9,"H03","1","","bushbuck","1","1"
"http://www.snapshotserengeti.org/subjects/standard/51e8d0fee0053a09c30570bb_0.jpg","ASG000z840",1,6,"G03","R1","Most common opinion from 25 opinions","bushbuck","1","1"
"http://www.snapshotserengeti.org/subjects/standard/51e8d0fee0053a09c30570bb_1.jpg","ASG000z840",2,6,"G03","R1","Most common opinion from 25 opinions","bushbuck","1","1"
"http://www.snapshotserengeti.org/subjects/standard/51e8d0fee0053a09c30570bb_2.jpg","ASG000z840",3,6,"G03","R1","Most common opinion from 25 opinions","bushbuck","1","1"
"http://www.snapshotserengeti.org/subjects/standard/51a3c667e18f49172b1e88f0_0.jpg","ASG000ttss",1,5,"U10","R4","10 opinions agree upon the species present","bushbuck","1","1"
"http://www.snapshotserengeti.org/subjects/standard/50c210fa8a607540b900c137_0.jpg","ASG000125z",1,1,"H03","R2","10 opinions agree upon the species present","bushbuck","1","1"
"http://www.snapshotserengeti.org/subjects/standard/50c210fa8a607540b900c137_1.jpg","ASG000125z",2,1,"H03","R2","10 opinions agree upon the species present","bushbuck","1","1"
"http://www.snapshotserengeti.org/subjects/standard/50c210fa8a607540b900c137_2.jpg","ASG000125z",3,1,"H03","R2","10 opinions agree upon the species present","bushbuck","1","1"
"http://www.snapshotserengeti.org/subjects/standard/50dc8456a2fc8e3789036793_0.jpg","ASG000bvw0",1,4,"H03","R1","10 opinions agree upon the species present","bushbuck","1","1"
"http://www.snapshotserengeti.org/subjects/standard/50c2183f8a607540b9067f57_0.jpg","ASG00094k7",1,3,"E02","R11","10 opinions agree upon the species present","bushbuck","1","1"
"http://www.snapshotserengeti.org/subjects/standard/50c210cb8a607540b90099e8_0.jpg","ASG0000ueg",1,1,"F12","R1","Most common opinion from 25 opinions","bushbuck","1","2"
"http://www.snapshotserengeti.org/subjects/standard/50c210cb8a607540b90099e8_1.jpg","ASG0000ueg",2,1,"F12","R1","Most common opinion from 25 opinions","bushbuck","1","2"
"http://www.snapshotserengeti.org/subjects/standard/50c210cb8a607540b90099e8_2.jpg","ASG0000ueg",3,1,"F12","R1","Most common opinion from 25 opinions","bushbuck","1","2"
"http://www.snapshotserengeti.org/subjects/standard/50dc7822a2fc8e3789020e7b_0.jpg","ASG000bl4b",1,4,"F12","R1","10 opinions agree upon the species present","bushbuck","1","1"
"http://www.snapshotserengeti.org/subjects/standard/50dc7822a2fc8e3789020e7b_1.jpg","ASG000bl4b",2,4,"F12","R1","10 opinions agree upon the species present","bushbuck","1","1"
"http://www.snapshotserengeti.org/subjects/standard/50dc7822a2fc8e3789020e7b_2.jpg","ASG000bl4b",3,4,"F12","R1","10 opinions agree upon the species present","bushbuck","1","1"
"http://www.snapshotserengeti.org/subjects/standard/51a30630e18f49172b07a862_0.jpg","ASG000oktr",1,5,"E05","R3","10 opinions agree upon the species present","bushbuck","1","1"
"http://www.snapshotserengeti.org/subjects/standard/51a3062fe18f49172b07a84c_0.jpg","ASG000oktl",1,5,"E05","R3","10 opinions agree upon the species present","bushbuck","1","1"
"http://www.snapshotserengeti.org/subjects/standard/51a30630e18f49172b07a856_0.jpg","ASG000oktn",1,5,"E05","R3","10 opinions agree upon the species present","bushbuck","1","1"
"http://www.snapshotserengeti.org/subjects/standard/51e8cd7be0053a09c3050ac4_0.jpg","ASG000z4q0",1,6,"F07","R2","10 opinions agree upon the species present","bushbuck","1","1"
"http://www.snapshotserengeti.org/subjects/standard/5331dee71bccd304b6075899_0.JPG","ASG001269g",1,7,"H03","R1","10 opinions agree upon the species present","bushbuck","1","1"
"http://www.snapshotserengeti.org/subjects/standard/51e8c731e0053a09c3045099_0.jpg","ASG000yy3u",1,6,"F04","R1","10 opinions agree upon the species present","bushbuck","1","1"
"http://www.snapshotserengeti.org/subjects/standard/50c2135e8a607540b902cce1_0.jpg","ASG0003xlt",1,2,"H07","R2","10 opinions agree upon the species present","bushbuck","1","1"
"http://www.snapshotserengeti.org/subjects/standard/51a2d904e18f49172b0243ad_0.jpg","ASG000msr1",1,5,"C03","R2","Most common opinion from 25 opinions","bushbuck","1","1"
"http://www.snapshotserengeti.org/subjects/standard/5331d9871bccd304b6051893_0.JPG","ASG0013ps6",1,7,"C13","R2","10 opinions agree upon the species present","bushbuck","1","1"
"http://www.snapshotserengeti.org/subjects/standard/50c213b58a607540b9030f9e_0.jpg","ASG0004ase",1,2,"E01","R3","10 opinions agree upon the species present","bushbuck","1","1"
"http://zooniverse-static.s3.amazonaws.com/www.snapshotserengeti.org/subjects/standard/56a68e8e41479b0042057293_0.JPG","ASG001h8es",1,9,"C04","1","","bushbuck","1","1"
"http://www.snapshotserengeti.org/subjects/standard/51a365ede18f49172b130d1f_0.jpg","ASG000r9l6",1,5,"M03","R1","10 opinions agree upon the species present","bushbuck","1","1"
"http://www.snapshotserengeti.org/subjects/standard/50dc9050a2fc8e3789061d7e_0.jpg","ASG000ck10",1,4,"C13","R1","10 opinions agree upon the species present","bushbuck","1","1"
"http://www.snapshotserengeti.org/subjects/standard/50c214cb8a607540b903f4d7_0.jpg","ASG0005k2f",1,2,"H03","R2","10 opinions agree upon the species present","bushbuck","1","1"
"http://www.snapshotserengeti.org/subjects/standard/51a33928e18f49172b0dbb32_0.jpg","ASG000q078",1,5,"I01","R1","10 opinions agree upon the species present","bushbuck","1","1"
"http://www.snapshotserengeti.org/subjects/standard/50dcb524a2fc8e37890e0258_0.jpg","ASG000ec2r",1,4,"D03","R1","10 opinions agree upon the species present","bushbuck","1","1"
"http://www.snapshotserengeti.org/subjects/standard/51a32c5be18f49172b0c37e2_0.jpg","ASG000pny4",1,5,"H03","R3","10 opinions agree upon the species present","bushbuck","1","1"
"http://www.snapshotserengeti.org/subjects/standard/5331d98b1bccd304b6051a97_0.JPG","ASG0013pl8",1,7,"C13","R3","10 opinions agree upon the species present","bushbuck","1","1"
"http://www.snapshotserengeti.org/subjects/standard/51e8bfe2e0053a09c30378ff_0.jpg","ASG000yrdr",1,6,"E03","R2","Most common opinion from 25 opinions","bushbuck","1","2"
"http://www.snapshotserengeti.org/subjects/standard/51e8bfe2e0053a09c30378ff_1.jpg","ASG000yrdr",2,6,"E03","R2","Most common opinion from 25 opinions","bushbuck","1","2"
"http://www.snapshotserengeti.org/subjects/standard/51e8bfe2e0053a09c30378ff_2.jpg","ASG000yrdr",3,6,"E03","R2","Most common opinion from 25 opinions","bushbuck","1","2"
"http://www.snapshotserengeti.org/subjects/standard/51a32b73e18f49172b0c1c56_0.jpg","ASG000pmzw",1,5,"H03","R1","10 opinions agree upon the species present","bushbuck","1","1"
"http://www.snapshotserengeti.org/subjects/standard/51a32b73e18f49172b0c1c56_1.jpg","ASG000pmzw",2,5,"H03","R1","10 opinions agree upon the species present","bushbuck","1","1"
"http://www.snapshotserengeti.org/subjects/standard/51a32b73e18f49172b0c1c56_2.jpg","ASG000pmzw",3,5,"H03","R1","10 opinions agree upon the species present","bushbuck","1","1"
"http://www.snapshotserengeti.org/subjects/standard/50dcd8fca2fc8e37891123ce_0.jpg","ASG000f1xc",1,4,"M03","R2","Most common opinion from 25 opinions","bushbuck","1","1"
"http://www.snapshotserengeti.org/subjects/standard/50c214e28a607540b90405dd_0.jpg","ASG0005nfh",1,2,"H08","R3","10 opinions agree upon the species present","bushbuck","1","1"
"http://www.snapshotserengeti.org/subjects/standard/50c214498a607540b90387ac_0.jpg","ASG0004yi4",1,2,"F12","R1","10 opinions agree upon the species present","bushbuck","1","1"
"http://www.snapshotserengeti.org/subjects/standard/50c219368a607540b907333e_0.jpg","ASG000a43i",1,3,"J02","R12","Most common opinion from 25 opinions","bushbuck","1","1"
"http://www.snapshotserengeti.org/subjects/standard/50c219368a607540b907333e_1.jpg","ASG000a43i",2,3,"J02","R12","Most common opinion from 25 opinions","bushbuck","1","1"
"http://www.snapshotserengeti.org/subjects/standard/50c219368a607540b907333e_2.jpg","ASG000a43i",3,3,"J02","R12","Most common opinion from 25 opinions","bushbuck","1","1"
"http://www.snapshotserengeti.org/subjects/standard/5331dee71bccd304b6075875_0.JPG","ASG00125q4",1,7,"H03","R1","10 opinions agree upon the species present","bushbuck","1","1"
"http://www.snapshotserengeti.org/subjects/standard/5331dee61bccd304b607583b_0.JPG","ASG00125q2",1,7,"H03","R1","10 opinions agree upon the species present","bushbuck","1","1"
"http://www.snapshotserengeti.org/subjects/standard/50c216258a607540b904e917_0.jpg","ASG0006wbb",1,2,"M04","R2","10 opinions agree upon the species present","bushbuck","1","1"
"http://www.snapshotserengeti.org/subjects/standard/5331d9c31bccd304b60531bf_0.JPG","ASG0013nb5",1,7,"D03","R3","10 opinions agree upon the species present","bushbuck","1","1"
"http://www.snapshotserengeti.org/subjects/standard/5331def41bccd304b6075e03_0.JPG","ASG00125l6",1,7,"H03","R3","10 opinions agree upon the species present","bushbuck","1","1"
"http://www.snapshotserengeti.org/subjects/standard/5331def41bccd304b6075e03_1.JPG","ASG00125l6",2,7,"H03","R3","10 opinions agree upon the species present","bushbuck","1","1"
"http://www.snapshotserengeti.org/subjects/standard/5331def41bccd304b6075e03_2.JPG","ASG00125l6",3,7,"H03","R3","10 opinions agree upon the species present","bushbuck","1","1"
"http://www.snapshotserengeti.org/subjects/standard/5331def21bccd304b6075d1d_0.JPG","ASG00125lt",1,7,"H03","R2","10 opinions agree upon the species present","bushbuck","1","1"
"http://www.snapshotserengeti.org/subjects/standard/51e8fbc9e0053a09c30a6275_0.jpg","ASG0010d0s",1,6,"M03","R1","10 opinions agree upon the species present","bushbuck","1","1"
"http://www.snapshotserengeti.org/subjects/standard/51e8fbc9e0053a09c30a626f_0.jpg","ASG0010d0q",1,6,"M03","R1","10 opinions agree upon the species present","bushbuck","1","1"
"http://www.snapshotserengeti.org/subjects/standard/51e8fbc9e0053a09c30a6278_0.jpg","ASG0010d0t",1,6,"M03","R1","10 opinions agree upon the species present","bushbuck","1","1"
"http://www.snapshotserengeti.org/subjects/standard/51e8e6d5e0053a09c307f614_0.jpg","ASG000zsrs",1,6,"J01","R1","Most common opinion from 25 opinions","bushbuck","1","1"
"http://www.snapshotserengeti.org/subjects/standard/51e8e6d5e0053a09c307f614_1.jpg","ASG000zsrs",2,6,"J01","R1","Most common opinion from 25 opinions","bushbuck","1","1"
"http://www.snapshotserengeti.org/subjects/standard/51e8e6d5e0053a09c307f614_2.jpg","ASG000zsrs",3,6,"J01","R1","Most common opinion from 25 opinions","bushbuck","1","1"
"http://zooniverse-static.s3.amazonaws.com/www.snapshotserengeti.org/subjects/standard/56a671a841479b0042038669_0.JPG","ASG001iyp9",1,9,"F07","2","","bushbuck","1","1"
"http://www.snapshotserengeti.org/subjects/standard/50c211288a607540b900e786_0.jpg","ASG00019qe",1,1,"I06","R2","10 opinions agree upon the species present","bushbuck","1","1"
"http://www.snapshotserengeti.org/subjects/standard/50c211288a607540b900e786_1.jpg","ASG00019qe",2,1,"I06","R2","10 opinions agree upon the species present","bushbuck","1","1"
"http://www.snapshotserengeti.org/subjects/standard/50c211288a607540b900e786_2.jpg","ASG00019qe",3,1,"I06","R2","10 opinions agree upon the species present","bushbuck","1","1"
"http://www.snapshotserengeti.org/subjects/standard/51a35c6ce18f49172b11f08c_0.jpg","ASG000qzxx",1,5,"L03","R3","10 opinions agree upon the species present","bushbuck","1","1"
"http://www.snapshotserengeti.org/subjects/standard/50c217bc8a607540b9061760_0.jpg","ASG0008k0w",1,3,"M03","R11","10 opinions agree upon the species present","bushbuck","1","1"
"http://www.snapshotserengeti.org/subjects/standard/51a32b86e18f49172b0c1e99_0.jpg","ASG000pn2f",1,5,"H03","R1","10 opinions agree upon the species present","bushbuck","1","1"
"http://www.snapshotserengeti.org/subjects/standard/51e8b4b5e0053a09c3022fc1_0.jpg","ASG000yh94",1,6,"D04","R1","10 opinions agree upon the species present","bushbuck","1","1"
"http://zooniverse-static.s3.amazonaws.com/www.snapshotserengeti.org/subjects/standard/54cfd1f087ee0404d5052f49_0.JPG","ASG00195mn",1,8,"I01","R1","10 opinions agree upon the species present","bushbuck","1","1"
"http://www.snapshotserengeti.org/subjects/standard/5331da821bccd304b6058033_0.JPG","ASG0013fk5",1,7,"F07","R1","10 opinions agree upon the species present","bushbuck","1","1"
"http://www.snapshotserengeti.org/subjects/standard/50c218a48a607540b906c85b_0.jpg","ASG0009izf",1,3,"F01","R11","Most common opinion from 25 opinions","bushbuck","1","1"
"http://www.snapshotserengeti.org/subjects/standard/50c218a48a607540b906c85b_1.jpg","ASG0009izf",2,3,"F01","R11","Most common opinion from 25 opinions","bushbuck","1","1"
"http://www.snapshotserengeti.org/subjects/standard/50c218a48a607540b906c85b_2.jpg","ASG0009izf",3,3,"F01","R11","Most common opinion from 25 opinions","bushbuck","1","1"
"http://www.snapshotserengeti.org/subjects/standard/5331dee41bccd304b6075749_0.JPG","ASG00125u8",1,7,"H03","R1","10 opinions agree upon the species present","bushbuck","1","1"
"http://www.snapshotserengeti.org/subjects/standard/5331dee41bccd304b607574f_0.JPG","ASG00125u2",1,7,"H03","R1","10 opinions agree upon the species present","bushbuck","1","1"
"http://www.snapshotserengeti.org/subjects/standard/5331dee41bccd304b607573d_0.JPG","ASG00125u3",1,7,"H03","R1","Most common opinion from 25 opinions","bushbuck","1","1"
"http://www.snapshotserengeti.org/subjects/standard/5331dee41bccd304b6075719_0.JPG","ASG00125ub",1,7,"H03","R1","10 opinions agree upon the species present","bushbuck","1","2"
"http://zooniverse-static.s3.amazonaws.com/www.snapshotserengeti.org/subjects/standard/54cfce4a87ee0404d5035faf_0.JPG","ASG001g2mu",1,8,"F07","R2","10 opinions agree upon the species present","bushbuck","1","1"
"http://www.snapshotserengeti.org/subjects/standard/5331dee71bccd304b607589f_0.JPG","ASG00125nh",1,7,"H03","R1","10 opinions agree upon the species present","bushbuck","1","1"
"http://www.snapshotserengeti.org/subjects/standard/51a33931e18f49172b0dbc42_0.jpg","ASG000q08s",1,5,"I01","R1","10 opinions agree upon the species present","bushbuck","1","1"
"http://www.snapshotserengeti.org/subjects/standard/50c21a238a607540b907e54a_0.jpg","ASG000b39m",1,3,"U10","R12","10 opinions agree upon the species present","bushbuck","1","1"
"http://www.snapshotserengeti.org/subjects/standard/51a32c25e18f49172b0c3188_0.jpg","ASG000pnqg",1,5,"H03","R2","Most common opinion from 25 opinions","bushbuck","1","1"
"http://www.snapshotserengeti.org/subjects/standard/51a32bd2e18f49172b0c27c5_0.jpg","ASG000pndr",1,5,"H03","R2","Most common opinion from 25 opinions","bushbuck","1","1"
"http://www.snapshotserengeti.org/subjects/standard/50c214ca8a607540b903f423_0.jpg","ASG0005jxf",1,2,"H03","R2","10 opinions agree upon the species present","bushbuck","1","1"
"http://www.snapshotserengeti.org/subjects/standard/50c217bb8a607540b90616c7_0.jpg","ASG0008jwn",1,3,"M03","R11","10 opinions agree upon the species present","bushbuck","1","1"
"http://www.snapshotserengeti.org/subjects/standard/50c2175d8a607540b905c775_0.jpg","ASG000848l",1,3,"G12","R11","10 opinions agree upon the species present","bushbuck","1","1"
"http://www.snapshotserengeti.org/subjects/standard/50dc8464a2fc8e3789036d23_0.jpg","ASG000bw32",1,4,"H03","R1","10 opinions agree upon the species present","bushbuck","1","1"
"http://www.snapshotserengeti.org/subjects/standard/50dc8464a2fc8e3789036d23_1.jpg","ASG000bw32",2,4,"H03","R1","10 opinions agree upon the species present","bushbuck","1","1"
"http://www.snapshotserengeti.org/subjects/standard/50dc8464a2fc8e3789036d23_2.jpg","ASG000bw32",3,4,"H03","R1","10 opinions agree upon the species present","bushbuck","1","1"
"http://www.snapshotserengeti.org/subjects/standard/50dc8466a2fc8e3789036d7c_0.jpg","ASG000bw3c",1,4,"H03","R1","10 opinions agree upon the species present","bushbuck","1","1"
"http://zooniverse-static.s3.amazonaws.com/www.snapshotserengeti.org/subjects/standard/56a69fd541479b00420697eb_0.JPG","ASG001lfqh",1,9,"K03","3","","bushbuck","1","1"
"http://www.snapshotserengeti.org/subjects/standard/50c214308a607540b9037399_0.jpg","ASG0004ujd",1,2,"F07","R2","10 opinions agree upon the species present","bushbuck","1","1"
"http://www.snapshotserengeti.org/subjects/standard/51a2ec3fe18f49172b048eb6_0.jpg","ASG000ntzj",1,5,"D04","R3","Most common opinion from 25 opinions","bushbuck","1","1"
"http://www.snapshotserengeti.org/subjects/standard/5331deee1bccd304b6075b7f_0.JPG","ASG00125dy",1,7,"H03","R2","10 opinions agree upon the species present","bushbuck","1","1"
"http://www.snapshotserengeti.org/subjects/standard/5331deee1bccd304b6075b6d_0.JPG","ASG00125dw",1,7,"H03","R2","10 opinions agree upon the species present","bushbuck","1","1"
"http://www.snapshotserengeti.org/subjects/standard/5331deee1bccd304b6075b69_0.JPG","ASG00125di",1,7,"H03","R2","10 opinions agree upon the species present","bushbuck","1","1"
"http://zooniverse-static.s3.amazonaws.com/www.snapshotserengeti.org/subjects/standard/54cfd0b087ee0404d5048fc9_0.JPG","ASG00193at",1,8,"H03","R3","10 opinions agree upon the species present","bushbuck","1","1"
"http://zooniverse-static.s3.amazonaws.com/www.snapshotserengeti.org/subjects/standard/54cfd0b087ee0404d5048fc7_0.JPG","ASG00193aq",1,8,"H03","R3","10 opinions agree upon the species present","bushbuck","1","1"
"http://zooniverse-static.s3.amazonaws.com/www.snapshotserengeti.org/subjects/standard/54cfd0b087ee0404d5048fcb_0.JPG","ASG00193ae",1,8,"H03","R3","10 opinions agree upon the species present","bushbuck","1","1"
"http://www.snapshotserengeti.org/subjects/standard/50c217498a607540b905b75a_0.jpg","ASG0008122",1,3,"F12","R11","10 opinions agree upon the species present","bushbuck","1","1"
"http://www.snapshotserengeti.org/subjects/standard/50c217498a607540b905b776_0.jpg","ASG000812u",1,3,"F12","R11","10 opinions agree upon the species present","bushbuck","1","1"
"http://www.snapshotserengeti.org/subjects/standard/50c217498a607540b905b764_0.jpg","ASG000812c",1,3,"F12","R11","10 opinions agree upon the species present","bushbuck","1","1"
"http://www.snapshotserengeti.org/subjects/standard/50dc8455a2fc8e378903673b_0.jpg","ASG000bvvj",1,4,"H03","R1","10 opinions agree upon the species present","bushbuck","1","1"
"http://www.snapshotserengeti.org/subjects/standard/50dc8455a2fc8e378903673b_1.jpg","ASG000bvvj",2,4,"H03","R1","10 opinions agree upon the species present","bushbuck","1","1"
"http://www.snapshotserengeti.org/subjects/standard/50dc8455a2fc8e378903673b_2.jpg","ASG000bvvj",3,4,"H03","R1","10 opinions agree upon the species present","bushbuck","1","1"
"http://www.snapshotserengeti.org/subjects/standard/50dc8455a2fc8e378903672c_0.jpg","ASG000bvvg",1,4,"H03","R1","10 opinions agree upon the species present","bushbuck","1","2"
"http://www.snapshotserengeti.org/subjects/standard/50dc8455a2fc8e378903672c_1.jpg","ASG000bvvg",2,4,"H03","R1","10 opinions agree upon the species present","bushbuck","1","2"
"http://www.snapshotserengeti.org/subjects/standard/50dc8455a2fc8e378903672c_2.jpg","ASG000bvvg",3,4,"H03","R1","10 opinions agree upon the species present","bushbuck","1","2"
"http://www.snapshotserengeti.org/subjects/standard/50dc848ca2fc8e3789037905_0.jpg","ASG000bwe5",1,4,"H03","R1","10 opinions agree upon the species present","bushbuck","1","1"
"http://www.snapshotserengeti.org/subjects/standard/50dc849aa2fc8e3789037b93_0.jpg","ASG000bwed",1,4,"H03","R1","10 opinions agree upon the species present","bushbuck","1","1"
"http://www.snapshotserengeti.org/subjects/standard/50dc8498a2fc8e3789037b28_0.jpg","ASG000bweb",1,4,"H03","R1","10 opinions agree upon the species present","bushbuck","1","1"
"http://www.snapshotserengeti.org/subjects/standard/50c210cb8a607540b9009a09_0.jpg","ASG0000ufd",1,1,"F12","R1","10 opinions agree upon the species present","bushbuck","1","1"
"http://www.snapshotserengeti.org/subjects/standard/50c210cb8a607540b9009a09_1.jpg","ASG0000ufd",2,1,"F12","R1","10 opinions agree upon the species present","bushbuck","1","1"
"http://www.snapshotserengeti.org/subjects/standard/50c210cb8a607540b9009a09_2.jpg","ASG0000ufd",3,1,"F12","R1","10 opinions agree upon the species present","bushbuck","1","1"
"http://www.snapshotserengeti.org/subjects/standard/50c210cb8a607540b9009a0a_0.jpg","ASG0000ufe",1,1,"F12","R1","10 opinions agree upon the species present","bushbuck","1","1"
"http://www.snapshotserengeti.org/subjects/standard/50c210cb8a607540b9009a0a_1.jpg","ASG0000ufe",2,1,"F12","R1","10 opinions agree upon the species present","bushbuck","1","1"
"http://www.snapshotserengeti.org/subjects/standard/50c210cb8a607540b9009a0a_2.jpg","ASG0000ufe",3,1,"F12","R1","10 opinions agree upon the species present","bushbuck","1","1"
"http://www.snapshotserengeti.org/subjects/standard/50c210cc8a607540b9009a0b_0.jpg","ASG0000uff",1,1,"F12","R1","Most common opinion from 25 opinions","bushbuck","1","1"
"http://www.snapshotserengeti.org/subjects/standard/50c210cc8a607540b9009a0b_1.jpg","ASG0000uff",2,1,"F12","R1","Most common opinion from 25 opinions","bushbuck","1","1"
"http://www.snapshotserengeti.org/subjects/standard/50c210cc8a607540b9009a0b_2.jpg","ASG0000uff",3,1,"F12","R1","Most common opinion from 25 opinions","bushbuck","1","1"
"http://www.snapshotserengeti.org/subjects/standard/50dcb517a2fc8e37890df6bf_0.jpg","ASG000ebo6",1,4,"D03","R2","10 opinions agree upon the species present","bushbuck","1","1"
"http://www.snapshotserengeti.org/subjects/standard/5331dee71bccd304b60758b1_0.JPG","ASG00126n2",1,7,"H03","R1","10 opinions agree upon the species present","bushbuck","1","1"
"http://www.snapshotserengeti.org/subjects/standard/51a35c03e18f49172b11e429_0.jpg","ASG000qzh4",1,5,"L01","R2","10 opinions agree upon the species present","bushbuck","1","1"
"http://www.snapshotserengeti.org/subjects/standard/5331ce0e1bccd304b60076eb_0.JPG","ASG0017ag4",1,7,"B13","R3","10 opinions agree upon the species present","bushbuck","1","2"
"http://www.snapshotserengeti.org/subjects/standard/50c218a48a607540b906c8a0_0.jpg","ASG0009j1c",1,3,"F01","R11","10 opinions agree upon the species present","bushbuck","1","1"
"http://www.snapshotserengeti.org/subjects/standard/51a313a4e18f49172b094423_0.jpg","ASG000oxrn",1,5,"F01","R3","Most common opinion from 25 opinions","bushbuck","1","1"
"http://zooniverse-static.s3.amazonaws.com/www.snapshotserengeti.org/subjects/standard/56a6956041479b004205e553_0.JPG","ASG001grq2",1,9,"H03","3","","bushbuck","1","2"
"http://www.snapshotserengeti.org/subjects/standard/51e8cd77e0053a09c3050a39_0.jpg","ASG000z4p7",1,6,"F07","R2","10 opinions agree upon the species present","bushbuck","1","1"
"http://www.snapshotserengeti.org/subjects/standard/50dc84b5a2fc8e3789038eaa_0.jpg","ASG000bx27",1,4,"F01","R1","10 opinions agree upon the species present","bushbuck","1","1"
"http://www.snapshotserengeti.org/subjects/standard/50dc84b5a2fc8e3789038eaa_1.jpg","ASG000bx27",2,4,"F01","R1","10 opinions agree upon the species present","bushbuck","1","1"
"http://www.snapshotserengeti.org/subjects/standard/50dc84b5a2fc8e3789038eaa_2.jpg","ASG000bx27",3,4,"F01","R1","10 opinions agree upon the species present","bushbuck","1","1"
"http://www.snapshotserengeti.org/subjects/standard/5331d99c1bccd304b60521ed_0.JPG","ASG0013oth",1,7,"D03","R1","10 opinions agree upon the species present","bushbuck","1","1"
"http://www.snapshotserengeti.org/subjects/standard/50c217458a607540b905b3fd_0.jpg","ASG00080e5",1,3,"F07","R11","10 opinions agree upon the species present","bushbuck","1","1"
"http://www.snapshotserengeti.org/subjects/standard/50c2140b8a607540b90356ad_0.jpg","ASG0004otp",1,2,"F01","R3","10 opinions agree upon the species present","bushbuck","1","1"
"http://zooniverse-static.s3.amazonaws.com/www.snapshotserengeti.org/subjects/standard/56a659f641479b004201f9c9_0.JPG","ASG001k1w1",1,9,"G12","2","","bushbuck","1","1"
"http://www.snapshotserengeti.org/subjects/standard/50dc844ea2fc8e3789036479_0.jpg","ASG000bvrr",1,4,"H03","R1","Most common opinion from 25 opinions","bushbuck","1","1"
"http://www.snapshotserengeti.org/subjects/standard/50dc844ea2fc8e3789036479_1.jpg","ASG000bvrr",2,4,"H03","R1","Most common opinion from 25 opinions","bushbuck","1","1"
"http://www.snapshotserengeti.org/subjects/standard/50dc844ea2fc8e3789036479_2.jpg","ASG000bvrr",3,4,"H03","R1","Most common opinion from 25 opinions","bushbuck","1","1"
"http://www.snapshotserengeti.org/subjects/standard/50c214c88a607540b903f2fc_0.jpg","ASG0005jp8",1,2,"H03","R2","10 opinions agree upon the species present","bushbuck","1","1"
"http://www.snapshotserengeti.org/subjects/standard/50dc847ea2fc8e378903749b_0.jpg","ASG000bwa5",1,4,"H03","R1","10 opinions agree upon the species present","bushbuck","1","1"
"http://www.snapshotserengeti.org/subjects/standard/51a31fc5e18f49172b0ab7db_0.jpg","ASG000pami",1,5,"G04","R3","10 opinions agree upon the species present","bushbuck","1","1"
"http://zooniverse-static.s3.amazonaws.com/www.snapshotserengeti.org/subjects/standard/5582df1dc4af4e004200691f_0.JPG","ASG001gaf9",1,0,"M03","R1","Most common opinion from 25 opinions","bushbuck","1","1"
"http://www.snapshotserengeti.org/subjects/standard/51a31c69e18f49172b0a50da_0.jpg","ASG000p6x6",1,5,"G01","R2","10 opinions agree upon the species present","bushbuck","1","1"
"http://www.snapshotserengeti.org/subjects/standard/51a3062ae18f49172b07a7af_0.jpg","ASG000oksq",1,5,"E05","R3","10 opinions agree upon the species present","bushbuck","1","1"
"http://www.snapshotserengeti.org/subjects/standard/50c217be8a607540b90618a3_0.jpg","ASG0008k9v",1,3,"M04","R11","Most common opinion from 25 opinions","bushbuck","1","1"
"http://www.snapshotserengeti.org/subjects/standard/50c214cb8a607540b903f4b8_0.jpg","ASG0005k1k",1,2,"H03","R2","10 opinions agree upon the species present","bushbuck","1","1"
"http://www.snapshotserengeti.org/subjects/standard/50c214ca8a607540b903f4af_0.jpg","ASG0005k1b",1,2,"H03","R2","10 opinions agree upon the species present","bushbuck","1","1"
"http://www.snapshotserengeti.org/subjects/standard/51e8bf29e0053a09c3036390_0.jpg","ASG000yqmq",1,6,"E02","R2","10 opinions agree upon the species present","bushbuck","1","1"
"http://www.snapshotserengeti.org/subjects/standard/50c21a218a607540b907e374_0.jpg","ASG000b2wk",1,3,"U10","R12","10 opinions agree upon the species present","bushbuck","1","1"
"http://www.snapshotserengeti.org/subjects/standard/51a32c58e18f49172b0c379c_0.jpg","ASG000pnxs",1,5,"H03","R3","10 opinions agree upon the species present","bushbuck","1","1"
"http://zooniverse-static.s3.amazonaws.com/www.snapshotserengeti.org/subjects/standard/56a669f441479b0042030441_0.JPG","ASG001jbjk",1,9,"F07","2","","bushbuck","1","1"
"http://www.snapshotserengeti.org/subjects/standard/50c214468a607540b9038608_0.jpg","ASG0004y6g",1,2,"F11","R3","10 opinions agree upon the species present","bushbuck","1","1"
"http://www.snapshotserengeti.org/subjects/standard/50c214468a607540b9038608_1.jpg","ASG0004y6g",2,2,"F11","R3","10 opinions agree upon the species present","bushbuck","1","1"
"http://www.snapshotserengeti.org/subjects/standard/50c214468a607540b9038608_2.jpg","ASG0004y6g",3,2,"F11","R3","10 opinions agree upon the species present","bushbuck","1","1"
"http://www.snapshotserengeti.org/subjects/standard/51a3013de18f49172b0710ec_0.jpg","ASG000ofcm",1,5,"E01","R3","10 opinions agree upon the species present","bushbuck","1","1"
"http://www.snapshotserengeti.org/subjects/standard/51a2d91be18f49172b024679_0.jpg","ASG000msul",1,5,"C03","R3","10 opinions agree upon the species present","bushbuck","1","1"
"http://www.snapshotserengeti.org/subjects/standard/50c2167a8a607540b90525e8_0.jpg","ASG00078bs",1,2,"K03","R2","10 opinions agree upon the species present","bushbuck","1","1"
"http://www.snapshotserengeti.org/subjects/standard/5331dee51bccd304b60757a5_0.JPG","ASG00126co",1,7,"H03","R1","10 opinions agree upon the species present","bushbuck","1","1"
"http://www.snapshotserengeti.org/subjects/standard/5331dee61bccd304b6075833_0.JPG","ASG00126cn",1,7,"H03","R1","10 opinions agree upon the species present","bushbuck","1","1"
"http://www.snapshotserengeti.org/subjects/standard/5331dee61bccd304b6075819_0.JPG","ASG00126ch",1,7,"H03","R1","10 opinions agree upon the species present","bushbuck","1","1"
"http://www.snapshotserengeti.org/subjects/standard/51a32bb5e18f49172b0c2451_0.jpg","ASG000pn9b",1,5,"H03","R1","10 opinions agree upon the species present","bushbuck","1","1"
"http://www.snapshotserengeti.org/subjects/standard/51a32bb5e18f49172b0c2454_0.jpg","ASG000pn9c",1,5,"H03","R1","10 opinions agree upon the species present","bushbuck","1","1"
"http://www.snapshotserengeti.org/subjects/standard/51a2e733e18f49172b03f4c1_0.jpg","ASG000noy9",1,5,"C13","R1","10 opinions agree upon the species present","bushbuck","1","1"
"http://zooniverse-static.s3.amazonaws.com/www.snapshotserengeti.org/subjects/standard/54cfc81c87ee0404d5005eb7_0.JPG","ASG0018qa3",1,8,"B12","R1","Most common opinion from 25 opinions","bushbuck","1","1"
"http://www.snapshotserengeti.org/subjects/standard/50c214498a607540b90387ef_0.jpg","ASG0004yjz",1,2,"F12","R1","10 opinions agree upon the species present","bushbuck","1","1"
"http://www.snapshotserengeti.org/subjects/standard/51e8d723e0053a09c3062660_0.jpg","ASG000ze36",1,6,"H03","R1","10 opinions agree upon the species present","bushbuck","1","3"
"http://www.snapshotserengeti.org/subjects/standard/5331dee71bccd304b6075859_0.JPG","ASG00125pf",1,7,"H03","R1","10 opinions agree upon the species present","bushbuck","1","1"
"http://www.snapshotserengeti.org/subjects/standard/5331dee61bccd304b6075845_0.JPG","ASG00125pc",1,7,"H03","R1","10 opinions agree upon the species present","bushbuck","1","2"
"http://www.snapshotserengeti.org/subjects/standard/5331dee71bccd304b6075851_0.JPG","ASG00125pm",1,7,"H03","R1","10 opinions agree upon the species present","bushbuck","1","1"
"http://www.snapshotserengeti.org/subjects/standard/50c217448a607540b905b3e4_0.jpg","ASG00080dg",1,3,"F07","R11","10 opinions agree upon the species present","bushbuck","1","1"
"http://www.snapshotserengeti.org/subjects/standard/5331dee71bccd304b607586f_0.JPG","ASG00125om",1,7,"H03","R1","10 opinions agree upon the species present","bushbuck","1","1"
"http://www.snapshotserengeti.org/subjects/standard/5331dee71bccd304b6075871_0.JPG","ASG00125oh",1,7,"H03","R1","10 opinions agree upon the species present","bushbuck","1","2"
"http://www.snapshotserengeti.org/subjects/standard/5331dee71bccd304b607585f_0.JPG","ASG00125ot",1,7,"H03","R1","10 opinions agree upon the species present","bushbuck","1","1"
"http://www.snapshotserengeti.org/subjects/standard/5331dee71bccd304b6075853_0.JPG","ASG00125ov",1,7,"H03","R1","Most common opinion from 25 opinions","bushbuck","1","1"
"http://www.snapshotserengeti.org/subjects/standard/5331dee81bccd304b60758bf_0.JPG","ASG00125o6",1,7,"H03","R1","10 opinions agree upon the species present","bushbuck","1","3"
"http://www.snapshotserengeti.org/subjects/standard/5331dee71bccd304b6075873_0.JPG","ASG00125o1",1,7,"H03","R1","10 opinions agree upon the species present","bushbuck","1","2"
"http://zooniverse-static.s3.amazonaws.com/www.snapshotserengeti.org/subjects/standard/56a6956041479b004205e54b_0.JPG","ASG001grr4",1,9,"H03","3","","bushbuck","1","1"
"http://www.snapshotserengeti.org/subjects/standard/51e8fbcde0053a09c30a62e2_0.jpg","ASG0010d19",1,6,"M03","R1","10 opinions agree upon the species present","bushbuck","1","1"
"http://www.snapshotserengeti.org/subjects/standard/5331ce951bccd304b600adf5_0.JPG","ASG0016u17",1,7,"C03","R1","Most common opinion from 25 opinions","bushbuck","1","1"
"http://www.snapshotserengeti.org/subjects/standard/51e8d89ee0053a09c3065226_0.jpg","ASG000zff2",1,6,"H03","R2","10 opinions agree upon the species present","bushbuck","1","1"
"http://www.snapshotserengeti.org/subjects/standard/5331dd8b1bccd304b606c57d_0.JPG","ASG0012k8i",1,7,"T09","R2","10 opinions agree upon the species present","bushbuck","1","1"
"http://zooniverse-static.s3.amazonaws.com/www.snapshotserengeti.org/subjects/standard/54cfce4c87ee0404d5036127_0.JPG","ASG0019gxf",1,8,"F07","R3","10 opinions agree upon the species present","bushbuck","1","1"
"http://www.snapshotserengeti.org/subjects/standard/50c218fc8a607540b907072d_0.jpg","ASG0009ve5",1,3,"I03","R12","Most common opinion from 25 opinions","bushbuck","1","1"
"http://zooniverse-static.s3.amazonaws.com/www.snapshotserengeti.org/subjects/standard/56a6bd8041479b00420888c5_0.JPG","ASG001mkgk",1,9,"H03","3","","bushbuck","1","1"
"http://zooniverse-static.s3.amazonaws.com/www.snapshotserengeti.org/subjects/standard/54cfce4d87ee0404d50361a1_0.JPG","ASG0019gw7",1,8,"F07","R3","10 opinions agree upon the species present","bushbuck","1","1"
"http://www.snapshotserengeti.org/subjects/standard/51a378f9e18f49172b15529d_0.jpg","ASG000rrw1",1,5,"N03","R1","10 opinions agree upon the species present","bushbuck","1","1"
"http://www.snapshotserengeti.org/subjects/standard/5331dff31bccd304b607c991_0.JPG","ASG0017d5g",1,7,"F03","R1","10 opinions agree upon the species present","bushbuck","1","1"
"http://www.snapshotserengeti.org/subjects/standard/5331dee41bccd304b6075731_0.JPG","ASG00125tj",1,7,"H03","R1","Most common opinion from 25 opinions","bushbuck","1","1"
"http://www.snapshotserengeti.org/subjects/standard/5331dee51bccd304b6075781_0.JPG","ASG00125ta",1,7,"H03","R1","10 opinions agree upon the species present","bushbuck","1","1"
"http://www.snapshotserengeti.org/subjects/standard/5331dee41bccd304b6075759_0.JPG","ASG00125tt",1,7,"H03","R1","10 opinions agree upon the species present","bushbuck","1","1"
"http://www.snapshotserengeti.org/subjects/standard/5331dee51bccd304b607576d_0.JPG","ASG00125t1",1,7,"H03","R1","10 opinions agree upon the species present","bushbuck","1","1"
"http://www.snapshotserengeti.org/subjects/standard/50dc783aa2fc8e3789021a18_0.jpg","ASG000blhl",1,4,"F12","R2","10 opinions agree upon the species present","bushbuck","1","1"
"http://www.snapshotserengeti.org/subjects/standard/5331deee1bccd304b6075b83_0.JPG","ASG00125ch",1,7,"H03","R2","10 opinions agree upon the species present","bushbuck","1","1"
"http://www.snapshotserengeti.org/subjects/standard/5331deee1bccd304b6075b7d_0.JPG","ASG00125cv",1,7,"H03","R2","10 opinions agree upon the species present","bushbuck","1","1"
"http://www.snapshotserengeti.org/subjects/standard/5331deee1bccd304b6075b6f_0.JPG","ASG00125c2",1,7,"H03","R2","10 opinions agree upon the species present","bushbuck","1","1"
"http://www.snapshotserengeti.org/subjects/standard/51a32be5e18f49172b0c29d5_0.jpg","ASG000pngj",1,5,"H03","R2","10 opinions agree upon the species present","bushbuck","1","1"
"http://www.snapshotserengeti.org/subjects/standard/51a32be8e18f49172b0c2a2d_0.jpg","ASG000pngx",1,5,"H03","R2","10 opinions agree upon the species present","bushbuck","1","1"
"http://zooniverse-static.s3.amazonaws.com/www.snapshotserengeti.org/subjects/standard/54cfce4887ee0404d5035ed7_0.JPG","ASG0019gyj",1,8,"F07","R1","10 opinions agree upon the species present","bushbuck","1","1"
"http://www.snapshotserengeti.org/subjects/standard/50c216798a607540b90524c8_0.jpg","ASG000783s",1,2,"K03","R2","10 opinions agree upon the species present","bushbuck","1","1"
"http://www.snapshotserengeti.org/subjects/standard/51a32bd2e18f49172b0c27b5_0.jpg","ASG000pndn",1,5,"H03","R2","10 opinions agree upon the species present","bushbuck","1","1"
"http://www.snapshotserengeti.org/subjects/standard/5331d9c21bccd304b605314f_0.JPG","ASG0013ncg",1,7,"D03","R3","10 opinions agree upon the species present","bushbuck","1","1"
"http://www.snapshotserengeti.org/subjects/standard/50c210cc8a607540b9009ac6_0.jpg","ASG0000ukm",1,1,"F12","R1","10 opinions agree upon the species present","bushbuck","1","1"
"http://www.snapshotserengeti.org/subjects/standard/50c210cc8a607540b9009ac6_1.jpg","ASG0000ukm",2,1,"F12","R1","10 opinions agree upon the species present","bushbuck","1","1"
"http://www.snapshotserengeti.org/subjects/standard/50c210cc8a607540b9009ac6_2.jpg","ASG0000ukm",3,1,"F12","R1","10 opinions agree upon the species present","bushbuck","1","1"
"http://www.snapshotserengeti.org/subjects/standard/5331deee1bccd304b6075b71_0.JPG","ASG00125eu",1,7,"H03","R2","10 opinions agree upon the species present","bushbuck","1","1"
"http://www.snapshotserengeti.org/subjects/standard/50c214308a607540b90373b6_0.jpg","ASG0004uk6",1,2,"F07","R2","10 opinions agree upon the species present","bushbuck","1","1"
"http://www.snapshotserengeti.org/subjects/standard/50c2185e8a607540b9069697_0.jpg","ASG000995j",1,3,"F07","R12","10 opinions agree upon the species present","bushbuck","1","1"
"http://www.snapshotserengeti.org/subjects/standard/51a36742e18f49172b1335f6_0.jpg","ASG000ratt",1,5,"M03","R3","10 opinions agree upon the species present","bushbuck","1","1"
"http://www.snapshotserengeti.org/subjects/standard/5331d9be1bccd304b6052fbd_0.JPG","ASG0013nil",1,7,"D03","R2","10 opinions agree upon the species present","bushbuck","1","1"
"http://www.snapshotserengeti.org/subjects/standard/51a2ec27e18f49172b048bf4_0.jpg","ASG000ntu9",1,5,"D04","R2","10 opinions agree upon the species present","bushbuck","1","1"
"http://www.snapshotserengeti.org/subjects/standard/5331dee71bccd304b60758a5_0.JPG","ASG0012673",1,7,"H03","R1","10 opinions agree upon the species present","bushbuck","1","1"
"http://www.snapshotserengeti.org/subjects/standard/50dc845da2fc8e3789036aa1_0.jpg","ASG000bw07",1,4,"H03","R1","10 opinions agree upon the species present","bushbuck","1","1"
"http://www.snapshotserengeti.org/subjects/standard/50dc845da2fc8e3789036aa1_1.jpg","ASG000bw07",2,4,"H03","R1","10 opinions agree upon the species present","bushbuck","1","1"
"http://www.snapshotserengeti.org/subjects/standard/50dc845da2fc8e3789036aa1_2.jpg","ASG000bw07",3,4,"H03","R1","10 opinions agree upon the species present","bushbuck","1","1"
"http://www.snapshotserengeti.org/subjects/standard/51a32bc9e18f49172b0c26c4_0.jpg","ASG000pnc8",1,5,"H03","R1","10 opinions agree upon the species present","bushbuck","1","1"
"http://www.snapshotserengeti.org/subjects/standard/51a32bc9e18f49172b0c26c4_1.jpg","ASG000pnc8",2,5,"H03","R1","10 opinions agree upon the species present","bushbuck","1","1"
"http://www.snapshotserengeti.org/subjects/standard/51a32bc9e18f49172b0c26c4_2.jpg","ASG000pnc8",3,5,"H03","R1","10 opinions agree upon the species present","bushbuck","1","1"
"http://www.snapshotserengeti.org/subjects/standard/51a32bcae18f49172b0c26cb_0.jpg","ASG000pnc9",1,5,"H03","R1","10 opinions agree upon the species present","bushbuck","1","1"
"http://www.snapshotserengeti.org/subjects/standard/51a32bcae18f49172b0c26cb_1.jpg","ASG000pnc9",2,5,"H03","R1","10 opinions agree upon the species present","bushbuck","1","1"
"http://www.snapshotserengeti.org/subjects/standard/51a32bcae18f49172b0c26cb_2.jpg","ASG000pnc9",3,5,"H03","R1","10 opinions agree upon the species present","bushbuck","1","1"
"http://www.snapshotserengeti.org/subjects/standard/51a32bcae18f49172b0c26d2_0.jpg","ASG000pnca",1,5,"H03","R1","10 opinions agree upon the species present","bushbuck","1","1"
"http://www.snapshotserengeti.org/subjects/standard/51a32bcae18f49172b0c26d2_1.jpg","ASG000pnca",2,5,"H03","R1","10 opinions agree upon the species present","bushbuck","1","1"
"http://www.snapshotserengeti.org/subjects/standard/51a32bcae18f49172b0c26d2_2.jpg","ASG000pnca",3,5,"H03","R1","10 opinions agree upon the species present","bushbuck","1","1"
"http://www.snapshotserengeti.org/subjects/standard/51e8b342e0053a09c3020530_0.jpg","ASG000yfsu",1,6,"C13","R2","10 opinions agree upon the species present","bushbuck","1","1"
"http://www.snapshotserengeti.org/subjects/standard/50dc849ba2fc8e3789037c57_0.jpg","ASG000bwfg",1,4,"H03","R2","Most common opinion from 25 opinions","bushbuck","1","1"
"http://www.snapshotserengeti.org/subjects/standard/50dc849ba2fc8e3789037c57_1.jpg","ASG000bwfg",2,4,"H03","R2","Most common opinion from 25 opinions","bushbuck","1","1"
"http://www.snapshotserengeti.org/subjects/standard/50dc849ba2fc8e3789037c57_2.jpg","ASG000bwfg",3,4,"H03","R2","Most common opinion from 25 opinions","bushbuck","1","1"
"http://www.snapshotserengeti.org/subjects/standard/50dc849ba2fc8e3789037c68_0.jpg","ASG000bwfj",1,4,"H03","R2","10 opinions agree upon the species present","bushbuck","1","1"
"http://www.snapshotserengeti.org/subjects/standard/50c2132b8a607540b902a31e_0.jpg","ASG0003pcu",1,2,"C05","R3","10 opinions agree upon the species present","bushbuck","1","1"
"http://www.snapshotserengeti.org/subjects/standard/50dc84b4a2fc8e3789038d6a_0.jpg","ASG000bx0d",1,4,"F01","R1","10 opinions agree upon the species present","bushbuck","1","2"
"http://www.snapshotserengeti.org/subjects/standard/50dc84b4a2fc8e3789038d6a_1.jpg","ASG000bx0d",2,4,"F01","R1","10 opinions agree upon the species present","bushbuck","1","2"
"http://www.snapshotserengeti.org/subjects/standard/50dc84b4a2fc8e3789038d6a_2.jpg","ASG000bx0d",3,4,"F01","R1","10 opinions agree upon the species present","bushbuck","1","2"
"http://www.snapshotserengeti.org/subjects/standard/50c213b68a607540b90310b5_0.jpg","ASG0004b05",1,2,"E01","R3","10 opinions agree upon the species present","bushbuck","1","1"
"http://www.snapshotserengeti.org/subjects/standard/50dcb699a2fc8e37890e7b72_0.jpg","ASG000efqq",1,4,"F07","R2","10 opinions agree upon the species present","bushbuck","1","1"
"http://www.snapshotserengeti.org/subjects/standard/50dcb699a2fc8e37890e7b72_1.jpg","ASG000efqq",2,4,"F07","R2","10 opinions agree upon the species present","bushbuck","1","1"
"http://www.snapshotserengeti.org/subjects/standard/50dcb699a2fc8e37890e7b72_2.jpg","ASG000efqq",3,4,"F07","R2","10 opinions agree upon the species present","bushbuck","1","1"
"http://www.snapshotserengeti.org/subjects/standard/50dcb699a2fc8e37890e7b90_0.jpg","ASG000efqv",1,4,"F07","R2","10 opinions agree upon the species present","bushbuck","1","1"
