"url","Subject ID","Frame","Season","Site","Roll","Decision Type","Crowd Determination","Number of Species Present","Number of Animals Present"
"http://zooniverse-static.s3.amazonaws.com/www.snapshotserengeti.org/subjects/standard/56a6d4bf41479b00420a12f5_0.JPG","ASG001nnee",1,9,"F04","3","","cattle","1","4"
"http://zooniverse-static.s3.amazonaws.com/www.snapshotserengeti.org/subjects/standard/56a6972d41479b00420604eb_0.JPG","ASG001gosp",1,9,"D07","3","","cattle","1","1"
"http://zooniverse-static.s3.amazonaws.com/www.snapshotserengeti.org/subjects/standard/56a642c641479b0042007fa9_0.JPG","ASG001itz0",1,9,"C04","1","","cattle","1","1"
"http://zooniverse-static.s3.amazonaws.com/www.snapshotserengeti.org/subjects/standard/56a63d2041479b0042001def_0.JPG","ASG001kr51",1,9,"G07","3","","cattle","1","1"
"http://zooniverse-static.s3.amazonaws.com/www.snapshotserengeti.org/subjects/standard/56a69b8541479b0042064fcf_0.JPG","ASG001lmvq",1,9,"J13","1","","cattle","1","2"
"http://zooniverse-static.s3.amazonaws.com/www.snapshotserengeti.org/subjects/standard/56a653fb41479b00420196cb_0.JPG","ASG001kboc",1,9,"Q05","3","","cattle","1","1"
"http://zooniverse-static.s3.amazonaws.com/www.snapshotserengeti.org/subjects/standard/54cfd02687ee0404d5044b9b_0.JPG","ASG00192pe",1,8,"G12","R1","10 opinions agree upon the species present","cattle","1","1"
"http://zooniverse-static.s3.amazonaws.com/www.snapshotserengeti.org/subjects/standard/54cfce4887ee0404d5035eb7_0.JPG","ASG0019h1f",1,8,"F07","R1","10 opinions agree upon the species present","cattle","1","2"
"http://zooniverse-static.s3.amazonaws.com/www.snapshotserengeti.org/subjects/standard/56a69b8441479b0042064f39_0.JPG","ASG001lmz1",1,9,"Q09","1","","cattle","1","1"
"http://zooniverse-static.s3.amazonaws.com/www.snapshotserengeti.org/subjects/standard/56a6674241479b004202d5f1_0.JPG","ASG001jg62",1,9,"I01","2","","cattle","1","5"
"http://zooniverse-static.s3.amazonaws.com/www.snapshotserengeti.org/subjects/standard/56a6b98841479b004208486f_0.JPG","ASG001me4k",1,9,"H13","1","","cattle","1","3"
"http://zooniverse-static.s3.amazonaws.com/www.snapshotserengeti.org/subjects/standard/56a6b30441479b004207dd77_0.JPG","ASG001m3k0",1,9,"E03","2","","cattle","1","1"
