"url","Subject ID","Frame","Season","Site","Roll","Decision Type","Crowd Determination","Number of Species Present","Number of Animals Present"
"http://zooniverse-static.s3.amazonaws.com/www.snapshotserengeti.org/subjects/standard/54cfcb1687ee0404d501d319_0.JPG","ASG0018knb",1,8,"E01","R1","10 opinions agree upon the species present","duiker","1","1"
"http://zooniverse-static.s3.amazonaws.com/www.snapshotserengeti.org/subjects/standard/54cfdd2487ee0404d50ab509_0.JPG","ASG0019f3o",1,8,"T08","R3","Most common opinion from 25 opinions","duiker","1","1"
"http://zooniverse-static.s3.amazonaws.com/www.snapshotserengeti.org/subjects/standard/56a6a6d841479b0042070e8d_0.JPG","ASG001l41l",1,9,"J09","1","","duiker","1","1"
"http://zooniverse-static.s3.amazonaws.com/www.snapshotserengeti.org/subjects/standard/54cfdd0c87ee0404d50aa965_0.JPG","ASG0019ewv",1,8,"T08","R2","Most common opinion from 25 opinions","duiker","1","1"
"http://zooniverse-static.s3.amazonaws.com/www.snapshotserengeti.org/subjects/standard/56a68fcd41479b0042058641_0.JPG","ASG001h6gz",1,9,"I08","3","","duiker","1","1"
"http://zooniverse-static.s3.amazonaws.com/www.snapshotserengeti.org/subjects/standard/54cfc82387ee0404d5006283_0.JPG","ASG0018q9o",1,8,"B12","R2","10 opinions agree upon the species present","duiker","1","1"
"http://zooniverse-static.s3.amazonaws.com/www.snapshotserengeti.org/subjects/standard/54cfc82387ee0404d5006291_0.JPG","ASG0018q9b",1,8,"B12","R2","Most common opinion from 25 opinions","duiker","1","1"
"http://zooniverse-static.s3.amazonaws.com/www.snapshotserengeti.org/subjects/standard/54cfda4587ee0404d50949c5_0.JPG","ASG0018wzc",1,8,"P03","R3","Most common opinion from 25 opinions","duiker","1","1"
"http://zooniverse-static.s3.amazonaws.com/www.snapshotserengeti.org/subjects/standard/54cfc82387ee0404d50062a1_0.JPG","ASG001e05e",1,8,"B12","R2","10 opinions agree upon the species present","duiker","1","1"
"http://zooniverse-static.s3.amazonaws.com/www.snapshotserengeti.org/subjects/standard/54cfc98187ee0404d5010cdf_0.JPG","ASG0018mjy",1,8,"C11","R2","Most common opinion from 25 opinions","duiker","1","2"
"http://zooniverse-static.s3.amazonaws.com/www.snapshotserengeti.org/subjects/standard/5582df1dc4af4e0042006937_0.JPG","ASG001gag0",1,0,"M03","R1","10 opinions agree upon the species present","duiker","1","1"
"http://zooniverse-static.s3.amazonaws.com/www.snapshotserengeti.org/subjects/standard/54cfd0c987ee0404d5049b95_0.JPG","ASG00193c2",1,8,"H04","R2","Most common opinion from 25 opinions","duiker","1","2"
"http://zooniverse-static.s3.amazonaws.com/www.snapshotserengeti.org/subjects/standard/54cfc81d87ee0404d5005f81_0.JPG","ASG0018qa2",1,8,"B12","R1","10 opinions agree upon the species present","duiker","1","1"
"http://zooniverse-static.s3.amazonaws.com/www.snapshotserengeti.org/subjects/standard/5582de8cc4af4e0042002ac9_0.JPG","ASG001ghak",1,0,"K10","R2","10 opinions agree upon the species present","duiker","1","1"
"http://zooniverse-static.s3.amazonaws.com/www.snapshotserengeti.org/subjects/standard/5582df1dc4af4e0042006939_0.JPG","ASG001gagl",1,0,"M03","R1","10 opinions agree upon the species present","duiker","1","1"
"http://zooniverse-static.s3.amazonaws.com/www.snapshotserengeti.org/subjects/standard/54cfc82387ee0404d500627f_0.JPG","ASG0018q9r",1,8,"B12","R2","10 opinions agree upon the species present","duiker","1","1"
"http://zooniverse-static.s3.amazonaws.com/www.snapshotserengeti.org/subjects/standard/54cfc82387ee0404d5006295_0.JPG","ASG0018q9u",1,8,"B12","R2","10 opinions agree upon the species present","duiker","1","1"
"http://zooniverse-static.s3.amazonaws.com/www.snapshotserengeti.org/subjects/standard/56a6e4b741479b00420b1b97_0.JPG","ASG001odhm",1,9,"E03","1","","duiker","1","1"
"http://zooniverse-static.s3.amazonaws.com/www.snapshotserengeti.org/subjects/standard/56a648a941479b004200de33_0.JPG","ASG001ijwb",1,9,"I12","1","","duiker","1","1"
"http://zooniverse-static.s3.amazonaws.com/www.snapshotserengeti.org/subjects/standard/54cfc9c987ee0404d5013209_0.JPG","ASG0018m3j",1,8,"D03","R2","Most common opinion from 25 opinions","duiker","1","1"
"http://zooniverse-static.s3.amazonaws.com/www.snapshotserengeti.org/subjects/standard/56a655c741479b004201b4d9_0.JPG","ASG001k8oy",1,9,"R12","4","","duiker","1","1"
"http://zooniverse-static.s3.amazonaws.com/www.snapshotserengeti.org/subjects/standard/56a67d9c41479b0042045307_0.JPG","ASG001i9bf",1,9,"E02","2","","duiker","1","2"
"http://zooniverse-static.s3.amazonaws.com/www.snapshotserengeti.org/subjects/standard/56a666b541479b004202ccf5_0.JPG","ASG001jh0n",1,9,"H02","1","","duiker","1","3"
"http://zooniverse-static.s3.amazonaws.com/www.snapshotserengeti.org/subjects/standard/54cfc82387ee0404d5006281_0.JPG","ASG0018q9x",1,8,"B12","R2","10 opinions agree upon the species present","duiker","1","1"
"http://zooniverse-static.s3.amazonaws.com/www.snapshotserengeti.org/subjects/standard/56a6e6d241479b00420b3d91_0.JPG","ASG001ogu8",1,9,"F07","1","","duiker","1","1"
"http://zooniverse-static.s3.amazonaws.com/www.snapshotserengeti.org/subjects/standard/56a6415a41479b00420066bb_0.JPG","ASG001kt64",1,9,"E02","1","","duiker","1","1"
"http://zooniverse-static.s3.amazonaws.com/www.snapshotserengeti.org/subjects/standard/56a6e47141479b00420b1613_0.JPG","ASG001ocwz",1,9,"L11","2","","duiker","1","1"
"http://zooniverse-static.s3.amazonaws.com/www.snapshotserengeti.org/subjects/standard/54cfd55c87ee0404d506e273_0.JPG","ASG0019cdi",1,8,"L04","R1","Most common opinion from 25 opinions","duiker","1","1"
"http://zooniverse-static.s3.amazonaws.com/www.snapshotserengeti.org/subjects/standard/54cfd85887ee0404d508600d_0.JPG","ASG0018tv6",1,8,"N05","R3","Most common opinion from 25 opinions","duiker","1","1"
"http://zooniverse-static.s3.amazonaws.com/www.snapshotserengeti.org/subjects/standard/54cfdc0887ee0404d50a2943_0.JPG","ASG0019cqr",1,8,"R05","R2","10 opinions agree upon the species present","duiker","1","1"
"http://zooniverse-static.s3.amazonaws.com/www.snapshotserengeti.org/subjects/standard/56a640a241479b00420059b9_0.JPG","ASG001krjm",1,9,"E03","1","","duiker","1","1"
"http://zooniverse-static.s3.amazonaws.com/www.snapshotserengeti.org/subjects/standard/54cfdc0987ee0404d50a29c3_0.JPG","ASG0019cr5",1,8,"R05","R3","Most common opinion from 25 opinions","duiker","1","1"
"http://zooniverse-static.s3.amazonaws.com/www.snapshotserengeti.org/subjects/standard/54cfcb2c87ee0404d501dcbf_0.JPG","ASG00190py",1,8,"E02","R2","Most common opinion from 25 opinions","duiker","1","1"
"http://zooniverse-static.s3.amazonaws.com/www.snapshotserengeti.org/subjects/standard/54cfd6d587ee0404d5079e61_0.JPG","ASG0018ovm",1,8,"M03","R2","Most common opinion from 25 opinions","duiker","1","1"
"http://zooniverse-static.s3.amazonaws.com/www.snapshotserengeti.org/subjects/standard/54cfc82387ee0404d5006299_0.JPG","ASG0018q99",1,8,"B12","R2","10 opinions agree upon the species present","duiker","1","1"
"http://zooniverse-static.s3.amazonaws.com/www.snapshotserengeti.org/subjects/standard/56a64c3c41479b004201161f_0.JPG","ASG001koe4",1,9,"I12","3","","duiker","1","1"
"http://zooniverse-static.s3.amazonaws.com/www.snapshotserengeti.org/subjects/standard/5582df19c4af4e004200675f_0.JPG","ASG001ga8r",1,0,"M03","R1","10 opinions agree upon the species present","duiker","1","1"
"http://zooniverse-static.s3.amazonaws.com/www.snapshotserengeti.org/subjects/standard/5582df19c4af4e0042006769_0.JPG","ASG001ga8t",1,0,"M03","R1","10 opinions agree upon the species present","duiker","1","1"
"http://zooniverse-static.s3.amazonaws.com/www.snapshotserengeti.org/subjects/standard/5582df19c4af4e00420067b5_0.JPG","ASG001ga9x",1,0,"M03","R1","10 opinions agree upon the species present","duiker","1","1"
"http://zooniverse-static.s3.amazonaws.com/www.snapshotserengeti.org/subjects/standard/54cfdc0a87ee0404d50a29f1_0.JPG","ASG0019crd",1,8,"R05","R3","Most common opinion from 25 opinions","duiker","1","1"
"http://zooniverse-static.s3.amazonaws.com/www.snapshotserengeti.org/subjects/standard/54cfdc0a87ee0404d50a2a51_0.JPG","ASG0019cre",1,8,"R05","R3","10 opinions agree upon the species present","duiker","1","1"
"http://zooniverse-static.s3.amazonaws.com/www.snapshotserengeti.org/subjects/standard/54cfc77e87ee0404d5000e09_0.JPG","ASG0018r0g",1,8,"B04","R3","Most common opinion from 25 opinions","duiker","1","1"
"http://zooniverse-static.s3.amazonaws.com/www.snapshotserengeti.org/subjects/standard/56a6a67741479b00420707bf_0.JPG","ASG001l4q1",1,9,"P06","3","","duiker","1","3"
"http://zooniverse-static.s3.amazonaws.com/www.snapshotserengeti.org/subjects/standard/54cfcb1287ee0404d501d141_0.JPG","ASG0018kot",1,8,"E01","R1","Most common opinion from 25 opinions","duiker","1","1"
"http://zooniverse-static.s3.amazonaws.com/www.snapshotserengeti.org/subjects/standard/5582dea2c4af4e0042003431_0.JPG","ASG001ggea",1,0,"L13","R1","10 opinions agree upon the species present","duiker","1","1"
"http://zooniverse-static.s3.amazonaws.com/www.snapshotserengeti.org/subjects/standard/54cfd08e87ee0404d5047ea5_0.JPG","ASG001938w",1,8,"H03","R2","10 opinions agree upon the species present","duiker","1","1"
"http://zooniverse-static.s3.amazonaws.com/www.snapshotserengeti.org/subjects/standard/56a6472341479b004200c659_0.JPG","ASG001h0jl",1,9,"D08","3","","duiker","1","1"
"http://zooniverse-static.s3.amazonaws.com/www.snapshotserengeti.org/subjects/standard/54cfd29587ee0404d50580d7_0.JPG","ASG00196iy",1,8,"I08","R2","Most common opinion from 25 opinions","duiker","1","1"
"http://zooniverse-static.s3.amazonaws.com/www.snapshotserengeti.org/subjects/standard/5582deedc4af4e00420054a1_0.JPG","ASG001g8en",1,0,"I09","R1","10 opinions agree upon the species present","duiker","1","1"
"http://zooniverse-static.s3.amazonaws.com/www.snapshotserengeti.org/subjects/standard/54cfd0af87ee0404d5048f13_0.JPG","ASG001blb2",1,8,"H03","R3","Most common opinion from 25 opinions","duiker","1","1"
"http://zooniverse-static.s3.amazonaws.com/www.snapshotserengeti.org/subjects/standard/5582dee7c4af4e00420051b9_0.JPG","ASG001g848",1,0,"H11","R1","10 opinions agree upon the species present","duiker","1","1"
"http://zooniverse-static.s3.amazonaws.com/www.snapshotserengeti.org/subjects/standard/54cfd1f387ee0404d505311b_0.JPG","ASG00195bw",1,8,"I01","R3","Most common opinion from 25 opinions","duiker","1","1"
