"url","Subject ID","Frame","Season","Site","Roll","Decision Type","Crowd Determination","Number of Species Present","Number of Animals Present"
"http://zooniverse-static.s3.amazonaws.com/www.snapshotserengeti.org/subjects/standard/54cfcb3287ee0404d501df37_0.JPG","ASG00190su",1,8,"E02","R2","10 opinions agree upon the species present","genet","1","1"
"http://zooniverse-static.s3.amazonaws.com/www.snapshotserengeti.org/subjects/standard/54cfcb3087ee0404d501deab_0.JPG","ASG00190rk",1,8,"E02","R2","10 opinions agree upon the species present","genet","1","1"
"http://www.snapshotserengeti.org/subjects/standard/50c219538a607540b9074a19_0.jpg","ASG000a8m1",1,3,"J11","R12","Most common opinion from 25 opinions","genet","1","1"
"http://zooniverse-static.s3.amazonaws.com/www.snapshotserengeti.org/subjects/standard/54cfcb2d87ee0404d501dd09_0.JPG","ASG00190vg",1,8,"E02","R2","10 opinions agree upon the species present","genet","1","1"
"http://zooniverse-static.s3.amazonaws.com/www.snapshotserengeti.org/subjects/standard/56a68cdb41479b0042055655_0.JPG","ASG001hb5z",1,9,"N10","2","","genet","1","1"
"http://zooniverse-static.s3.amazonaws.com/www.snapshotserengeti.org/subjects/standard/54cfda4c87ee0404d5094d59_0.JPG","ASG0018wht",1,8,"P04","R1","Most common opinion from 25 opinions","genet","1","1"
"http://www.snapshotserengeti.org/subjects/standard/50c211178a607540b900d994_0.jpg","ASG00016z8",1,1,"I02","R1","10 opinions agree upon the species present","genet","1","1"
"http://www.snapshotserengeti.org/subjects/standard/50c211178a607540b900d994_1.jpg","ASG00016z8",2,1,"I02","R1","10 opinions agree upon the species present","genet","1","1"
"http://www.snapshotserengeti.org/subjects/standard/50c211178a607540b900d994_2.jpg","ASG00016z8",3,1,"I02","R1","10 opinions agree upon the species present","genet","1","1"
"http://zooniverse-static.s3.amazonaws.com/www.snapshotserengeti.org/subjects/standard/54cfcdd487ee0404d50325bb_0.JPG","ASG0019h7p",1,8,"F03","R2","10 opinions agree upon the species present","genet","1","1"
"http://www.snapshotserengeti.org/subjects/standard/50c210298a607540b9001174_0.jpg","ASG00003g4",1,1,"H01","R1","10 opinions agree upon the species present","genet","1","1"
"http://www.snapshotserengeti.org/subjects/standard/50c210298a607540b9001174_1.jpg","ASG00003g4",2,1,"H01","R1","10 opinions agree upon the species present","genet","1","1"
"http://www.snapshotserengeti.org/subjects/standard/50c210298a607540b9001174_2.jpg","ASG00003g4",3,1,"H01","R1","10 opinions agree upon the species present","genet","1","1"
"http://zooniverse-static.s3.amazonaws.com/www.snapshotserengeti.org/subjects/standard/54cfdcb787ee0404d50a7feb_0.JPG","ASG0019ect",1,8,"S08","R2","10 opinions agree upon the species present","genet","1","1"
"http://zooniverse-static.s3.amazonaws.com/www.snapshotserengeti.org/subjects/standard/56a6d39141479b004209ff81_0.JPG","ASG001nlf7",1,9,"E02","2","","genet","1","1"
"http://www.snapshotserengeti.org/subjects/standard/50c213b98a607540b90313f5_0.jpg","ASG0004bn9",1,2,"E02","R3","10 opinions agree upon the species present","genet","1","1"
"http://www.snapshotserengeti.org/subjects/standard/50c213b98a607540b90313f5_1.jpg","ASG0004bn9",2,2,"E02","R3","10 opinions agree upon the species present","genet","1","1"
"http://www.snapshotserengeti.org/subjects/standard/50c213b98a607540b90313f5_2.jpg","ASG0004bn9",3,2,"E02","R3","10 opinions agree upon the species present","genet","1","1"
"http://zooniverse-static.s3.amazonaws.com/www.snapshotserengeti.org/subjects/standard/56a66f6f41479b0042035f85_0.JPG","ASG001j2jj",1,9,"K10","1","","genet","1","1"
"http://www.snapshotserengeti.org/subjects/standard/50c210508a607540b900351c_0.jpg","ASG0000aho",1,1,"N10","R1","10 opinions agree upon the species present","genet","1","1"
"http://www.snapshotserengeti.org/subjects/standard/50c210508a607540b900351c_1.jpg","ASG0000aho",2,1,"N10","R1","10 opinions agree upon the species present","genet","1","1"
"http://www.snapshotserengeti.org/subjects/standard/50c210508a607540b900351c_2.jpg","ASG0000aho",3,1,"N10","R1","10 opinions agree upon the species present","genet","1","1"
"http://www.snapshotserengeti.org/subjects/standard/50c212258a607540b901bb14_0.jpg","ASG0002fis",1,1,"B06","R4","10 opinions agree upon the species present","genet","1","1"
"http://www.snapshotserengeti.org/subjects/standard/50c212258a607540b901bb14_1.jpg","ASG0002fis",2,1,"B06","R4","10 opinions agree upon the species present","genet","1","1"
"http://www.snapshotserengeti.org/subjects/standard/50c212258a607540b901bb14_2.jpg","ASG0002fis",3,1,"B06","R4","10 opinions agree upon the species present","genet","1","1"
"http://www.snapshotserengeti.org/subjects/standard/50c212258a607540b901bb09_0.jpg","ASG0002fih",1,1,"B06","R4","10 opinions agree upon the species present","genet","1","1"
"http://www.snapshotserengeti.org/subjects/standard/50c212258a607540b901bb09_1.jpg","ASG0002fih",2,1,"B06","R4","10 opinions agree upon the species present","genet","1","1"
"http://www.snapshotserengeti.org/subjects/standard/50c212258a607540b901bb09_2.jpg","ASG0002fih",3,1,"B06","R4","10 opinions agree upon the species present","genet","1","1"
"http://zooniverse-static.s3.amazonaws.com/www.snapshotserengeti.org/subjects/standard/54cfcb2e87ee0404d501dd6f_0.JPG","ASG00190u9",1,8,"E02","R2","10 opinions agree upon the species present","genet","1","1"
"http://www.snapshotserengeti.org/subjects/standard/50c213858a607540b902ed53_0.jpg","ASG000440j",1,2,"D04","R1","10 opinions agree upon the species present","genet","1","1"
"http://www.snapshotserengeti.org/subjects/standard/50c213858a607540b902ed53_1.jpg","ASG000440j",2,2,"D04","R1","10 opinions agree upon the species present","genet","1","1"
"http://www.snapshotserengeti.org/subjects/standard/50c213858a607540b902ed53_2.jpg","ASG000440j",3,2,"D04","R1","10 opinions agree upon the species present","genet","1","1"
"http://zooniverse-static.s3.amazonaws.com/www.snapshotserengeti.org/subjects/standard/56a6678241479b004202da49_0.JPG","ASG001jfp0",1,9,"J09","1","","genet","1","1"
"http://www.snapshotserengeti.org/subjects/standard/50c216598a607540b9051009_0.jpg","ASG0007409",1,2,"U13","R3","Most common opinion from 25 opinions","genet","1","2"
"http://www.snapshotserengeti.org/subjects/standard/50c216598a607540b9051009_1.jpg","ASG0007409",2,2,"U13","R3","Most common opinion from 25 opinions","genet","1","2"
"http://www.snapshotserengeti.org/subjects/standard/50c216598a607540b9051009_2.jpg","ASG0007409",3,2,"U13","R3","Most common opinion from 25 opinions","genet","1","2"
"http://www.snapshotserengeti.org/subjects/standard/5331d3301bccd304b6027be9_0.JPG","ASG0015jt1",1,7,"M09","R2","Most common opinion from 25 opinions","genet","1","1"
"http://www.snapshotserengeti.org/subjects/standard/50c219a88a607540b90787dc_0.jpg","ASG000akt8",1,3,"L10","R12","10 opinions agree upon the species present","genet","1","1"
"http://www.snapshotserengeti.org/subjects/standard/50c213bf8a607540b903193d_0.jpg","ASG0004cot",1,2,"E02","R2","10 opinions agree upon the species present","genet","1","1"
"http://www.snapshotserengeti.org/subjects/standard/50c213bf8a607540b903193d_1.jpg","ASG0004cot",2,2,"E02","R2","10 opinions agree upon the species present","genet","1","1"
"http://www.snapshotserengeti.org/subjects/standard/50c213bf8a607540b903193d_2.jpg","ASG0004cot",3,2,"E02","R2","10 opinions agree upon the species present","genet","1","1"
"http://www.snapshotserengeti.org/subjects/standard/5331d10c1bccd304b601a8a7_0.JPG","ASG001659p",1,7,"L10","R3","10 opinions agree upon the species present","genet","1","1"
"http://www.snapshotserengeti.org/subjects/standard/50c211238a607540b900e333_0.jpg","ASG00018vn",1,1,"I03","R1","10 opinions agree upon the species present","genet","1","1"
"http://www.snapshotserengeti.org/subjects/standard/50c211238a607540b900e333_1.jpg","ASG00018vn",2,1,"I03","R1","10 opinions agree upon the species present","genet","1","1"
"http://www.snapshotserengeti.org/subjects/standard/50c211238a607540b900e333_2.jpg","ASG00018vn",3,1,"I03","R1","10 opinions agree upon the species present","genet","1","1"
"http://www.snapshotserengeti.org/subjects/standard/50c213c08a607540b90319b4_0.jpg","ASG0004cs4",1,2,"E02","R2","10 opinions agree upon the species present","genet","1","1"
"http://www.snapshotserengeti.org/subjects/standard/50c213c08a607540b90319b4_1.jpg","ASG0004cs4",2,2,"E02","R2","10 opinions agree upon the species present","genet","1","1"
"http://www.snapshotserengeti.org/subjects/standard/50c213c08a607540b90319b4_2.jpg","ASG0004cs4",3,2,"E02","R2","10 opinions agree upon the species present","genet","1","1"
"http://www.snapshotserengeti.org/subjects/standard/50c217888a607540b905e8f2_0.jpg","ASG0008auq",1,3,"I13","R11","Most common opinion from 25 opinions","genet","1","1"
"http://www.snapshotserengeti.org/subjects/standard/50c213ba8a607540b903155d_0.jpg","ASG0004bx9",1,2,"E02","R3","10 opinions agree upon the species present","genet","1","1"
"http://www.snapshotserengeti.org/subjects/standard/50c213ba8a607540b903155d_1.jpg","ASG0004bx9",2,2,"E02","R3","10 opinions agree upon the species present","genet","1","1"
"http://www.snapshotserengeti.org/subjects/standard/50c213ba8a607540b903155d_2.jpg","ASG0004bx9",3,2,"E02","R3","10 opinions agree upon the species present","genet","1","1"
"http://zooniverse-static.s3.amazonaws.com/www.snapshotserengeti.org/subjects/standard/54cfdaff87ee0404d509a65d_0.JPG","ASG0018xjj",1,8,"Q04","R2","10 opinions agree upon the species present","genet","1","1"
"http://www.snapshotserengeti.org/subjects/standard/50c214ec8a607540b9040c8b_0.jpg","ASG0005oqz",1,2,"H09","R2","Most common opinion from 25 opinions","genet","1","1"
"http://www.snapshotserengeti.org/subjects/standard/50c214ec8a607540b9040c8b_1.jpg","ASG0005oqz",2,2,"H09","R2","Most common opinion from 25 opinions","genet","1","1"
"http://www.snapshotserengeti.org/subjects/standard/50c214ec8a607540b9040c8b_2.jpg","ASG0005oqz",3,2,"H09","R2","Most common opinion from 25 opinions","genet","1","1"
"http://zooniverse-static.s3.amazonaws.com/www.snapshotserengeti.org/subjects/standard/56a63d8241479b0042002447_0.JPG","ASG001i18i",1,9,"F03","3","","genet","1","1"
"http://www.snapshotserengeti.org/subjects/standard/50c215a08a607540b9048b05_0.jpg","ASG0006dqd",1,2,"P13","R1","10 opinions agree upon the species present","genet","1","1"
"http://www.snapshotserengeti.org/subjects/standard/50c215a08a607540b9048b05_1.jpg","ASG0006dqd",2,2,"P13","R1","10 opinions agree upon the species present","genet","1","1"
"http://www.snapshotserengeti.org/subjects/standard/50c215a08a607540b9048b05_2.jpg","ASG0006dqd",3,2,"P13","R1","10 opinions agree upon the species present","genet","1","1"
"http://zooniverse-static.s3.amazonaws.com/www.snapshotserengeti.org/subjects/standard/54cfcb2e87ee0404d501ddc1_0.JPG","ASG00190s5",1,8,"E02","R2","10 opinions agree upon the species present","genet","1","1"
"http://www.snapshotserengeti.org/subjects/standard/5331cdaa1bccd304b6004d93_0.JPG","ASG00173ha",1,7,"B08","R2","Most common opinion from 25 opinions","genet","1","1"
"http://www.snapshotserengeti.org/subjects/standard/51e8b711e0053a09c30275cd_0.jpg","ASG000yjdr",1,6,"D06","R2","Most common opinion from 25 opinions","genet","1","1"
"http://www.snapshotserengeti.org/subjects/standard/50c2133c8a607540b902b0b3_0.jpg","ASG0003s1f",1,2,"C07","R1","10 opinions agree upon the species present","genet","1","1"
"http://www.snapshotserengeti.org/subjects/standard/50c2133c8a607540b902b0b3_1.jpg","ASG0003s1f",2,2,"C07","R1","10 opinions agree upon the species present","genet","1","1"
"http://www.snapshotserengeti.org/subjects/standard/50c2133c8a607540b902b0b3_2.jpg","ASG0003s1f",3,2,"C07","R1","10 opinions agree upon the species present","genet","1","1"
"http://www.snapshotserengeti.org/subjects/standard/50c211158a607540b900d7b6_0.jpg","ASG00016ly",1,1,"H11","R1","10 opinions agree upon the species present","genet","1","1"
"http://www.snapshotserengeti.org/subjects/standard/50c211158a607540b900d7b6_1.jpg","ASG00016ly",2,1,"H11","R1","10 opinions agree upon the species present","genet","1","1"
"http://www.snapshotserengeti.org/subjects/standard/50c211158a607540b900d7b6_2.jpg","ASG00016ly",3,1,"H11","R1","10 opinions agree upon the species present","genet","1","1"
"http://www.snapshotserengeti.org/subjects/standard/51a30175e18f49172b0717ad_0.jpg","ASG000ofkd",1,5,"E01","R3","Most common opinion from 25 opinions","genet","1","1"
"http://www.snapshotserengeti.org/subjects/standard/50c217ba8a607540b9061550_0.jpg","ASG0008jm8",1,3,"L11","R11","Most common opinion from 25 opinions","genet","1","3"
"http://zooniverse-static.s3.amazonaws.com/www.snapshotserengeti.org/subjects/standard/56a6b0fe41479b004207bb25_0.JPG","ASG001m04w",1,9,"D08","3","","genet","1","1"
"http://www.snapshotserengeti.org/subjects/standard/51a325a8e18f49172b0b6acf_0.jpg","ASG000pgf2",1,5,"G12","R3","Most common opinion from 25 opinions","genet","1","1"
