"url","Subject ID","Frame","Season","Site","Roll","Decision Type","Crowd Determination","Number of Species Present","Number of Animals Present"
"http://zooniverse-static.s3.amazonaws.com/www.snapshotserengeti.org/subjects/standard/56a68e2841479b0042056cfd_0.JPG","ASG001h8yg",1,9,"O07","4","","honeybadger","1","1"
"http://zooniverse-static.s3.amazonaws.com/www.snapshotserengeti.org/subjects/standard/56a69c2d41479b0042065a4b_0.JPG","ASG001llup",1,9,"K09","1","","honeybadger","1","1"
"http://www.snapshotserengeti.org/subjects/standard/50c211b18a607540b9015af1_0.jpg","ASG0001wj5",1,1,"N04","R1","Most common opinion from 25 opinions","honeybadger","1","1"
"http://www.snapshotserengeti.org/subjects/standard/50c211b18a607540b9015af1_1.jpg","ASG0001wj5",2,1,"N04","R1","Most common opinion from 25 opinions","honeybadger","1","1"
"http://www.snapshotserengeti.org/subjects/standard/50c211b18a607540b9015af1_2.jpg","ASG0001wj5",3,1,"N04","R1","Most common opinion from 25 opinions","honeybadger","1","1"
"http://zooniverse-static.s3.amazonaws.com/www.snapshotserengeti.org/subjects/standard/54cfd3ad87ee0404d5060d85_0.JPG","ASG001an8f",1,8,"J13","R1","10 opinions agree upon the species present","honeybadger","1","1"
"http://www.snapshotserengeti.org/subjects/standard/51e90a48e0053a09c30c0fcf_0.jpg","ASG0010r5o",1,6,"N13","R2","Most common opinion from 25 opinions","honeybadger","1","1"
"http://www.snapshotserengeti.org/subjects/standard/50c210708a607540b9004ed6_0.jpg","ASG0000fkm",1,1,"Q12","R1","Most common opinion from 25 opinions","honeybadger","1","1"
"http://www.snapshotserengeti.org/subjects/standard/50c210708a607540b9004ed6_1.jpg","ASG0000fkm",2,1,"Q12","R1","Most common opinion from 25 opinions","honeybadger","1","1"
"http://www.snapshotserengeti.org/subjects/standard/50c210708a607540b9004ed6_2.jpg","ASG0000fkm",3,1,"Q12","R1","Most common opinion from 25 opinions","honeybadger","1","1"
"http://www.snapshotserengeti.org/subjects/standard/5331d38d1bccd304b6029f71_0.JPG","ASG0015ga1",1,7,"M10","R2","10 opinions agree upon the species present","honeybadger","1","1"
"http://www.snapshotserengeti.org/subjects/standard/5331d95c1bccd304b6050687_0.JPG","ASG0013rim",1,7,"C11","R3","10 opinions agree upon the species present","honeybadger","1","1"
"http://zooniverse-static.s3.amazonaws.com/www.snapshotserengeti.org/subjects/standard/54cfcdd487ee0404d50325cb_0.JPG","ASG0019h75",1,8,"F03","R2","10 opinions agree upon the species present","honeybadger","1","1"
"http://www.snapshotserengeti.org/subjects/standard/5331d7fc1bccd304b6047145_0.JPG","ASG00146bh",1,7,"O11","R2","10 opinions agree upon the species present","honeybadger","1","1"
"http://zooniverse-static.s3.amazonaws.com/www.snapshotserengeti.org/subjects/standard/56a68fe641479b004205881d_0.JPG","ASG001h695",1,9,"B06","2","","honeybadger","1","1"
"http://zooniverse-static.s3.amazonaws.com/www.snapshotserengeti.org/subjects/standard/54cfdbbd87ee0404d50a03e3_0.JPG","ASG00193ka",1,8,"Q09","R3","Most common opinion from 25 opinions","honeybadger","1","1"
"http://www.snapshotserengeti.org/subjects/standard/51e92b2ae0053a09c30fb2d2_0.jpg","ASG0011kgs",1,6,"T09","R2","10 opinions agree upon the species present","honeybadger","1","2"
"http://www.snapshotserengeti.org/subjects/standard/51e92b2ae0053a09c30fb2d2_1.jpg","ASG0011kgs",2,6,"T09","R2","10 opinions agree upon the species present","honeybadger","1","2"
"http://www.snapshotserengeti.org/subjects/standard/51e92b2ae0053a09c30fb2d2_2.jpg","ASG0011kgs",3,6,"T09","R2","10 opinions agree upon the species present","honeybadger","1","2"
"http://zooniverse-static.s3.amazonaws.com/www.snapshotserengeti.org/subjects/standard/54cfdd8187ee0404d50ae327_0.JPG","ASG0019fne",1,8,"U10","R3","Most common opinion from 25 opinions","honeybadger","1","1"
"http://www.snapshotserengeti.org/subjects/standard/51e90999e0053a09c30bfb9f_0.jpg","ASG0010qjq",1,6,"N13","R2","Most common opinion from 25 opinions","honeybadger","1","1"
"http://www.snapshotserengeti.org/subjects/standard/5331dd771bccd304b606bdcd_0.JPG","ASG0012l25",1,7,"S13","R1","10 opinions agree upon the species present","honeybadger","1","1"
"http://www.snapshotserengeti.org/subjects/standard/5331dd771bccd304b606bdcd_1.JPG","ASG0012l25",2,7,"S13","R1","10 opinions agree upon the species present","honeybadger","1","1"
"http://www.snapshotserengeti.org/subjects/standard/5331dd771bccd304b606bdcd_2.JPG","ASG0012l25",3,7,"S13","R1","10 opinions agree upon the species present","honeybadger","1","1"
"http://www.snapshotserengeti.org/subjects/standard/51a3993fe18f49172b192931_0.jpg","ASG000smx2",1,5,"P10","R1","10 opinions agree upon the species present","honeybadger","1","2"
"http://zooniverse-static.s3.amazonaws.com/www.snapshotserengeti.org/subjects/standard/56a6b39c41479b004207e633_0.JPG","ASG001m4f8",1,9,"F11","1","","honeybadger","1","1"
"http://zooniverse-static.s3.amazonaws.com/www.snapshotserengeti.org/subjects/standard/56a6b52741479b004207fef9_0.JPG","ASG001m6un",1,9,"N06","3","","honeybadger","1","1"
"http://www.snapshotserengeti.org/subjects/standard/50c215a68a607540b9048e7d_0.jpg","ASG0006ef1",1,2,"P10","R2","10 opinions agree upon the species present","honeybadger","1","1"
"http://zooniverse-static.s3.amazonaws.com/www.snapshotserengeti.org/subjects/standard/54cfd4a487ee0404d5068833_0.JPG","ASG0019ijq",1,8,"K11","R2","10 opinions agree upon the species present","honeybadger","1","2"
"http://www.snapshotserengeti.org/subjects/standard/50c212bf8a607540b9024f69_0.jpg","ASG00038tl",1,1,"T13","R1","Most common opinion from 25 opinions","honeybadger","1","1"
"http://www.snapshotserengeti.org/subjects/standard/50c212bf8a607540b9024f69_1.jpg","ASG00038tl",2,1,"T13","R1","Most common opinion from 25 opinions","honeybadger","1","1"
"http://www.snapshotserengeti.org/subjects/standard/50c212bf8a607540b9024f69_2.jpg","ASG00038tl",3,1,"T13","R1","Most common opinion from 25 opinions","honeybadger","1","1"
"http://www.snapshotserengeti.org/subjects/standard/50c211b18a607540b9015b38_0.jpg","ASG0001wl4",1,1,"N04","R1","10 opinions agree upon the species present","honeybadger","1","1"
"http://www.snapshotserengeti.org/subjects/standard/50c211b18a607540b9015b38_1.jpg","ASG0001wl4",2,1,"N04","R1","10 opinions agree upon the species present","honeybadger","1","1"
"http://www.snapshotserengeti.org/subjects/standard/50c211b18a607540b9015b38_2.jpg","ASG0001wl4",3,1,"N04","R1","10 opinions agree upon the species present","honeybadger","1","1"
"http://www.snapshotserengeti.org/subjects/standard/50c219708a607540b9075e2a_0.jpg","ASG000ackq",1,3,"K07","R12","10 opinions agree upon the species present","honeybadger","1","1"
"http://www.snapshotserengeti.org/subjects/standard/50c219708a607540b9075e2a_1.jpg","ASG000ackq",2,3,"K07","R12","10 opinions agree upon the species present","honeybadger","1","1"
"http://www.snapshotserengeti.org/subjects/standard/50c219708a607540b9075e2a_2.jpg","ASG000ackq",3,3,"K07","R12","10 opinions agree upon the species present","honeybadger","1","1"
"http://www.snapshotserengeti.org/subjects/standard/50c219a88a607540b90787da_0.jpg","ASG000akt6",1,3,"L10","R12","10 opinions agree upon the species present","honeybadger","1","1"
"http://www.snapshotserengeti.org/subjects/standard/50c219a88a607540b90787da_1.jpg","ASG000akt6",2,3,"L10","R12","10 opinions agree upon the species present","honeybadger","1","1"
"http://www.snapshotserengeti.org/subjects/standard/50c219a88a607540b90787da_2.jpg","ASG000akt6",3,3,"L10","R12","10 opinions agree upon the species present","honeybadger","1","1"
"http://www.snapshotserengeti.org/subjects/standard/50c212c28a607540b902516f_0.jpg","ASG000397z",1,1,"T13","R1","10 opinions agree upon the species present","honeybadger","1","1"
"http://www.snapshotserengeti.org/subjects/standard/50c212c28a607540b902516f_1.jpg","ASG000397z",2,1,"T13","R1","10 opinions agree upon the species present","honeybadger","1","1"
"http://www.snapshotserengeti.org/subjects/standard/50c212c28a607540b902516f_2.jpg","ASG000397z",3,1,"T13","R1","10 opinions agree upon the species present","honeybadger","1","1"
"http://zooniverse-static.s3.amazonaws.com/www.snapshotserengeti.org/subjects/standard/54cfd47e87ee0404d50674e3_0.JPG","ASG0019ks8",1,8,"K09","R3","Most common opinion from 25 opinions","honeybadger","1","1"
"http://www.snapshotserengeti.org/subjects/standard/51e8b6c6e0053a09c3026d25_0.jpg","ASG000yj3f",1,6,"D05","R2","Most common opinion from 25 opinions","honeybadger","1","1"
"http://www.snapshotserengeti.org/subjects/standard/50c214758a607540b903aad4_0.jpg","ASG00055g4",1,2,"G04","R2","Most common opinion from 25 opinions","honeybadger","1","1"
"http://www.snapshotserengeti.org/subjects/standard/50c212638a607540b901f4c1_0.jpg","ASG0002qwx",1,1,"C04","R4","Most common opinion from 25 opinions","honeybadger","1","1"
"http://www.snapshotserengeti.org/subjects/standard/50c212638a607540b901f4c1_1.jpg","ASG0002qwx",2,1,"C04","R4","Most common opinion from 25 opinions","honeybadger","1","1"
"http://www.snapshotserengeti.org/subjects/standard/50c212638a607540b901f4c1_2.jpg","ASG0002qwx",3,1,"C04","R4","Most common opinion from 25 opinions","honeybadger","1","1"
"http://www.snapshotserengeti.org/subjects/standard/50c210418a607540b90026a0_0.jpg","ASG00007mo",1,1,"H06","R3","10 opinions agree upon the species present","honeybadger","1","1"
"http://www.snapshotserengeti.org/subjects/standard/50c210418a607540b90026a0_1.jpg","ASG00007mo",2,1,"H06","R3","10 opinions agree upon the species present","honeybadger","1","1"
"http://www.snapshotserengeti.org/subjects/standard/50c210418a607540b90026a0_2.jpg","ASG00007mo",3,1,"H06","R3","10 opinions agree upon the species present","honeybadger","1","1"
"http://www.snapshotserengeti.org/subjects/standard/50c210418a607540b900269f_0.jpg","ASG00007mn",1,1,"H06","R3","10 opinions agree upon the species present","honeybadger","1","1"
"http://www.snapshotserengeti.org/subjects/standard/50c210418a607540b900269f_1.jpg","ASG00007mn",2,1,"H06","R3","10 opinions agree upon the species present","honeybadger","1","1"
"http://www.snapshotserengeti.org/subjects/standard/50c210418a607540b900269f_2.jpg","ASG00007mn",3,1,"H06","R3","10 opinions agree upon the species present","honeybadger","1","1"
"http://www.snapshotserengeti.org/subjects/standard/50c212318a607540b901c563_0.jpg","ASG0002hk3",1,1,"E06","R4","Most common opinion from 25 opinions","honeybadger","1","1"
"http://www.snapshotserengeti.org/subjects/standard/50c212318a607540b901c563_1.jpg","ASG0002hk3",2,1,"E06","R4","Most common opinion from 25 opinions","honeybadger","1","1"
"http://www.snapshotserengeti.org/subjects/standard/50c212318a607540b901c563_2.jpg","ASG0002hk3",3,1,"E06","R4","Most common opinion from 25 opinions","honeybadger","1","1"
"http://www.snapshotserengeti.org/subjects/standard/50c215158a607540b9042995_0.jpg","ASG0005uhh",1,2,"I09","R2","10 opinions agree upon the species present","honeybadger","1","1"
"http://www.snapshotserengeti.org/subjects/standard/50c215158a607540b9042995_1.jpg","ASG0005uhh",2,2,"I09","R2","10 opinions agree upon the species present","honeybadger","1","1"
"http://www.snapshotserengeti.org/subjects/standard/50c215158a607540b9042995_2.jpg","ASG0005uhh",3,2,"I09","R2","10 opinions agree upon the species present","honeybadger","1","1"
"http://www.snapshotserengeti.org/subjects/standard/50c2113c8a607540b900f86c_0.jpg","ASG0001d2k",1,1,"I13","R1","10 opinions agree upon the species present","honeybadger","1","2"
"http://www.snapshotserengeti.org/subjects/standard/50c2113c8a607540b900f86c_1.jpg","ASG0001d2k",2,1,"I13","R1","10 opinions agree upon the species present","honeybadger","1","2"
"http://www.snapshotserengeti.org/subjects/standard/50c2113c8a607540b900f86c_2.jpg","ASG0001d2k",3,1,"I13","R1","10 opinions agree upon the species present","honeybadger","1","2"
"http://www.snapshotserengeti.org/subjects/standard/50c215d18a607540b904ae99_0.jpg","ASG0006krd",1,2,"Q11","R1","10 opinions agree upon the species present","honeybadger","1","1"
"http://www.snapshotserengeti.org/subjects/standard/50c215d18a607540b904ae99_1.jpg","ASG0006krd",2,2,"Q11","R1","10 opinions agree upon the species present","honeybadger","1","1"
"http://www.snapshotserengeti.org/subjects/standard/50c215d18a607540b904ae99_2.jpg","ASG0006krd",3,2,"Q11","R1","10 opinions agree upon the species present","honeybadger","1","1"
"http://zooniverse-static.s3.amazonaws.com/www.snapshotserengeti.org/subjects/standard/54cfdcad87ee0404d50a7af1_0.JPG","ASG0019eal",1,8,"R12","R2","Most common opinion from 25 opinions","honeybadger","1","1"
"http://www.snapshotserengeti.org/subjects/standard/50c216068a607540b904d447_0.jpg","ASG0006s7b",1,2,"S11","R2","10 opinions agree upon the species present","honeybadger","1","2"
"http://www.snapshotserengeti.org/subjects/standard/50c216068a607540b904d447_1.jpg","ASG0006s7b",2,2,"S11","R2","10 opinions agree upon the species present","honeybadger","1","2"
"http://www.snapshotserengeti.org/subjects/standard/50c216068a607540b904d447_2.jpg","ASG0006s7b",3,2,"S11","R2","10 opinions agree upon the species present","honeybadger","1","2"
"http://zooniverse-static.s3.amazonaws.com/www.snapshotserengeti.org/subjects/standard/5582df0bc4af4e0042006155_0.JPG","ASG001g9mr",1,0,"L09","R1","10 opinions agree upon the species present","honeybadger","1","1"
"http://www.snapshotserengeti.org/subjects/standard/51a38b2ce18f49172b177c5d_0.jpg","ASG000s8vx",1,5,"O07","R3","10 opinions agree upon the species present","honeybadger","1","1"
"http://www.snapshotserengeti.org/subjects/standard/5331dacd1bccd304b605a015_0.JPG","ASG0013cd6",1,7,"F10","R2","10 opinions agree upon the species present","honeybadger","1","1"
"http://zooniverse-static.s3.amazonaws.com/www.snapshotserengeti.org/subjects/standard/54cfd7d287ee0404d5081d81_0.JPG","ASG0018thy",1,8,"M10","R1","10 opinions agree upon the species present","honeybadger","1","2"
"http://zooniverse-static.s3.amazonaws.com/www.snapshotserengeti.org/subjects/standard/54cfd47087ee0404d5066e49_0.JPG","ASG0019lwy",1,8,"K09","R2","10 opinions agree upon the species present","honeybadger","1","1"
"http://www.snapshotserengeti.org/subjects/standard/50c219548a607540b9074ad0_0.jpg","ASG000a8r4",1,3,"J12","R12","10 opinions agree upon the species present","honeybadger","1","1"
"http://www.snapshotserengeti.org/subjects/standard/50c215238a607540b9043302_0.jpg","ASG0005wci",1,2,"I10","R3","10 opinions agree upon the species present","honeybadger","1","1"
"http://www.snapshotserengeti.org/subjects/standard/51a31e57e18f49172b0a8bdd_0.jpg","ASG000p94y",1,5,"G03","R1","Most common opinion from 25 opinions","honeybadger","1","1"
"http://www.snapshotserengeti.org/subjects/standard/50c215a28a607540b9048bf5_0.jpg","ASG0006dx1",1,2,"P11","R1","10 opinions agree upon the species present","honeybadger","1","1"
"http://www.snapshotserengeti.org/subjects/standard/50c215a28a607540b9048bf5_1.jpg","ASG0006dx1",2,2,"P11","R1","10 opinions agree upon the species present","honeybadger","1","1"
"http://www.snapshotserengeti.org/subjects/standard/50c215a28a607540b9048bf5_2.jpg","ASG0006dx1",3,2,"P11","R1","10 opinions agree upon the species present","honeybadger","1","1"
"http://zooniverse-static.s3.amazonaws.com/www.snapshotserengeti.org/subjects/standard/54cfcf4a87ee0404d503ded3_0.JPG","ASG00191x8",1,8,"G05","R2","Most common opinion from 25 opinions","honeybadger","1","1"
"http://zooniverse-static.s3.amazonaws.com/www.snapshotserengeti.org/subjects/standard/56a6907c41479b004205913b_0.JPG","ASG001h01f",1,9,"B06","2","","honeybadger","1","1"
"http://www.snapshotserengeti.org/subjects/standard/51e932aae0053a09c3109151_0.jpg","ASG0011rxb",1,6,"U13","R1","10 opinions agree upon the species present","honeybadger","1","2"
"http://www.snapshotserengeti.org/subjects/standard/51e932aae0053a09c3109151_1.jpg","ASG0011rxb",2,6,"U13","R1","10 opinions agree upon the species present","honeybadger","1","2"
"http://www.snapshotserengeti.org/subjects/standard/51e932aae0053a09c3109151_2.jpg","ASG0011rxb",3,6,"U13","R1","10 opinions agree upon the species present","honeybadger","1","2"
"http://www.snapshotserengeti.org/subjects/standard/5331d3761bccd304b60296b7_0.JPG","ASG0015h7j",1,7,"M10","R1","Most common opinion from 25 opinions","honeybadger","1","1"
"http://www.snapshotserengeti.org/subjects/standard/50c211b08a607540b90159d7_0.jpg","ASG0001wbb",1,1,"N04","R1","10 opinions agree upon the species present","honeybadger","1","1"
"http://www.snapshotserengeti.org/subjects/standard/50c211b08a607540b90159d7_1.jpg","ASG0001wbb",2,1,"N04","R1","10 opinions agree upon the species present","honeybadger","1","1"
"http://www.snapshotserengeti.org/subjects/standard/50c211b08a607540b90159d7_2.jpg","ASG0001wbb",3,1,"N04","R1","10 opinions agree upon the species present","honeybadger","1","1"
"http://www.snapshotserengeti.org/subjects/standard/51a3b21ee18f49172b1c1cdf_0.jpg","ASG000taig",1,5,"S08","R1","10 opinions agree upon the species present","honeybadger","1","2"
"http://www.snapshotserengeti.org/subjects/standard/51a3b21ee18f49172b1c1cdf_1.jpg","ASG000taig",2,5,"S08","R1","10 opinions agree upon the species present","honeybadger","1","2"
"http://www.snapshotserengeti.org/subjects/standard/51a3b21ee18f49172b1c1cdf_2.jpg","ASG000taig",3,5,"S08","R1","10 opinions agree upon the species present","honeybadger","1","2"
"http://www.snapshotserengeti.org/subjects/standard/50c212198a607540b901b0f1_0.jpg","ASG0002dip",1,1,"G13","R1","10 opinions agree upon the species present","honeybadger","1","1"
"http://www.snapshotserengeti.org/subjects/standard/50c212198a607540b901b0f1_1.jpg","ASG0002dip",2,1,"G13","R1","10 opinions agree upon the species present","honeybadger","1","1"
"http://www.snapshotserengeti.org/subjects/standard/50c212198a607540b901b0f1_2.jpg","ASG0002dip",3,1,"G13","R1","10 opinions agree upon the species present","honeybadger","1","1"
"http://www.snapshotserengeti.org/subjects/standard/50c216df8a607540b90566db_0.jpg","ASG0007l5n",1,2,"L10","R2","10 opinions agree upon the species present","honeybadger","1","1"
"http://www.snapshotserengeti.org/subjects/standard/50c216df8a607540b90566db_1.jpg","ASG0007l5n",2,2,"L10","R2","10 opinions agree upon the species present","honeybadger","1","1"
"http://www.snapshotserengeti.org/subjects/standard/50c216df8a607540b90566db_2.jpg","ASG0007l5n",3,2,"L10","R2","10 opinions agree upon the species present","honeybadger","1","1"
"http://www.snapshotserengeti.org/subjects/standard/5331de7a1bccd304b6072a25_0.JPG","ASG0012ajw",1,7,"G10","R2","10 opinions agree upon the species present","honeybadger","1","1"
