"url","Subject ID","Frame","Season","Site","Roll","Decision Type","Crowd Determination","Number of Species Present","Number of Animals Present"
"http://www.snapshotserengeti.org/subjects/standard/50c216378a607540b904f6b0_0.jpg","ASG0006z00",1,2,"N05","R3","10 opinions agree upon the species present","hyenastriped","1","1"
"http://www.snapshotserengeti.org/subjects/standard/50c216378a607540b904f6b0_1.jpg","ASG0006z00",2,2,"N05","R3","10 opinions agree upon the species present","hyenastriped","1","1"
"http://www.snapshotserengeti.org/subjects/standard/50c216378a607540b904f6b0_2.jpg","ASG0006z00",3,2,"N05","R3","10 opinions agree upon the species present","hyenastriped","1","1"
"http://www.snapshotserengeti.org/subjects/standard/50c2101e8a607540b90007d1_0.jpg","ASG00001jl",1,1,"E06","R1","10 opinions agree upon the species present","hyenastriped","1","1"
"http://zooniverse-static.s3.amazonaws.com/www.snapshotserengeti.org/subjects/standard/56a6928741479b004205b51f_0.JPG","ASG001gwil",1,9,"Q12","2","","hyenastriped","1","1"
"http://www.snapshotserengeti.org/subjects/standard/50c212b88a607540b90248f0_0.jpg","ASG00037jk",1,1,"T12","R1","10 opinions agree upon the species present","hyenastriped","1","1"
"http://www.snapshotserengeti.org/subjects/standard/50c212b88a607540b90248f0_1.jpg","ASG00037jk",2,1,"T12","R1","10 opinions agree upon the species present","hyenastriped","1","1"
"http://www.snapshotserengeti.org/subjects/standard/50c212b88a607540b90248f0_2.jpg","ASG00037jk",3,1,"T12","R1","10 opinions agree upon the species present","hyenastriped","1","1"
"http://www.snapshotserengeti.org/subjects/standard/50dca24ba2fc8e37890b1961_0.jpg","ASG000doeu",1,4,"T12","R2","10 opinions agree upon the species present","hyenastriped","1","1"
"http://www.snapshotserengeti.org/subjects/standard/50c211808a607540b901322a_0.jpg","ASG0001oh6",1,1,"L06","R1","10 opinions agree upon the species present","hyenastriped","1","1"
"http://www.snapshotserengeti.org/subjects/standard/50c211808a607540b901322a_1.jpg","ASG0001oh6",2,1,"L06","R1","10 opinions agree upon the species present","hyenastriped","1","1"
"http://www.snapshotserengeti.org/subjects/standard/50c211808a607540b901322a_2.jpg","ASG0001oh6",3,1,"L06","R1","10 opinions agree upon the species present","hyenastriped","1","1"
"http://www.snapshotserengeti.org/subjects/standard/50c214a38a607540b903d386_0.jpg","ASG0005dhi",1,2,"G11","R1","10 opinions agree upon the species present","hyenastriped","1","1"
"http://www.snapshotserengeti.org/subjects/standard/50c214a38a607540b903d386_1.jpg","ASG0005dhi",2,2,"G11","R1","10 opinions agree upon the species present","hyenastriped","1","1"
"http://www.snapshotserengeti.org/subjects/standard/50c214a38a607540b903d386_2.jpg","ASG0005dhi",3,2,"G11","R1","10 opinions agree upon the species present","hyenastriped","1","1"
"http://www.snapshotserengeti.org/subjects/standard/50c210798a607540b9005667_0.jpg","ASG0000h2f",1,1,"S09","R1","Most common opinion from 25 opinions","hyenastriped","1","1"
"http://www.snapshotserengeti.org/subjects/standard/50c210798a607540b9005667_1.jpg","ASG0000h2f",2,1,"S09","R1","Most common opinion from 25 opinions","hyenastriped","1","1"
"http://www.snapshotserengeti.org/subjects/standard/50c210798a607540b9005667_2.jpg","ASG0000h2f",3,1,"S09","R1","Most common opinion from 25 opinions","hyenastriped","1","1"
"http://www.snapshotserengeti.org/subjects/standard/50c2134c8a607540b902be72_0.jpg","ASG0003ur6",1,2,"H11","R1","10 opinions agree upon the species present","hyenastriped","1","1"
"http://zooniverse-static.s3.amazonaws.com/www.snapshotserengeti.org/subjects/standard/54cfda4087ee0404d5094827_0.JPG","ASG0018wyp",1,8,"P03","R3","10 opinions agree upon the species present","hyenastriped","1","1"
"http://www.snapshotserengeti.org/subjects/standard/50c2106c8a607540b9004b6f_0.jpg","ASG0000ewf",1,1,"P09","R1","Most common opinion from 25 opinions","hyenastriped","1","1"
"http://www.snapshotserengeti.org/subjects/standard/50c2106c8a607540b9004b6f_1.jpg","ASG0000ewf",2,1,"P09","R1","Most common opinion from 25 opinions","hyenastriped","1","1"
"http://www.snapshotserengeti.org/subjects/standard/50c2106c8a607540b9004b6f_2.jpg","ASG0000ewf",3,1,"P09","R1","Most common opinion from 25 opinions","hyenastriped","1","1"
"http://www.snapshotserengeti.org/subjects/standard/50c2164a8a607540b90504e7_0.jpg","ASG00071t3",1,2,"T12","R2","10 opinions agree upon the species present","hyenastriped","1","1"
"http://www.snapshotserengeti.org/subjects/standard/50c2164a8a607540b90504e7_1.jpg","ASG00071t3",2,2,"T12","R2","10 opinions agree upon the species present","hyenastriped","1","1"
"http://www.snapshotserengeti.org/subjects/standard/50c2164a8a607540b90504e7_2.jpg","ASG00071t3",3,2,"T12","R2","10 opinions agree upon the species present","hyenastriped","1","1"
"http://zooniverse-static.s3.amazonaws.com/www.snapshotserengeti.org/subjects/standard/54cfcf4d87ee0404d503e06d_0.JPG","ASG00191yk",1,8,"G05","R2","10 opinions agree upon the species present","hyenastriped","1","1"
"http://www.snapshotserengeti.org/subjects/standard/50c218d28a607540b906ead3_0.jpg","ASG0009psj",1,3,"H04","R11","10 opinions agree upon the species present","hyenastriped","1","1"
"http://www.snapshotserengeti.org/subjects/standard/50c218d28a607540b906ead3_1.jpg","ASG0009psj",2,3,"H04","R11","10 opinions agree upon the species present","hyenastriped","1","1"
"http://www.snapshotserengeti.org/subjects/standard/50c218d28a607540b906ead3_2.jpg","ASG0009psj",3,3,"H04","R11","10 opinions agree upon the species present","hyenastriped","1","1"
"http://www.snapshotserengeti.org/subjects/standard/51a33971e18f49172b0dc409_0.jpg","ASG000q0iy",1,5,"I01","R3","10 opinions agree upon the species present","hyenastriped","1","1"
"http://www.snapshotserengeti.org/subjects/standard/50c214638a607540b9039c5f_0.jpg","ASG00052lb",1,2,"G02","R2","10 opinions agree upon the species present","hyenastriped","1","1"
"http://www.snapshotserengeti.org/subjects/standard/50c214638a607540b9039c5f_1.jpg","ASG00052lb",2,2,"G02","R2","10 opinions agree upon the species present","hyenastriped","1","1"
"http://www.snapshotserengeti.org/subjects/standard/50c214638a607540b9039c5f_2.jpg","ASG00052lb",3,2,"G02","R2","10 opinions agree upon the species present","hyenastriped","1","1"
"http://www.snapshotserengeti.org/subjects/standard/50c2161c8a607540b904e4b6_0.jpg","ASG0006vg6",1,2,"M04","R1","10 opinions agree upon the species present","hyenastriped","1","1"
"http://zooniverse-static.s3.amazonaws.com/www.snapshotserengeti.org/subjects/standard/56a6da1641479b00420a6bd7_0.JPG","ASG001nw67",1,9,"L09","1","","hyenastriped","1","5"
"http://www.snapshotserengeti.org/subjects/standard/50c211728a607540b90125ce_0.jpg","ASG0001m1a",1,1,"L04","R1","10 opinions agree upon the species present","hyenastriped","1","1"
"http://www.snapshotserengeti.org/subjects/standard/50c211728a607540b90125ce_1.jpg","ASG0001m1a",2,1,"L04","R1","10 opinions agree upon the species present","hyenastriped","1","1"
"http://www.snapshotserengeti.org/subjects/standard/50c211728a607540b90125ce_2.jpg","ASG0001m1a",3,1,"L04","R1","10 opinions agree upon the species present","hyenastriped","1","1"
"http://www.snapshotserengeti.org/subjects/standard/50c212728a607540b90201c0_0.jpg","ASG0002thc",1,1,"D02","R1","10 opinions agree upon the species present","hyenastriped","1","1"
"http://www.snapshotserengeti.org/subjects/standard/50c212728a607540b90201c0_1.jpg","ASG0002thc",2,1,"D02","R1","10 opinions agree upon the species present","hyenastriped","1","1"
"http://www.snapshotserengeti.org/subjects/standard/50c212728a607540b90201c0_2.jpg","ASG0002thc",3,1,"D02","R1","10 opinions agree upon the species present","hyenastriped","1","1"
"http://www.snapshotserengeti.org/subjects/standard/50c212728a607540b90201bf_0.jpg","ASG0002thb",1,1,"D02","R1","10 opinions agree upon the species present","hyenastriped","1","1"
"http://www.snapshotserengeti.org/subjects/standard/50c212728a607540b90201bf_1.jpg","ASG0002thb",2,1,"D02","R1","10 opinions agree upon the species present","hyenastriped","1","1"
"http://www.snapshotserengeti.org/subjects/standard/50c212728a607540b90201bf_2.jpg","ASG0002thb",3,1,"D02","R1","10 opinions agree upon the species present","hyenastriped","1","1"
"http://www.snapshotserengeti.org/subjects/standard/50dc8ad6a2fc8e3789048a23_0.jpg","ASG000c4tf",1,4,"B09","R1","Most common opinion from 25 opinions","hyenastriped","1","1"
"http://www.snapshotserengeti.org/subjects/standard/50dc8ad6a2fc8e3789048a23_1.jpg","ASG000c4tf",2,4,"B09","R1","Most common opinion from 25 opinions","hyenastriped","1","1"
"http://www.snapshotserengeti.org/subjects/standard/50dc8ad6a2fc8e3789048a23_2.jpg","ASG000c4tf",3,4,"B09","R1","Most common opinion from 25 opinions","hyenastriped","1","1"
"http://zooniverse-static.s3.amazonaws.com/www.snapshotserengeti.org/subjects/standard/54cfd48087ee0404d5067601_0.JPG","ASG0019kpv",1,8,"K09","R3","10 opinions agree upon the species present","hyenastriped","1","1"
"http://www.snapshotserengeti.org/subjects/standard/51a311c4e18f49172b090b08_0.jpg","ASG000ovt7",1,5,"E12","R3","10 opinions agree upon the species present","hyenastriped","1","1"
"http://zooniverse-static.s3.amazonaws.com/www.snapshotserengeti.org/subjects/standard/54cfcbca87ee0404d50223ad_0.JPG","ASG0018jmu",1,8,"E06","R3","10 opinions agree upon the species present","hyenastriped","1","1"
"http://www.snapshotserengeti.org/subjects/standard/50c210268a607540b9000f5a_0.jpg","ASG0000316",1,1,"H01","R1","10 opinions agree upon the species present","hyenastriped","1","1"
"http://www.snapshotserengeti.org/subjects/standard/50c210268a607540b9000f5a_1.jpg","ASG0000316",2,1,"H01","R1","10 opinions agree upon the species present","hyenastriped","1","1"
"http://www.snapshotserengeti.org/subjects/standard/50c210268a607540b9000f5a_2.jpg","ASG0000316",3,1,"H01","R1","10 opinions agree upon the species present","hyenastriped","1","1"
"http://www.snapshotserengeti.org/subjects/standard/5331d8d41bccd304b604cdbb_0.JPG","ASG0013x73",1,7,"C07","R3","10 opinions agree upon the species present","hyenastriped","1","1"
"http://www.snapshotserengeti.org/subjects/standard/51e8e77ee0053a09c3080981_0.jpg","ASG000zteq",1,6,"J03","R1","10 opinions agree upon the species present","hyenastriped","1","1"
"http://www.snapshotserengeti.org/subjects/standard/50c214278a607540b9036cac_0.jpg","ASG0004t64",1,2,"F05","R2","10 opinions agree upon the species present","hyenastriped","1","1"
"http://www.snapshotserengeti.org/subjects/standard/50c214278a607540b9036cac_1.jpg","ASG0004t64",2,2,"F05","R2","10 opinions agree upon the species present","hyenastriped","1","1"
"http://www.snapshotserengeti.org/subjects/standard/50c214278a607540b9036cac_2.jpg","ASG0004t64",3,2,"F05","R2","10 opinions agree upon the species present","hyenastriped","1","1"
"http://zooniverse-static.s3.amazonaws.com/www.snapshotserengeti.org/subjects/standard/54cfcdd487ee0404d50325db_0.JPG","ASG0019h70",1,8,"F03","R2","10 opinions agree upon the species present","hyenastriped","1","1"
"http://www.snapshotserengeti.org/subjects/standard/50c212318a607540b901c537_0.jpg","ASG0002hiv",1,1,"E05","R4","10 opinions agree upon the species present","hyenastriped","1","1"
"http://www.snapshotserengeti.org/subjects/standard/50c212318a607540b901c537_1.jpg","ASG0002hiv",2,1,"E05","R4","10 opinions agree upon the species present","hyenastriped","1","1"
"http://www.snapshotserengeti.org/subjects/standard/50c212318a607540b901c537_2.jpg","ASG0002hiv",3,1,"E05","R4","10 opinions agree upon the species present","hyenastriped","1","1"
"http://www.snapshotserengeti.org/subjects/standard/50c2145c8a607540b903982f_0.jpg","ASG00051rj",1,2,"G02","R1","10 opinions agree upon the species present","hyenastriped","1","1"
"http://www.snapshotserengeti.org/subjects/standard/50c2145c8a607540b903982f_1.jpg","ASG00051rj",2,2,"G02","R1","10 opinions agree upon the species present","hyenastriped","1","1"
"http://www.snapshotserengeti.org/subjects/standard/50c2145c8a607540b903982f_2.jpg","ASG00051rj",3,2,"G02","R1","10 opinions agree upon the species present","hyenastriped","1","1"
"http://www.snapshotserengeti.org/subjects/standard/51a31625e18f49172b099118_0.jpg","ASG000p0cq",1,5,"F03","R2","Most common opinion from 25 opinions","hyenastriped","1","1"
"http://zooniverse-static.s3.amazonaws.com/www.snapshotserengeti.org/subjects/standard/54cfcbac87ee0404d5021675_0.JPG","ASG0018jr6",1,8,"E06","R2","10 opinions agree upon the species present","hyenastriped","1","1"
"http://www.snapshotserengeti.org/subjects/standard/50c211198a607540b900db17_0.jpg","ASG000179z",1,1,"I02","R1","10 opinions agree upon the species present","hyenastriped","1","1"
"http://www.snapshotserengeti.org/subjects/standard/50c211198a607540b900db17_1.jpg","ASG000179z",2,1,"I02","R1","10 opinions agree upon the species present","hyenastriped","1","1"
"http://www.snapshotserengeti.org/subjects/standard/50c211198a607540b900db17_2.jpg","ASG000179z",3,1,"I02","R1","10 opinions agree upon the species present","hyenastriped","1","1"
"http://www.snapshotserengeti.org/subjects/standard/50c216838a607540b9052b89_0.jpg","ASG00079ft",1,2,"K03","R1","10 opinions agree upon the species present","hyenastriped","1","1"
"http://zooniverse-static.s3.amazonaws.com/www.snapshotserengeti.org/subjects/standard/54cfc98087ee0404d5010c97_0.JPG","ASG0018miu",1,8,"C11","R2","10 opinions agree upon the species present","hyenastriped","1","1"
"http://zooniverse-static.s3.amazonaws.com/www.snapshotserengeti.org/subjects/standard/54cfd93687ee0404d508ccb9_0.JPG","ASG0018v28",1,8,"O03","R3","Most common opinion from 25 opinions","hyenastriped","1","1"
"http://www.snapshotserengeti.org/subjects/standard/51a33134e18f49172b0ccc43_0.jpg","ASG000pskf",1,5,"H06","R3","10 opinions agree upon the species present","hyenastriped","1","1"
"http://www.snapshotserengeti.org/subjects/standard/51a33134e18f49172b0ccc43_1.jpg","ASG000pskf",2,5,"H06","R3","10 opinions agree upon the species present","hyenastriped","1","1"
"http://www.snapshotserengeti.org/subjects/standard/51a33134e18f49172b0ccc43_2.jpg","ASG000pskf",3,5,"H06","R3","10 opinions agree upon the species present","hyenastriped","1","1"
"http://www.snapshotserengeti.org/subjects/standard/50c216aa8a607540b90547ba_0.jpg","ASG0007f0a",1,2,"K13","R1","10 opinions agree upon the species present","hyenastriped","1","1"
"http://www.snapshotserengeti.org/subjects/standard/50c216aa8a607540b90547ba_1.jpg","ASG0007f0a",2,2,"K13","R1","10 opinions agree upon the species present","hyenastriped","1","1"
"http://www.snapshotserengeti.org/subjects/standard/50c216aa8a607540b90547ba_2.jpg","ASG0007f0a",3,2,"K13","R1","10 opinions agree upon the species present","hyenastriped","1","1"
"http://www.snapshotserengeti.org/subjects/standard/50c2106f8a607540b9004ea7_0.jpg","ASG0000fjb",1,1,"Q12","R1","10 opinions agree upon the species present","hyenastriped","1","1"
"http://www.snapshotserengeti.org/subjects/standard/50c2106f8a607540b9004ea7_1.jpg","ASG0000fjb",2,1,"Q12","R1","10 opinions agree upon the species present","hyenastriped","1","1"
"http://www.snapshotserengeti.org/subjects/standard/50c2106f8a607540b9004ea7_2.jpg","ASG0000fjb",3,1,"Q12","R1","10 opinions agree upon the species present","hyenastriped","1","1"
"http://zooniverse-static.s3.amazonaws.com/www.snapshotserengeti.org/subjects/standard/56a692c041479b004205b981_0.JPG","ASG001gw20",1,9,"C04","3","","hyenastriped","1","1"
"http://www.snapshotserengeti.org/subjects/standard/51a3c709e18f49172b1e9c47_0.jpg","ASG000tugc",1,5,"U12","R3","10 opinions agree upon the species present","hyenastriped","1","1"
"http://www.snapshotserengeti.org/subjects/standard/50c2159b8a607540b904889b_0.jpg","ASG0006d97",1,2,"O12","R2","10 opinions agree upon the species present","hyenastriped","1","1"
"http://www.snapshotserengeti.org/subjects/standard/50c2159b8a607540b904889b_1.jpg","ASG0006d97",2,2,"O12","R2","10 opinions agree upon the species present","hyenastriped","1","1"
"http://www.snapshotserengeti.org/subjects/standard/50c2159b8a607540b904889b_2.jpg","ASG0006d97",3,2,"O12","R2","10 opinions agree upon the species present","hyenastriped","1","1"
"http://www.snapshotserengeti.org/subjects/standard/51a3c336e18f49172b1e2772_0.jpg","ASG000tqqi",1,5,"U09","R1","10 opinions agree upon the species present","hyenastriped","1","1"
"http://www.snapshotserengeti.org/subjects/standard/5331d0b11bccd304b6018471_0.JPG","ASG00168tq",1,7,"E03","R2","10 opinions agree upon the species present","hyenastriped","1","1"
"http://www.snapshotserengeti.org/subjects/standard/50dca24ca2fc8e37890b1a25_0.jpg","ASG000dofg",1,4,"T12","R2","10 opinions agree upon the species present","hyenastriped","1","1"
"http://zooniverse-static.s3.amazonaws.com/www.snapshotserengeti.org/subjects/standard/54cfd4fa87ee0404d506b259_0.JPG","ASG0019lug",1,8,"K13","R2","10 opinions agree upon the species present","hyenastriped","1","1"
"http://www.snapshotserengeti.org/subjects/standard/50c212f08a607540b9027564_0.jpg","ASG0003gbo",1,2,"B05","R3","10 opinions agree upon the species present","hyenastriped","1","1"
"http://www.snapshotserengeti.org/subjects/standard/50c211fb8a607540b901990a_0.jpg","ASG00028sq",1,1,"R09","R2","Most common opinion from 25 opinions","hyenastriped","1","1"
"http://www.snapshotserengeti.org/subjects/standard/50c211fb8a607540b901990a_1.jpg","ASG00028sq",2,1,"R09","R2","Most common opinion from 25 opinions","hyenastriped","1","1"
"http://www.snapshotserengeti.org/subjects/standard/50c211fb8a607540b901990a_2.jpg","ASG00028sq",3,1,"R09","R2","Most common opinion from 25 opinions","hyenastriped","1","1"
"http://zooniverse-static.s3.amazonaws.com/www.snapshotserengeti.org/subjects/standard/54cfdc8e87ee0404d50a6b33_0.JPG","ASG0019e7v",1,8,"R10","R2","10 opinions agree upon the species present","hyenastriped","1","1"
"http://www.snapshotserengeti.org/subjects/standard/50c2172c8a607540b9059ec1_0.jpg","ASG0007w75",1,3,"B05","R11","10 opinions agree upon the species present","hyenastriped","1","1"
"http://www.snapshotserengeti.org/subjects/standard/50c2172c8a607540b9059ec1_1.jpg","ASG0007w75",2,3,"B05","R11","10 opinions agree upon the species present","hyenastriped","1","1"
"http://www.snapshotserengeti.org/subjects/standard/50c2172c8a607540b9059ec1_2.jpg","ASG0007w75",3,3,"B05","R11","10 opinions agree upon the species present","hyenastriped","1","1"
"http://www.snapshotserengeti.org/subjects/standard/50c212bc8a607540b9024c65_0.jpg","ASG0003885",1,1,"T12","R1","10 opinions agree upon the species present","hyenastriped","1","1"
"http://www.snapshotserengeti.org/subjects/standard/50c212bc8a607540b9024c65_1.jpg","ASG0003885",2,1,"T12","R1","10 opinions agree upon the species present","hyenastriped","1","1"
"http://www.snapshotserengeti.org/subjects/standard/50c212bc8a607540b9024c65_2.jpg","ASG0003885",3,1,"T12","R1","10 opinions agree upon the species present","hyenastriped","1","1"
"http://www.snapshotserengeti.org/subjects/standard/51e92301e0053a09c30ec144_0.jpg","ASG0011cl9",1,6,"R13","R2","10 opinions agree upon the species present","hyenastriped","1","1"
"http://www.snapshotserengeti.org/subjects/standard/5331e1591bccd304b6085049_0.JPG","ASG0017qfi",1,7,"I02","R2","10 opinions agree upon the species present","hyenastriped","1","1"
"http://zooniverse-static.s3.amazonaws.com/www.snapshotserengeti.org/subjects/standard/54cfc97987ee0404d50108b9_0.JPG","ASG0018mmv",1,8,"C11","R2","10 opinions agree upon the species present","hyenastriped","1","1"
"http://zooniverse-static.s3.amazonaws.com/www.snapshotserengeti.org/subjects/standard/56a68ad441479b0042053255_0.JPG","ASG001heqk",1,9,"C01","3","","hyenastriped","1","1"
"http://www.snapshotserengeti.org/subjects/standard/50c215e58a607540b904bc00_0.jpg","ASG0006neo",1,2,"R07","R3","10 opinions agree upon the species present","hyenastriped","1","1"
"http://www.snapshotserengeti.org/subjects/standard/50c215e58a607540b904bc00_1.jpg","ASG0006neo",2,2,"R07","R3","10 opinions agree upon the species present","hyenastriped","1","1"
"http://www.snapshotserengeti.org/subjects/standard/50c215e58a607540b904bc00_2.jpg","ASG0006neo",3,2,"R07","R3","10 opinions agree upon the species present","hyenastriped","1","1"
"http://www.snapshotserengeti.org/subjects/standard/51e916d8e0053a09c30d76c5_0.jpg","ASG00112iy",1,6,"P13","R1","10 opinions agree upon the species present","hyenastriped","1","1"
"http://www.snapshotserengeti.org/subjects/standard/50c212778a607540b902064f_0.jpg","ASG0002udr",1,1,"D03","R7","Most common opinion from 25 opinions","hyenastriped","1","1"
"http://www.snapshotserengeti.org/subjects/standard/50c212778a607540b902064f_1.jpg","ASG0002udr",2,1,"D03","R7","Most common opinion from 25 opinions","hyenastriped","1","1"
"http://www.snapshotserengeti.org/subjects/standard/50c212778a607540b902064f_2.jpg","ASG0002udr",3,1,"D03","R7","Most common opinion from 25 opinions","hyenastriped","1","1"
"http://www.snapshotserengeti.org/subjects/standard/50c216258a607540b904e8f0_0.jpg","ASG0006wa8",1,2,"M04","R2","10 opinions agree upon the species present","hyenastriped","1","1"
"http://www.snapshotserengeti.org/subjects/standard/5331d8d41bccd304b604cd73_0.JPG","ASG0013x6m",1,7,"C07","R3","10 opinions agree upon the species present","hyenastriped","1","1"
"http://zooniverse-static.s3.amazonaws.com/www.snapshotserengeti.org/subjects/standard/54cfd47087ee0404d5066e51_0.JPG","ASG0019lm9",1,8,"K09","R2","10 opinions agree upon the species present","hyenastriped","1","1"
"http://www.snapshotserengeti.org/subjects/standard/50dcd8daa2fc8e3789111092_0.jpg","ASG000f1b9",1,4,"O07","R1","10 opinions agree upon the species present","hyenastriped","1","1"
"http://zooniverse-static.s3.amazonaws.com/www.snapshotserengeti.org/subjects/standard/56a670df41479b0042037901_0.JPG","ASG001j01f",1,9,"E02","2","","hyenastriped","1","1"
"http://zooniverse-static.s3.amazonaws.com/www.snapshotserengeti.org/subjects/standard/54cfc9dc87ee0404d5013b69_0.JPG","ASG001erye",1,8,"D06","R1","Most common opinion from 25 opinions","hyenastriped","1","1"
"http://www.snapshotserengeti.org/subjects/standard/5331d3301bccd304b6027bdf_0.JPG","ASG0015jy6",1,7,"M09","R2","10 opinions agree upon the species present","hyenastriped","1","1"
"http://www.snapshotserengeti.org/subjects/standard/5331d3301bccd304b6027bdf_1.JPG","ASG0015jy6",2,7,"M09","R2","10 opinions agree upon the species present","hyenastriped","1","1"
"http://www.snapshotserengeti.org/subjects/standard/5331d3301bccd304b6027bdf_2.JPG","ASG0015jy6",3,7,"M09","R2","10 opinions agree upon the species present","hyenastriped","1","1"
"http://zooniverse-static.s3.amazonaws.com/www.snapshotserengeti.org/subjects/standard/56a6ab5d41479b0042075cad_0.JPG","ASG001lqto",1,9,"N06","2","","hyenastriped","1","1"
"http://www.snapshotserengeti.org/subjects/standard/50c2108f8a607540b900697a_0.jpg","ASG0000ku2",1,1,"E03","R6","10 opinions agree upon the species present","hyenastriped","1","1"
"http://www.snapshotserengeti.org/subjects/standard/50c2108f8a607540b900697a_1.jpg","ASG0000ku2",2,1,"E03","R6","10 opinions agree upon the species present","hyenastriped","1","1"
"http://www.snapshotserengeti.org/subjects/standard/50c2108f8a607540b900697a_2.jpg","ASG0000ku2",3,1,"E03","R6","10 opinions agree upon the species present","hyenastriped","1","1"
"http://www.snapshotserengeti.org/subjects/standard/50c210ff8a607540b900c515_0.jpg","ASG00012xh",1,1,"H06","R4","10 opinions agree upon the species present","hyenastriped","1","1"
"http://www.snapshotserengeti.org/subjects/standard/50c210ff8a607540b900c515_1.jpg","ASG00012xh",2,1,"H06","R4","10 opinions agree upon the species present","hyenastriped","1","1"
"http://www.snapshotserengeti.org/subjects/standard/50c210ff8a607540b900c515_2.jpg","ASG00012xh",3,1,"H06","R4","10 opinions agree upon the species present","hyenastriped","1","1"
"http://www.snapshotserengeti.org/subjects/standard/50c2169d8a607540b9053e1c_0.jpg","ASG0007d3w",1,2,"K07","R4","Most common opinion from 25 opinions","hyenastriped","1","1"
"http://www.snapshotserengeti.org/subjects/standard/51a3bc88e18f49172b1d5ad5_0.jpg","ASG000tkif",1,5,"T12","R3","10 opinions agree upon the species present","hyenastriped","1","1"
"http://www.snapshotserengeti.org/subjects/standard/51a3bc88e18f49172b1d5ad5_1.jpg","ASG000tkif",2,5,"T12","R3","10 opinions agree upon the species present","hyenastriped","1","1"
"http://www.snapshotserengeti.org/subjects/standard/51a3bc88e18f49172b1d5ad5_2.jpg","ASG000tkif",3,5,"T12","R3","10 opinions agree upon the species present","hyenastriped","1","1"
"http://www.snapshotserengeti.org/subjects/standard/50c216418a607540b904fdb3_0.jpg","ASG00070dv",1,2,"N11","R1","10 opinions agree upon the species present","hyenastriped","1","1"
"http://www.snapshotserengeti.org/subjects/standard/50c216418a607540b904fdb3_1.jpg","ASG00070dv",2,2,"N11","R1","10 opinions agree upon the species present","hyenastriped","1","1"
"http://www.snapshotserengeti.org/subjects/standard/50c216418a607540b904fdb3_2.jpg","ASG00070dv",3,2,"N11","R1","10 opinions agree upon the species present","hyenastriped","1","1"
"http://www.snapshotserengeti.org/subjects/standard/5331cd391bccd304b6002013_0.JPG","ASG001782g",1,7,"B06","R2","10 opinions agree upon the species present","hyenastriped","1","1"
"http://zooniverse-static.s3.amazonaws.com/www.snapshotserengeti.org/subjects/standard/54cfd94887ee0404d508d50f_0.JPG","ASG001d3l0",1,8,"O03","R4","10 opinions agree upon the species present","hyenastriped","1","1"
"http://zooniverse-static.s3.amazonaws.com/www.snapshotserengeti.org/subjects/standard/54cfd92c87ee0404d508c7eb_0.JPG","ASG0018v14",1,8,"O03","R3","10 opinions agree upon the species present","hyenastriped","1","1"
"http://zooniverse-static.s3.amazonaws.com/www.snapshotserengeti.org/subjects/standard/56a6934741479b004205c2cf_0.JPG","ASG001gv6o",1,9,"Q13","1","","hyenastriped","1","2"
"http://zooniverse-static.s3.amazonaws.com/www.snapshotserengeti.org/subjects/standard/54cfdc9387ee0404d50a6d81_0.JPG","ASG0019e8r",1,8,"R10","R2","10 opinions agree upon the species present","hyenastriped","1","1"
"http://zooniverse-static.s3.amazonaws.com/www.snapshotserengeti.org/subjects/standard/54cfdc9187ee0404d50a6c81_0.JPG","ASG0019e8m",1,8,"R10","R2","10 opinions agree upon the species present","hyenastriped","1","1"
"http://zooniverse-static.s3.amazonaws.com/www.snapshotserengeti.org/subjects/standard/54cfc8e787ee0404d500c32f_0.JPG","ASG001903o",1,8,"C07","R1","Most common opinion from 25 opinions","hyenastriped","1","1"
"http://www.snapshotserengeti.org/subjects/standard/51a3a439e18f49172b1a78c4_0.jpg","ASG000sxq9",1,5,"Q11","R4","10 opinions agree upon the species present","hyenastriped","1","1"
"http://www.snapshotserengeti.org/subjects/standard/50c213788a607540b902e2df_0.jpg","ASG00041y7",1,2,"D03","R3","10 opinions agree upon the species present","hyenastriped","1","1"
"http://www.snapshotserengeti.org/subjects/standard/50c213788a607540b902e2df_1.jpg","ASG00041y7",2,2,"D03","R3","10 opinions agree upon the species present","hyenastriped","1","1"
"http://www.snapshotserengeti.org/subjects/standard/50c213788a607540b902e2df_2.jpg","ASG00041y7",3,2,"D03","R3","10 opinions agree upon the species present","hyenastriped","1","1"
"http://www.snapshotserengeti.org/subjects/standard/50c216218a607540b904e631_0.jpg","ASG0006vqp",1,2,"M04","R2","10 opinions agree upon the species present","hyenastriped","1","1"
"http://www.snapshotserengeti.org/subjects/standard/50dca247a2fc8e37890b16fe_0.jpg","ASG000doc0",1,4,"T12","R2","10 opinions agree upon the species present","hyenastriped","1","1"
"http://zooniverse-static.s3.amazonaws.com/www.snapshotserengeti.org/subjects/standard/54cfd3a587ee0404d5060963_0.JPG","ASG001amyo",1,8,"J12","R2","Most common opinion from 25 opinions","hyenastriped","1","1"
"http://www.snapshotserengeti.org/subjects/standard/50c211e48a607540b9018601_0.jpg","ASG000251d",1,1,"P07","R1","10 opinions agree upon the species present","hyenastriped","1","1"
"http://www.snapshotserengeti.org/subjects/standard/50c211e48a607540b9018601_1.jpg","ASG000251d",2,1,"P07","R1","10 opinions agree upon the species present","hyenastriped","1","1"
"http://www.snapshotserengeti.org/subjects/standard/50c211e48a607540b9018601_2.jpg","ASG000251d",3,1,"P07","R1","10 opinions agree upon the species present","hyenastriped","1","1"
"http://www.snapshotserengeti.org/subjects/standard/50c2161a8a607540b904e2c5_0.jpg","ASG0006v2d",1,2,"M04","R1","10 opinions agree upon the species present","hyenastriped","1","1"
"http://www.snapshotserengeti.org/subjects/standard/50c211a58a607540b90151c0_0.jpg","ASG0001ups",1,1,"M04","R1","Most common opinion from 25 opinions","hyenastriped","1","1"
"http://www.snapshotserengeti.org/subjects/standard/50c211a58a607540b90151c0_1.jpg","ASG0001ups",2,1,"M04","R1","Most common opinion from 25 opinions","hyenastriped","1","1"
"http://www.snapshotserengeti.org/subjects/standard/50c211a58a607540b90151c0_2.jpg","ASG0001ups",3,1,"M04","R1","Most common opinion from 25 opinions","hyenastriped","1","1"
"http://www.snapshotserengeti.org/subjects/standard/50c213c08a607540b90319c9_0.jpg","ASG0004csp",1,2,"E02","R2","Most common opinion from 25 opinions","hyenastriped","1","1"
"http://www.snapshotserengeti.org/subjects/standard/50c213c08a607540b90319c9_1.jpg","ASG0004csp",2,2,"E02","R2","Most common opinion from 25 opinions","hyenastriped","1","1"
"http://www.snapshotserengeti.org/subjects/standard/50c213c08a607540b90319c9_2.jpg","ASG0004csp",3,2,"E02","R2","Most common opinion from 25 opinions","hyenastriped","1","1"
"http://www.snapshotserengeti.org/subjects/standard/50c216258a607540b904e910_0.jpg","ASG0006wb4",1,2,"M04","R2","10 opinions agree upon the species present","hyenastriped","1","2"
"http://www.snapshotserengeti.org/subjects/standard/50c213518a607540b902c42a_0.jpg","ASG0003vvu",1,2,"H07","R3","10 opinions agree upon the species present","hyenastriped","1","1"
"http://www.snapshotserengeti.org/subjects/standard/50c213518a607540b902c42a_1.jpg","ASG0003vvu",2,2,"H07","R3","10 opinions agree upon the species present","hyenastriped","1","1"
"http://www.snapshotserengeti.org/subjects/standard/50c213518a607540b902c42a_2.jpg","ASG0003vvu",3,2,"H07","R3","10 opinions agree upon the species present","hyenastriped","1","1"
"http://www.snapshotserengeti.org/subjects/standard/50c212d18a607540b9025d8f_0.jpg","ASG0003bm7",1,1,"V10","R1","10 opinions agree upon the species present","hyenastriped","1","1"
"http://www.snapshotserengeti.org/subjects/standard/50c212d18a607540b9025d8f_1.jpg","ASG0003bm7",2,1,"V10","R1","10 opinions agree upon the species present","hyenastriped","1","1"
"http://www.snapshotserengeti.org/subjects/standard/50c212d18a607540b9025d8f_2.jpg","ASG0003bm7",3,1,"V10","R1","10 opinions agree upon the species present","hyenastriped","1","1"
"http://www.snapshotserengeti.org/subjects/standard/51e9092be0053a09c30bee99_0.jpg","ASG0010q5i",1,6,"N13","R2","10 opinions agree upon the species present","hyenastriped","1","1"
"http://www.snapshotserengeti.org/subjects/standard/50c213d68a607540b9032c01_0.jpg","ASG0004ge9",1,2,"E06","R3","10 opinions agree upon the species present","hyenastriped","1","1"
"http://www.snapshotserengeti.org/subjects/standard/50c213d68a607540b9032c01_1.jpg","ASG0004ge9",2,2,"E06","R3","10 opinions agree upon the species present","hyenastriped","1","1"
"http://www.snapshotserengeti.org/subjects/standard/50c213d68a607540b9032c01_2.jpg","ASG0004ge9",3,2,"E06","R3","10 opinions agree upon the species present","hyenastriped","1","1"
"http://www.snapshotserengeti.org/subjects/standard/50c218d48a607540b906ebbb_0.jpg","ASG0009pyz",1,3,"H05","R12","Most common opinion from 25 opinions","hyenastriped","1","1"
"http://www.snapshotserengeti.org/subjects/standard/50c218d48a607540b906ebbb_1.jpg","ASG0009pyz",2,3,"H05","R12","Most common opinion from 25 opinions","hyenastriped","1","1"
"http://www.snapshotserengeti.org/subjects/standard/50c218d48a607540b906ebbb_2.jpg","ASG0009pyz",3,3,"H05","R12","Most common opinion from 25 opinions","hyenastriped","1","1"
"http://www.snapshotserengeti.org/subjects/standard/50c210468a607540b9002c9e_0.jpg","ASG00008ta",1,1,"J04","R2","10 opinions agree upon the species present","hyenastriped","1","1"
"http://www.snapshotserengeti.org/subjects/standard/50c210468a607540b9002c9e_1.jpg","ASG00008ta",2,1,"J04","R2","10 opinions agree upon the species present","hyenastriped","1","1"
"http://www.snapshotserengeti.org/subjects/standard/50c210468a607540b9002c9e_2.jpg","ASG00008ta",3,1,"J04","R2","10 opinions agree upon the species present","hyenastriped","1","1"
"http://zooniverse-static.s3.amazonaws.com/www.snapshotserengeti.org/subjects/standard/54cfcbb387ee0404d502195f_0.JPG","ASG0018jor",1,8,"E06","R2","10 opinions agree upon the species present","hyenastriped","1","1"
"http://www.snapshotserengeti.org/subjects/standard/50c216138a607540b904df10_0.jpg","ASG0006uc0",1,2,"S13","R2","10 opinions agree upon the species present","hyenastriped","1","1"
"http://www.snapshotserengeti.org/subjects/standard/50c216138a607540b904df10_1.jpg","ASG0006uc0",2,2,"S13","R2","10 opinions agree upon the species present","hyenastriped","1","1"
"http://www.snapshotserengeti.org/subjects/standard/50c216138a607540b904df10_2.jpg","ASG0006uc0",3,2,"S13","R2","10 opinions agree upon the species present","hyenastriped","1","1"
"http://www.snapshotserengeti.org/subjects/standard/5331d9e01bccd304b6053dc9_0.JPG","ASG0013m28",1,7,"D04","R2","10 opinions agree upon the species present","hyenastriped","1","1"
"http://www.snapshotserengeti.org/subjects/standard/50c2114b8a607540b90104c7_0.jpg","ASG0001fif",1,1,"K03","R1","10 opinions agree upon the species present","hyenastriped","1","1"
"http://www.snapshotserengeti.org/subjects/standard/50c2114b8a607540b90104c7_1.jpg","ASG0001fif",2,1,"K03","R1","10 opinions agree upon the species present","hyenastriped","1","1"
"http://www.snapshotserengeti.org/subjects/standard/50c2114b8a607540b90104c7_2.jpg","ASG0001fif",3,1,"K03","R1","10 opinions agree upon the species present","hyenastriped","1","1"
"http://www.snapshotserengeti.org/subjects/standard/5331d0af1bccd304b60183c5_0.JPG","ASG00168yd",1,7,"E03","R2","10 opinions agree upon the species present","hyenastriped","1","1"
"http://www.snapshotserengeti.org/subjects/standard/50c215998a607540b90486cb_0.jpg","ASG0006cwb",1,2,"O12","R2","10 opinions agree upon the species present","hyenastriped","1","1"
"http://www.snapshotserengeti.org/subjects/standard/50c215998a607540b90486cb_1.jpg","ASG0006cwb",2,2,"O12","R2","10 opinions agree upon the species present","hyenastriped","1","1"
"http://www.snapshotserengeti.org/subjects/standard/50c215998a607540b90486cb_2.jpg","ASG0006cwb",3,2,"O12","R2","10 opinions agree upon the species present","hyenastriped","1","1"
"http://www.snapshotserengeti.org/subjects/standard/50c216ac8a607540b9054a2f_0.jpg","ASG0007fhr",1,2,"K13","R1","10 opinions agree upon the species present","hyenastriped","1","1"
"http://www.snapshotserengeti.org/subjects/standard/50c216ac8a607540b9054a2f_1.jpg","ASG0007fhr",2,2,"K13","R1","10 opinions agree upon the species present","hyenastriped","1","1"
"http://www.snapshotserengeti.org/subjects/standard/50c216ac8a607540b9054a2f_2.jpg","ASG0007fhr",3,2,"K13","R1","10 opinions agree upon the species present","hyenastriped","1","1"
"http://www.snapshotserengeti.org/subjects/standard/50c218d78a607540b906edf7_0.jpg","ASG0009qev",1,3,"H06","R12","10 opinions agree upon the species present","hyenastriped","1","1"
"http://zooniverse-static.s3.amazonaws.com/www.snapshotserengeti.org/subjects/standard/54cfd7c487ee0404d508166f_0.JPG","ASG001dkq0",1,8,"M08","R3","10 opinions agree upon the species present","hyenastriped","1","1"
"http://zooniverse-static.s3.amazonaws.com/www.snapshotserengeti.org/subjects/standard/5582dedfc4af4e0042004e3d_0.JPG","ASG001gduj",1,0,"G06","R1","10 opinions agree upon the species present","hyenastriped","1","1"
"http://www.snapshotserengeti.org/subjects/standard/50c216788a607540b9052347_0.jpg","ASG00077t3",1,2,"K03","R2","10 opinions agree upon the species present","hyenastriped","1","1"
"http://www.snapshotserengeti.org/subjects/standard/50c216788a607540b9052347_1.jpg","ASG00077t3",2,2,"K03","R2","10 opinions agree upon the species present","hyenastriped","1","1"
"http://www.snapshotserengeti.org/subjects/standard/50c216788a607540b9052347_2.jpg","ASG00077t3",3,2,"K03","R2","10 opinions agree upon the species present","hyenastriped","1","1"
"http://www.snapshotserengeti.org/subjects/standard/5331d0b61bccd304b60186a1_0.JPG","ASG00168ns",1,7,"E03","R3","10 opinions agree upon the species present","hyenastriped","1","1"
"http://www.snapshotserengeti.org/subjects/standard/50c210fe8a607540b900c4a2_0.jpg","ASG00012ua",1,1,"H06","R4","10 opinions agree upon the species present","hyenastriped","1","1"
"http://www.snapshotserengeti.org/subjects/standard/50c210fe8a607540b900c4a2_1.jpg","ASG00012ua",2,1,"H06","R4","10 opinions agree upon the species present","hyenastriped","1","1"
"http://www.snapshotserengeti.org/subjects/standard/50c210fe8a607540b900c4a2_2.jpg","ASG00012ua",3,1,"H06","R4","10 opinions agree upon the species present","hyenastriped","1","1"
"http://www.snapshotserengeti.org/subjects/standard/51a2d647e18f49172b01f0a7_0.jpg","ASG000mwpo",1,5,"C01","R2","Most common opinion from 25 opinions","hyenastriped","1","1"
"http://www.snapshotserengeti.org/subjects/standard/51a2d647e18f49172b01f0a7_1.jpg","ASG000mwpo",2,5,"C01","R2","Most common opinion from 25 opinions","hyenastriped","1","1"
"http://www.snapshotserengeti.org/subjects/standard/51a2d647e18f49172b01f0a7_2.jpg","ASG000mwpo",3,5,"C01","R2","Most common opinion from 25 opinions","hyenastriped","1","1"
"http://www.snapshotserengeti.org/subjects/standard/50c211b08a607540b9015a23_0.jpg","ASG0001wdf",1,1,"N04","R1","10 opinions agree upon the species present","hyenastriped","1","1"
"http://www.snapshotserengeti.org/subjects/standard/50c211b08a607540b9015a23_1.jpg","ASG0001wdf",2,1,"N04","R1","10 opinions agree upon the species present","hyenastriped","1","1"
"http://www.snapshotserengeti.org/subjects/standard/50c211b08a607540b9015a23_2.jpg","ASG0001wdf",3,1,"N04","R1","10 opinions agree upon the species present","hyenastriped","1","1"
"http://www.snapshotserengeti.org/subjects/standard/51a34963e18f49172b0fab60_0.jpg","ASG000qgcu",1,5,"J01","R3","10 opinions agree upon the species present","hyenastriped","1","1"
"http://www.snapshotserengeti.org/subjects/standard/50c213be8a607540b9031839_0.jpg","ASG0004chl",1,2,"E02","R5","10 opinions agree upon the species present","hyenastriped","1","1"
"http://www.snapshotserengeti.org/subjects/standard/50c213be8a607540b9031839_1.jpg","ASG0004chl",2,2,"E02","R5","10 opinions agree upon the species present","hyenastriped","1","1"
"http://www.snapshotserengeti.org/subjects/standard/50c213be8a607540b9031839_2.jpg","ASG0004chl",3,2,"E02","R5","10 opinions agree upon the species present","hyenastriped","1","1"
"http://www.snapshotserengeti.org/subjects/standard/50c212b28a607540b902445f_0.jpg","ASG00036n3",1,1,"T12","R1","10 opinions agree upon the species present","hyenastriped","1","1"
"http://www.snapshotserengeti.org/subjects/standard/50c212b28a607540b902445f_1.jpg","ASG00036n3",2,1,"T12","R1","10 opinions agree upon the species present","hyenastriped","1","1"
"http://www.snapshotserengeti.org/subjects/standard/50c212b28a607540b902445f_2.jpg","ASG00036n3",3,1,"T12","R1","10 opinions agree upon the species present","hyenastriped","1","1"
"http://www.snapshotserengeti.org/subjects/standard/51a32ef0e18f49172b0c871b_0.jpg","ASG000pqeo",1,5,"H05","R2","Most common opinion from 25 opinions","hyenastriped","1","1"
"http://www.snapshotserengeti.org/subjects/standard/51a32ef0e18f49172b0c871b_1.jpg","ASG000pqeo",2,5,"H05","R2","Most common opinion from 25 opinions","hyenastriped","1","1"
"http://www.snapshotserengeti.org/subjects/standard/51a32ef0e18f49172b0c871b_2.jpg","ASG000pqeo",3,5,"H05","R2","Most common opinion from 25 opinions","hyenastriped","1","1"
"http://www.snapshotserengeti.org/subjects/standard/5331d7c31bccd304b60459e7_0.JPG","ASG00148qy",1,7,"P10","R1","Most common opinion from 25 opinions","hyenastriped","1","1"
"http://www.snapshotserengeti.org/subjects/standard/5331d7c31bccd304b60459e7_1.JPG","ASG00148qy",2,7,"P10","R1","Most common opinion from 25 opinions","hyenastriped","1","1"
"http://www.snapshotserengeti.org/subjects/standard/5331d7c31bccd304b60459e7_2.JPG","ASG00148qy",3,7,"P10","R1","Most common opinion from 25 opinions","hyenastriped","1","1"
"http://www.snapshotserengeti.org/subjects/standard/50c212788a607540b9020772_0.jpg","ASG0002ulu",1,1,"D04","R6","10 opinions agree upon the species present","hyenastriped","1","1"
"http://www.snapshotserengeti.org/subjects/standard/50c212788a607540b9020772_1.jpg","ASG0002ulu",2,1,"D04","R6","10 opinions agree upon the species present","hyenastriped","1","1"
"http://www.snapshotserengeti.org/subjects/standard/50c212788a607540b9020772_2.jpg","ASG0002ulu",3,1,"D04","R6","10 opinions agree upon the species present","hyenastriped","1","1"
"http://www.snapshotserengeti.org/subjects/standard/50c215448a607540b9044a07_0.jpg","ASG00060w7",1,2,"J03","R1","10 opinions agree upon the species present","hyenastriped","1","1"
"http://www.snapshotserengeti.org/subjects/standard/50c215448a607540b9044a07_1.jpg","ASG00060w7",2,2,"J03","R1","10 opinions agree upon the species present","hyenastriped","1","1"
"http://www.snapshotserengeti.org/subjects/standard/50c215448a607540b9044a07_2.jpg","ASG00060w7",3,2,"J03","R1","10 opinions agree upon the species present","hyenastriped","1","1"
"http://zooniverse-static.s3.amazonaws.com/www.snapshotserengeti.org/subjects/standard/5582de9dc4af4e00420031ed_0.JPG","ASG001ggly",1,0,"L06","R4","10 opinions agree upon the species present","hyenastriped","1","1"
"http://zooniverse-static.s3.amazonaws.com/www.snapshotserengeti.org/subjects/standard/54cfd47087ee0404d5066e4d_0.JPG","ASG0019lsd",1,8,"K09","R2","10 opinions agree upon the species present","hyenastriped","1","1"
"http://zooniverse-static.s3.amazonaws.com/www.snapshotserengeti.org/subjects/standard/54cfd72987ee0404d507c8eb_0.JPG","ASG0018res",1,8,"M05","R2","10 opinions agree upon the species present","hyenastriped","1","1"
"http://www.snapshotserengeti.org/subjects/standard/50c212b08a607540b90242d6_0.jpg","ASG00036c6",1,1,"T10","R1","10 opinions agree upon the species present","hyenastriped","1","1"
"http://www.snapshotserengeti.org/subjects/standard/50c212b08a607540b90242d6_1.jpg","ASG00036c6",2,1,"T10","R1","10 opinions agree upon the species present","hyenastriped","1","1"
"http://www.snapshotserengeti.org/subjects/standard/50c212b08a607540b90242d6_2.jpg","ASG00036c6",3,1,"T10","R1","10 opinions agree upon the species present","hyenastriped","1","1"
"http://www.snapshotserengeti.org/subjects/standard/50c2145e8a607540b9039982_0.jpg","ASG000520y",1,2,"G02","R1","10 opinions agree upon the species present","hyenastriped","1","1"
"http://www.snapshotserengeti.org/subjects/standard/50c2145e8a607540b9039982_1.jpg","ASG000520y",2,2,"G02","R1","10 opinions agree upon the species present","hyenastriped","1","1"
"http://www.snapshotserengeti.org/subjects/standard/50c2145e8a607540b9039982_2.jpg","ASG000520y",3,2,"G02","R1","10 opinions agree upon the species present","hyenastriped","1","1"
"http://zooniverse-static.s3.amazonaws.com/www.snapshotserengeti.org/subjects/standard/5582de9ec4af4e0042003235_0.JPG","ASG001ggl1",1,0,"L06","R4","10 opinions agree upon the species present","hyenastriped","1","1"
"http://www.snapshotserengeti.org/subjects/standard/50dcd399a2fc8e37890f3d34_0.jpg","ASG000elxx",1,4,"F03","R1","Most common opinion from 25 opinions","hyenastriped","1","1"
"http://www.snapshotserengeti.org/subjects/standard/5331d4571bccd304b602f16d_0.JPG","ASG001586v",1,7,"Q11","R2","10 opinions agree upon the species present","hyenastriped","1","1"
"http://zooniverse-static.s3.amazonaws.com/www.snapshotserengeti.org/subjects/standard/56a68cdb41479b0042055697_0.JPG","ASG001hb4n",1,9,"Q12","3","","hyenastriped","1","1"
"http://www.snapshotserengeti.org/subjects/standard/50c2138b8a607540b902f108_0.jpg","ASG00044qw",1,2,"D05","R3","10 opinions agree upon the species present","hyenastriped","1","1"
"http://www.snapshotserengeti.org/subjects/standard/50c2138b8a607540b902f108_1.jpg","ASG00044qw",2,2,"D05","R3","10 opinions agree upon the species present","hyenastriped","1","1"
"http://www.snapshotserengeti.org/subjects/standard/50c2138b8a607540b902f108_2.jpg","ASG00044qw",3,2,"D05","R3","10 opinions agree upon the species present","hyenastriped","1","1"
"http://www.snapshotserengeti.org/subjects/standard/50c210418a607540b90026c7_0.jpg","ASG00007nr",1,1,"H06","R3","Most common opinion from 25 opinions","hyenastriped","1","1"
"http://www.snapshotserengeti.org/subjects/standard/50c210418a607540b90026c7_1.jpg","ASG00007nr",2,1,"H06","R3","Most common opinion from 25 opinions","hyenastriped","1","1"
"http://www.snapshotserengeti.org/subjects/standard/50c210418a607540b90026c7_2.jpg","ASG00007nr",3,1,"H06","R3","Most common opinion from 25 opinions","hyenastriped","1","1"
"http://www.snapshotserengeti.org/subjects/standard/50c215d18a607540b904af2a_0.jpg","ASG0006kve",1,2,"Q11","R1","10 opinions agree upon the species present","hyenastriped","1","1"
"http://www.snapshotserengeti.org/subjects/standard/50c215d18a607540b904af2a_1.jpg","ASG0006kve",2,2,"Q11","R1","10 opinions agree upon the species present","hyenastriped","1","1"
"http://www.snapshotserengeti.org/subjects/standard/50c215d18a607540b904af2a_2.jpg","ASG0006kve",3,2,"Q11","R1","10 opinions agree upon the species present","hyenastriped","1","1"
"http://www.snapshotserengeti.org/subjects/standard/51a3a3fbe18f49172b1a7185_0.jpg","ASG000sxgm",1,5,"Q11","R3","10 opinions agree upon the species present","hyenastriped","1","1"
"http://www.snapshotserengeti.org/subjects/standard/51a3bc8be18f49172b1d5b24_0.jpg","ASG000tkis",1,5,"T12","R3","10 opinions agree upon the species present","hyenastriped","1","1"
"http://www.snapshotserengeti.org/subjects/standard/50c213788a607540b902e2b0_0.jpg","ASG00041ww",1,2,"D03","R3","10 opinions agree upon the species present","hyenastriped","1","1"
"http://www.snapshotserengeti.org/subjects/standard/50c213788a607540b902e2b0_1.jpg","ASG00041ww",2,2,"D03","R3","10 opinions agree upon the species present","hyenastriped","1","1"
"http://www.snapshotserengeti.org/subjects/standard/50c213788a607540b902e2b0_2.jpg","ASG00041ww",3,2,"D03","R3","10 opinions agree upon the species present","hyenastriped","1","1"
"http://www.snapshotserengeti.org/subjects/standard/51a3c401e18f49172b1e3fd6_0.jpg","ASG000trhk",1,5,"U09","R4","10 opinions agree upon the species present","hyenastriped","1","1"
"http://zooniverse-static.s3.amazonaws.com/www.snapshotserengeti.org/subjects/standard/54cfd11787ee0404d504c2ab_0.JPG","ASG00193rq",1,8,"H06","R2","10 opinions agree upon the species present","hyenastriped","1","1"
"http://www.snapshotserengeti.org/subjects/standard/50c217c78a607540b9062083_0.jpg","ASG0008ltv",1,3,"N07","R11","10 opinions agree upon the species present","hyenastriped","1","1"
"http://www.snapshotserengeti.org/subjects/standard/50c2164a8a607540b905051e_0.jpg","ASG00071um",1,2,"T12","R2","Most common opinion from 25 opinions","hyenastriped","1","1"
"http://www.snapshotserengeti.org/subjects/standard/50c2164a8a607540b905051e_1.jpg","ASG00071um",2,2,"T12","R2","Most common opinion from 25 opinions","hyenastriped","1","1"
"http://www.snapshotserengeti.org/subjects/standard/50c2164a8a607540b905051e_2.jpg","ASG00071um",3,2,"T12","R2","Most common opinion from 25 opinions","hyenastriped","1","1"
"http://www.snapshotserengeti.org/subjects/standard/5331dda71bccd304b606d1e3_0.JPG","ASG0012iy2",1,7,"T11","R2","10 opinions agree upon the species present","hyenastriped","1","1"
"http://www.snapshotserengeti.org/subjects/standard/50c213718a607540b902dd8d_0.jpg","ASG00040wd",1,2,"D03","R1","10 opinions agree upon the species present","hyenastriped","1","1"
"http://www.snapshotserengeti.org/subjects/standard/50c213718a607540b902dd8d_1.jpg","ASG00040wd",2,2,"D03","R1","10 opinions agree upon the species present","hyenastriped","1","1"
"http://www.snapshotserengeti.org/subjects/standard/50c213718a607540b902dd8d_2.jpg","ASG00040wd",3,2,"D03","R1","10 opinions agree upon the species present","hyenastriped","1","1"
"http://www.snapshotserengeti.org/subjects/standard/50c211218a607540b900e1b9_0.jpg","ASG00018l5",1,1,"I03","R1","Most common opinion from 25 opinions","hyenastriped","1","1"
"http://www.snapshotserengeti.org/subjects/standard/50c211218a607540b900e1b9_1.jpg","ASG00018l5",2,1,"I03","R1","Most common opinion from 25 opinions","hyenastriped","1","1"
"http://www.snapshotserengeti.org/subjects/standard/50c211218a607540b900e1b9_2.jpg","ASG00018l5",3,1,"I03","R1","Most common opinion from 25 opinions","hyenastriped","1","1"
"http://zooniverse-static.s3.amazonaws.com/www.snapshotserengeti.org/subjects/standard/54cfdc9a87ee0404d50a7137_0.JPG","ASG0019e9c",1,8,"R10","R3","10 opinions agree upon the species present","hyenastriped","1","1"
