"url","Subject ID","Frame","Season","Site","Roll","Decision Type","Crowd Determination","Number of Species Present","Number of Animals Present"
"http://www.snapshotserengeti.org/subjects/standard/50c2105f8a607540b900410a_0.jpg","ASG0000cui",1,1,"O10","R1","10 opinions agree upon the species present","reptiles","1","1"
"http://www.snapshotserengeti.org/subjects/standard/50c2105f8a607540b900410a_1.jpg","ASG0000cui",2,1,"O10","R1","10 opinions agree upon the species present","reptiles","1","1"
"http://www.snapshotserengeti.org/subjects/standard/50c2105f8a607540b900410a_2.jpg","ASG0000cui",3,1,"O10","R1","10 opinions agree upon the species present","reptiles","1","1"
"http://www.snapshotserengeti.org/subjects/standard/50c2105f8a607540b9004108_0.jpg","ASG0000cug",1,1,"O10","R1","10 opinions agree upon the species present","reptiles","1","1"
"http://www.snapshotserengeti.org/subjects/standard/50c2105f8a607540b9004108_1.jpg","ASG0000cug",2,1,"O10","R1","10 opinions agree upon the species present","reptiles","1","1"
"http://www.snapshotserengeti.org/subjects/standard/50c2105f8a607540b9004108_2.jpg","ASG0000cug",3,1,"O10","R1","10 opinions agree upon the species present","reptiles","1","1"
"http://www.snapshotserengeti.org/subjects/standard/50c2105f8a607540b9004100_0.jpg","ASG0000cu8",1,1,"O10","R1","10 opinions agree upon the species present","reptiles","1","1"
"http://www.snapshotserengeti.org/subjects/standard/50c2105f8a607540b9004100_1.jpg","ASG0000cu8",2,1,"O10","R1","10 opinions agree upon the species present","reptiles","1","1"
"http://www.snapshotserengeti.org/subjects/standard/50c2105f8a607540b9004100_2.jpg","ASG0000cu8",3,1,"O10","R1","10 opinions agree upon the species present","reptiles","1","1"
"http://www.snapshotserengeti.org/subjects/standard/50c2105f8a607540b90040ff_0.jpg","ASG0000cu7",1,1,"O10","R1","10 opinions agree upon the species present","reptiles","1","1"
"http://www.snapshotserengeti.org/subjects/standard/50c2105f8a607540b90040ff_1.jpg","ASG0000cu7",2,1,"O10","R1","10 opinions agree upon the species present","reptiles","1","1"
"http://www.snapshotserengeti.org/subjects/standard/50c2105f8a607540b90040ff_2.jpg","ASG0000cu7",3,1,"O10","R1","10 opinions agree upon the species present","reptiles","1","1"
"http://www.snapshotserengeti.org/subjects/standard/50c2105f8a607540b90040fe_0.jpg","ASG0000cu6",1,1,"O10","R1","10 opinions agree upon the species present","reptiles","1","1"
"http://www.snapshotserengeti.org/subjects/standard/50c2105f8a607540b90040fe_1.jpg","ASG0000cu6",2,1,"O10","R1","10 opinions agree upon the species present","reptiles","1","1"
"http://www.snapshotserengeti.org/subjects/standard/50c2105f8a607540b90040fe_2.jpg","ASG0000cu6",3,1,"O10","R1","10 opinions agree upon the species present","reptiles","1","1"
"http://www.snapshotserengeti.org/subjects/standard/50c210d28a607540b9009f31_0.jpg","ASG0000vg1",1,1,"J13","R1","10 opinions agree upon the species present","reptiles","1","1"
"http://www.snapshotserengeti.org/subjects/standard/50c210d28a607540b9009f31_1.jpg","ASG0000vg1",2,1,"J13","R1","10 opinions agree upon the species present","reptiles","1","1"
"http://www.snapshotserengeti.org/subjects/standard/50c210d28a607540b9009f31_2.jpg","ASG0000vg1",3,1,"J13","R1","10 opinions agree upon the species present","reptiles","1","1"
"http://www.snapshotserengeti.org/subjects/standard/50c210d28a607540b9009f40_0.jpg","ASG0000vgg",1,1,"J13","R1","10 opinions agree upon the species present","reptiles","1","1"
"http://www.snapshotserengeti.org/subjects/standard/50c210d28a607540b9009f40_1.jpg","ASG0000vgg",2,1,"J13","R1","10 opinions agree upon the species present","reptiles","1","1"
"http://www.snapshotserengeti.org/subjects/standard/50c210d28a607540b9009f40_2.jpg","ASG0000vgg",3,1,"J13","R1","10 opinions agree upon the species present","reptiles","1","1"
"http://zooniverse-static.s3.amazonaws.com/www.snapshotserengeti.org/subjects/standard/56a6457a41479b004200ac21_0.JPG","ASG001h42s",1,9,"B12","1","","reptiles","1","1"
"http://www.snapshotserengeti.org/subjects/standard/50c212bd8a607540b9024cf7_0.jpg","ASG00038c7",1,1,"T13","R1","10 opinions agree upon the species present","reptiles","1","1"
"http://www.snapshotserengeti.org/subjects/standard/50c212bd8a607540b9024cf7_1.jpg","ASG00038c7",2,1,"T13","R1","10 opinions agree upon the species present","reptiles","1","1"
"http://www.snapshotserengeti.org/subjects/standard/50c212bd8a607540b9024cf7_2.jpg","ASG00038c7",3,1,"T13","R1","10 opinions agree upon the species present","reptiles","1","1"
"http://www.snapshotserengeti.org/subjects/standard/50c212c18a607540b9025114_0.jpg","ASG000395g",1,1,"T13","R1","10 opinions agree upon the species present","reptiles","1","1"
"http://www.snapshotserengeti.org/subjects/standard/50c212c18a607540b9025114_1.jpg","ASG000395g",2,1,"T13","R1","10 opinions agree upon the species present","reptiles","1","1"
"http://www.snapshotserengeti.org/subjects/standard/50c212c18a607540b9025114_2.jpg","ASG000395g",3,1,"T13","R1","10 opinions agree upon the species present","reptiles","1","1"
"http://www.snapshotserengeti.org/subjects/standard/51e8fbfbe0053a09c30a6793_0.jpg","ASG0010d6h",1,6,"M06","R1","10 opinions agree upon the species present","reptiles","1","1"
"http://www.snapshotserengeti.org/subjects/standard/51e8fbfbe0053a09c30a6793_1.jpg","ASG0010d6h",2,6,"M06","R1","10 opinions agree upon the species present","reptiles","1","1"
"http://www.snapshotserengeti.org/subjects/standard/51e8fbfbe0053a09c30a6793_2.jpg","ASG0010d6h",3,6,"M06","R1","10 opinions agree upon the species present","reptiles","1","1"
"http://www.snapshotserengeti.org/subjects/standard/51e914dce0053a09c30d3c93_0.jpg","ASG00110nf",1,6,"P04","R1","10 opinions agree upon the species present","reptiles","1","1"
"http://www.snapshotserengeti.org/subjects/standard/51e914dce0053a09c30d3c93_1.jpg","ASG00110nf",2,6,"P04","R1","10 opinions agree upon the species present","reptiles","1","1"
"http://www.snapshotserengeti.org/subjects/standard/51e914dce0053a09c30d3c93_2.jpg","ASG00110nf",3,6,"P04","R1","10 opinions agree upon the species present","reptiles","1","1"
"http://www.snapshotserengeti.org/subjects/standard/50c212c28a607540b9025198_0.jpg","ASG0003994",1,1,"T13","R1","10 opinions agree upon the species present","reptiles","1","1"
"http://www.snapshotserengeti.org/subjects/standard/50c212c28a607540b9025198_1.jpg","ASG0003994",2,1,"T13","R1","10 opinions agree upon the species present","reptiles","1","1"
"http://www.snapshotserengeti.org/subjects/standard/50c212c28a607540b9025198_2.jpg","ASG0003994",3,1,"T13","R1","10 opinions agree upon the species present","reptiles","1","1"
"http://www.snapshotserengeti.org/subjects/standard/50c2105e8a607540b9003ffa_0.jpg","ASG0000cmy",1,1,"O10","R1","10 opinions agree upon the species present","reptiles","1","1"
"http://www.snapshotserengeti.org/subjects/standard/50c2105e8a607540b9003ffa_1.jpg","ASG0000cmy",2,1,"O10","R1","10 opinions agree upon the species present","reptiles","1","1"
"http://www.snapshotserengeti.org/subjects/standard/50c2105e8a607540b9003ffa_2.jpg","ASG0000cmy",3,1,"O10","R1","10 opinions agree upon the species present","reptiles","1","1"
"http://www.snapshotserengeti.org/subjects/standard/50c210668a607540b900465c_0.jpg","ASG0000dwc",1,1,"O10","R2","10 opinions agree upon the species present","reptiles","1","2"
"http://www.snapshotserengeti.org/subjects/standard/50c210668a607540b900465c_1.jpg","ASG0000dwc",2,1,"O10","R2","10 opinions agree upon the species present","reptiles","1","2"
"http://www.snapshotserengeti.org/subjects/standard/50c210668a607540b900465c_2.jpg","ASG0000dwc",3,1,"O10","R2","10 opinions agree upon the species present","reptiles","1","2"
"http://www.snapshotserengeti.org/subjects/standard/50c212c48a607540b902533a_0.jpg","ASG00039kq",1,1,"T13","R1","10 opinions agree upon the species present","reptiles","1","1"
"http://www.snapshotserengeti.org/subjects/standard/50c212c48a607540b902533a_1.jpg","ASG00039kq",2,1,"T13","R1","10 opinions agree upon the species present","reptiles","1","1"
"http://www.snapshotserengeti.org/subjects/standard/50c212c48a607540b902533a_2.jpg","ASG00039kq",3,1,"T13","R1","10 opinions agree upon the species present","reptiles","1","1"
"http://www.snapshotserengeti.org/subjects/standard/50c210638a607540b900448d_0.jpg","ASG0000djh",1,1,"O10","R2","10 opinions agree upon the species present","reptiles","1","1"
"http://www.snapshotserengeti.org/subjects/standard/50c210638a607540b900448d_1.jpg","ASG0000djh",2,1,"O10","R2","10 opinions agree upon the species present","reptiles","1","1"
"http://www.snapshotserengeti.org/subjects/standard/50c210638a607540b900448d_2.jpg","ASG0000djh",3,1,"O10","R2","10 opinions agree upon the species present","reptiles","1","1"
"http://www.snapshotserengeti.org/subjects/standard/50c210638a607540b9004494_0.jpg","ASG0000djo",1,1,"O10","R2","10 opinions agree upon the species present","reptiles","1","1"
"http://www.snapshotserengeti.org/subjects/standard/50c210638a607540b9004494_1.jpg","ASG0000djo",2,1,"O10","R2","10 opinions agree upon the species present","reptiles","1","1"
"http://www.snapshotserengeti.org/subjects/standard/50c210638a607540b9004494_2.jpg","ASG0000djo",3,1,"O10","R2","10 opinions agree upon the species present","reptiles","1","1"
"http://www.snapshotserengeti.org/subjects/standard/50c210608a607540b90041d2_0.jpg","ASG0000d02",1,1,"O10","R1","10 opinions agree upon the species present","reptiles","1","1"
"http://www.snapshotserengeti.org/subjects/standard/50c210608a607540b90041d2_1.jpg","ASG0000d02",2,1,"O10","R1","10 opinions agree upon the species present","reptiles","1","1"
"http://www.snapshotserengeti.org/subjects/standard/50c210608a607540b90041d2_2.jpg","ASG0000d02",3,1,"O10","R1","10 opinions agree upon the species present","reptiles","1","1"
"http://www.snapshotserengeti.org/subjects/standard/50c210608a607540b90041da_0.jpg","ASG0000d0a",1,1,"O10","R1","10 opinions agree upon the species present","reptiles","1","1"
"http://www.snapshotserengeti.org/subjects/standard/50c210608a607540b90041da_1.jpg","ASG0000d0a",2,1,"O10","R1","10 opinions agree upon the species present","reptiles","1","1"
"http://www.snapshotserengeti.org/subjects/standard/50c210608a607540b90041da_2.jpg","ASG0000d0a",3,1,"O10","R1","10 opinions agree upon the species present","reptiles","1","1"
"http://www.snapshotserengeti.org/subjects/standard/50c210608a607540b90041dd_0.jpg","ASG0000d0d",1,1,"O10","R1","10 opinions agree upon the species present","reptiles","1","1"
"http://www.snapshotserengeti.org/subjects/standard/50c210608a607540b90041dd_1.jpg","ASG0000d0d",2,1,"O10","R1","10 opinions agree upon the species present","reptiles","1","1"
"http://www.snapshotserengeti.org/subjects/standard/50c210608a607540b90041dd_2.jpg","ASG0000d0d",3,1,"O10","R1","10 opinions agree upon the species present","reptiles","1","1"
"http://www.snapshotserengeti.org/subjects/standard/50c210608a607540b90041e9_0.jpg","ASG0000d0p",1,1,"O10","R1","10 opinions agree upon the species present","reptiles","1","1"
"http://www.snapshotserengeti.org/subjects/standard/50c210608a607540b90041e9_1.jpg","ASG0000d0p",2,1,"O10","R1","10 opinions agree upon the species present","reptiles","1","1"
"http://www.snapshotserengeti.org/subjects/standard/50c210608a607540b90041e9_2.jpg","ASG0000d0p",3,1,"O10","R1","10 opinions agree upon the species present","reptiles","1","1"
"http://www.snapshotserengeti.org/subjects/standard/51a3c290e18f49172b1e1360_0.jpg","ASG000tq4c",1,5,"T13","R4","10 opinions agree upon the species present","reptiles","1","1"
"http://www.snapshotserengeti.org/subjects/standard/51a3c290e18f49172b1e1360_1.jpg","ASG000tq4c",2,5,"T13","R4","10 opinions agree upon the species present","reptiles","1","1"
"http://www.snapshotserengeti.org/subjects/standard/51a3c290e18f49172b1e1360_2.jpg","ASG000tq4c",3,5,"T13","R4","10 opinions agree upon the species present","reptiles","1","1"
"http://www.snapshotserengeti.org/subjects/standard/50c2105d8a607540b9003f65_0.jpg","ASG0000cit",1,1,"O10","R1","10 opinions agree upon the species present","reptiles","1","1"
"http://www.snapshotserengeti.org/subjects/standard/50c2105d8a607540b9003f65_1.jpg","ASG0000cit",2,1,"O10","R1","10 opinions agree upon the species present","reptiles","1","1"
"http://www.snapshotserengeti.org/subjects/standard/50c2105d8a607540b9003f65_2.jpg","ASG0000cit",3,1,"O10","R1","10 opinions agree upon the species present","reptiles","1","1"
"http://www.snapshotserengeti.org/subjects/standard/50c210688a607540b90048be_0.jpg","ASG0000eda",1,1,"O10","R2","10 opinions agree upon the species present","reptiles","1","1"
"http://www.snapshotserengeti.org/subjects/standard/50c210688a607540b90048be_1.jpg","ASG0000eda",2,1,"O10","R2","10 opinions agree upon the species present","reptiles","1","1"
"http://www.snapshotserengeti.org/subjects/standard/50c210688a607540b90048be_2.jpg","ASG0000eda",3,1,"O10","R2","10 opinions agree upon the species present","reptiles","1","1"
"http://www.snapshotserengeti.org/subjects/standard/51e926b0e0053a09c30f2e3d_0.jpg","ASG0011fye",1,6,"S12","R2","10 opinions agree upon the species present","reptiles","1","1"
"http://www.snapshotserengeti.org/subjects/standard/50c210638a607540b900440d_0.jpg","ASG0000dfx",1,1,"O10","R2","10 opinions agree upon the species present","reptiles","1","1"
"http://www.snapshotserengeti.org/subjects/standard/50c210638a607540b900440d_1.jpg","ASG0000dfx",2,1,"O10","R2","10 opinions agree upon the species present","reptiles","1","1"
"http://www.snapshotserengeti.org/subjects/standard/50c210638a607540b900440d_2.jpg","ASG0000dfx",3,1,"O10","R2","10 opinions agree upon the species present","reptiles","1","1"
"http://www.snapshotserengeti.org/subjects/standard/50c2105e8a607540b9003fba_0.jpg","ASG0000cl6",1,1,"O10","R1","10 opinions agree upon the species present","reptiles","1","1"
"http://www.snapshotserengeti.org/subjects/standard/50c2105e8a607540b9003fba_1.jpg","ASG0000cl6",2,1,"O10","R1","10 opinions agree upon the species present","reptiles","1","1"
"http://www.snapshotserengeti.org/subjects/standard/50c2105e8a607540b9003fba_2.jpg","ASG0000cl6",3,1,"O10","R1","10 opinions agree upon the species present","reptiles","1","1"
"http://www.snapshotserengeti.org/subjects/standard/50c2105e8a607540b9003fbc_0.jpg","ASG0000cl8",1,1,"O10","R1","10 opinions agree upon the species present","reptiles","1","1"
"http://www.snapshotserengeti.org/subjects/standard/50c2105e8a607540b9003fbc_1.jpg","ASG0000cl8",2,1,"O10","R1","10 opinions agree upon the species present","reptiles","1","1"
"http://www.snapshotserengeti.org/subjects/standard/50c2105e8a607540b9003fbc_2.jpg","ASG0000cl8",3,1,"O10","R1","10 opinions agree upon the species present","reptiles","1","1"
"http://www.snapshotserengeti.org/subjects/standard/50c2105e8a607540b9003fd0_0.jpg","ASG0000cls",1,1,"O10","R1","10 opinions agree upon the species present","reptiles","1","1"
"http://www.snapshotserengeti.org/subjects/standard/50c2105e8a607540b9003fd0_1.jpg","ASG0000cls",2,1,"O10","R1","10 opinions agree upon the species present","reptiles","1","1"
"http://www.snapshotserengeti.org/subjects/standard/50c2105e8a607540b9003fd0_2.jpg","ASG0000cls",3,1,"O10","R1","10 opinions agree upon the species present","reptiles","1","1"
"http://www.snapshotserengeti.org/subjects/standard/50c2105e8a607540b9003fd7_0.jpg","ASG0000clz",1,1,"O10","R1","10 opinions agree upon the species present","reptiles","1","1"
"http://www.snapshotserengeti.org/subjects/standard/50c2105e8a607540b9003fd7_1.jpg","ASG0000clz",2,1,"O10","R1","10 opinions agree upon the species present","reptiles","1","1"
"http://www.snapshotserengeti.org/subjects/standard/50c2105e8a607540b9003fd7_2.jpg","ASG0000clz",3,1,"O10","R1","10 opinions agree upon the species present","reptiles","1","1"
"http://www.snapshotserengeti.org/subjects/standard/51e8eafce0053a09c30870ab_0.jpg","ASG000zwn8",1,6,"J09","R2","10 opinions agree upon the species present","reptiles","1","1"
"http://www.snapshotserengeti.org/subjects/standard/51e8eafce0053a09c30870ab_1.jpg","ASG000zwn8",2,6,"J09","R2","10 opinions agree upon the species present","reptiles","1","1"
"http://www.snapshotserengeti.org/subjects/standard/51e8eafce0053a09c30870ab_2.jpg","ASG000zwn8",3,6,"J09","R2","10 opinions agree upon the species present","reptiles","1","1"
"http://www.snapshotserengeti.org/subjects/standard/50c210688a607540b900482a_0.jpg","ASG0000e96",1,1,"O10","R2","10 opinions agree upon the species present","reptiles","1","1"
"http://www.snapshotserengeti.org/subjects/standard/50c210688a607540b900482a_1.jpg","ASG0000e96",2,1,"O10","R2","10 opinions agree upon the species present","reptiles","1","1"
"http://www.snapshotserengeti.org/subjects/standard/50c210688a607540b900482a_2.jpg","ASG0000e96",3,1,"O10","R2","10 opinions agree upon the species present","reptiles","1","1"
"http://www.snapshotserengeti.org/subjects/standard/50c2105e8a607540b9003fbe_0.jpg","ASG0000cla",1,1,"O10","R1","10 opinions agree upon the species present","reptiles","1","1"
"http://www.snapshotserengeti.org/subjects/standard/50c2105e8a607540b9003fbe_1.jpg","ASG0000cla",2,1,"O10","R1","10 opinions agree upon the species present","reptiles","1","1"
"http://www.snapshotserengeti.org/subjects/standard/50c2105e8a607540b9003fbe_2.jpg","ASG0000cla",3,1,"O10","R1","10 opinions agree upon the species present","reptiles","1","1"
"http://www.snapshotserengeti.org/subjects/standard/50c2105f8a607540b9004120_0.jpg","ASG0000cv4",1,1,"O10","R1","10 opinions agree upon the species present","reptiles","1","1"
"http://www.snapshotserengeti.org/subjects/standard/50c2105f8a607540b9004120_1.jpg","ASG0000cv4",2,1,"O10","R1","10 opinions agree upon the species present","reptiles","1","1"
"http://www.snapshotserengeti.org/subjects/standard/50c2105f8a607540b9004120_2.jpg","ASG0000cv4",3,1,"O10","R1","10 opinions agree upon the species present","reptiles","1","1"
"http://www.snapshotserengeti.org/subjects/standard/50c2105f8a607540b90040ab_0.jpg","ASG0000crv",1,1,"O10","R1","10 opinions agree upon the species present","reptiles","1","1"
"http://www.snapshotserengeti.org/subjects/standard/50c2105f8a607540b90040ab_1.jpg","ASG0000crv",2,1,"O10","R1","10 opinions agree upon the species present","reptiles","1","1"
"http://www.snapshotserengeti.org/subjects/standard/50c2105f8a607540b90040ab_2.jpg","ASG0000crv",3,1,"O10","R1","10 opinions agree upon the species present","reptiles","1","1"
"http://www.snapshotserengeti.org/subjects/standard/50c2105f8a607540b90040a4_0.jpg","ASG0000cro",1,1,"O10","R1","10 opinions agree upon the species present","reptiles","1","1"
"http://www.snapshotserengeti.org/subjects/standard/50c2105f8a607540b90040a4_1.jpg","ASG0000cro",2,1,"O10","R1","10 opinions agree upon the species present","reptiles","1","1"
"http://www.snapshotserengeti.org/subjects/standard/50c2105f8a607540b90040a4_2.jpg","ASG0000cro",3,1,"O10","R1","10 opinions agree upon the species present","reptiles","1","1"
"http://www.snapshotserengeti.org/subjects/standard/50c2105f8a607540b90040a2_0.jpg","ASG0000crm",1,1,"O10","R1","10 opinions agree upon the species present","reptiles","1","1"
"http://www.snapshotserengeti.org/subjects/standard/50c2105f8a607540b90040a2_1.jpg","ASG0000crm",2,1,"O10","R1","10 opinions agree upon the species present","reptiles","1","1"
"http://www.snapshotserengeti.org/subjects/standard/50c2105f8a607540b90040a2_2.jpg","ASG0000crm",3,1,"O10","R1","10 opinions agree upon the species present","reptiles","1","1"
"http://www.snapshotserengeti.org/subjects/standard/5331dbe81bccd304b6061889_0.JPG","ASG00131fn",1,7,"J09","R3","10 opinions agree upon the species present","reptiles","1","1"
"http://www.snapshotserengeti.org/subjects/standard/5331dbe81bccd304b6061889_1.JPG","ASG00131fn",2,7,"J09","R3","10 opinions agree upon the species present","reptiles","1","1"
"http://www.snapshotserengeti.org/subjects/standard/5331dbe81bccd304b6061889_2.JPG","ASG00131fn",3,7,"J09","R3","10 opinions agree upon the species present","reptiles","1","1"
"http://www.snapshotserengeti.org/subjects/standard/50c210658a607540b9004642_0.jpg","ASG0000dvm",1,1,"O10","R2","10 opinions agree upon the species present","reptiles","1","1"
"http://www.snapshotserengeti.org/subjects/standard/50c210658a607540b9004642_1.jpg","ASG0000dvm",2,1,"O10","R2","10 opinions agree upon the species present","reptiles","1","1"
"http://www.snapshotserengeti.org/subjects/standard/50c210658a607540b9004642_2.jpg","ASG0000dvm",3,1,"O10","R2","10 opinions agree upon the species present","reptiles","1","1"
"http://www.snapshotserengeti.org/subjects/standard/50c210658a607540b9004643_0.jpg","ASG0000dvn",1,1,"O10","R2","10 opinions agree upon the species present","reptiles","1","1"
"http://www.snapshotserengeti.org/subjects/standard/50c210658a607540b9004643_1.jpg","ASG0000dvn",2,1,"O10","R2","10 opinions agree upon the species present","reptiles","1","1"
"http://www.snapshotserengeti.org/subjects/standard/50c210658a607540b9004643_2.jpg","ASG0000dvn",3,1,"O10","R2","10 opinions agree upon the species present","reptiles","1","1"
"http://www.snapshotserengeti.org/subjects/standard/50c210658a607540b900463e_0.jpg","ASG0000dvi",1,1,"O10","R2","10 opinions agree upon the species present","reptiles","1","1"
"http://www.snapshotserengeti.org/subjects/standard/50c210658a607540b900463e_1.jpg","ASG0000dvi",2,1,"O10","R2","10 opinions agree upon the species present","reptiles","1","1"
"http://www.snapshotserengeti.org/subjects/standard/50c210658a607540b900463e_2.jpg","ASG0000dvi",3,1,"O10","R2","10 opinions agree upon the species present","reptiles","1","1"
"http://www.snapshotserengeti.org/subjects/standard/50c210658a607540b9004640_0.jpg","ASG0000dvk",1,1,"O10","R2","10 opinions agree upon the species present","reptiles","1","1"
"http://www.snapshotserengeti.org/subjects/standard/50c210658a607540b9004640_1.jpg","ASG0000dvk",2,1,"O10","R2","10 opinions agree upon the species present","reptiles","1","1"
"http://www.snapshotserengeti.org/subjects/standard/50c210658a607540b9004640_2.jpg","ASG0000dvk",3,1,"O10","R2","10 opinions agree upon the species present","reptiles","1","1"
"http://www.snapshotserengeti.org/subjects/standard/50c210658a607540b900463f_0.jpg","ASG0000dvj",1,1,"O10","R2","10 opinions agree upon the species present","reptiles","1","1"
"http://www.snapshotserengeti.org/subjects/standard/50c210658a607540b900463f_1.jpg","ASG0000dvj",2,1,"O10","R2","10 opinions agree upon the species present","reptiles","1","1"
"http://www.snapshotserengeti.org/subjects/standard/50c210658a607540b900463f_2.jpg","ASG0000dvj",3,1,"O10","R2","10 opinions agree upon the species present","reptiles","1","1"
"http://www.snapshotserengeti.org/subjects/standard/50c210658a607540b9004645_0.jpg","ASG0000dvp",1,1,"O10","R2","10 opinions agree upon the species present","reptiles","1","1"
"http://www.snapshotserengeti.org/subjects/standard/50c210658a607540b9004645_1.jpg","ASG0000dvp",2,1,"O10","R2","10 opinions agree upon the species present","reptiles","1","1"
"http://www.snapshotserengeti.org/subjects/standard/50c210658a607540b9004645_2.jpg","ASG0000dvp",3,1,"O10","R2","10 opinions agree upon the species present","reptiles","1","1"
"http://www.snapshotserengeti.org/subjects/standard/50c210cd8a607540b9009ba6_0.jpg","ASG0000uqu",1,1,"J13","R1","10 opinions agree upon the species present","reptiles","1","1"
"http://www.snapshotserengeti.org/subjects/standard/50c210cd8a607540b9009ba6_1.jpg","ASG0000uqu",2,1,"J13","R1","10 opinions agree upon the species present","reptiles","1","1"
"http://www.snapshotserengeti.org/subjects/standard/50c210cd8a607540b9009ba6_2.jpg","ASG0000uqu",3,1,"J13","R1","10 opinions agree upon the species present","reptiles","1","1"
"http://www.snapshotserengeti.org/subjects/standard/50c210638a607540b9004467_0.jpg","ASG0000dif",1,1,"O10","R2","10 opinions agree upon the species present","reptiles","1","1"
"http://www.snapshotserengeti.org/subjects/standard/50c210638a607540b9004467_1.jpg","ASG0000dif",2,1,"O10","R2","10 opinions agree upon the species present","reptiles","1","1"
"http://www.snapshotserengeti.org/subjects/standard/50c210638a607540b9004467_2.jpg","ASG0000dif",3,1,"O10","R2","10 opinions agree upon the species present","reptiles","1","1"
"http://www.snapshotserengeti.org/subjects/standard/50c210638a607540b9004460_0.jpg","ASG0000di8",1,1,"O10","R2","10 opinions agree upon the species present","reptiles","1","2"
"http://www.snapshotserengeti.org/subjects/standard/50c210638a607540b9004460_1.jpg","ASG0000di8",2,1,"O10","R2","10 opinions agree upon the species present","reptiles","1","2"
"http://www.snapshotserengeti.org/subjects/standard/50c210638a607540b9004460_2.jpg","ASG0000di8",3,1,"O10","R2","10 opinions agree upon the species present","reptiles","1","2"
"http://www.snapshotserengeti.org/subjects/standard/50c2105e8a607540b9004012_0.jpg","ASG0000cnm",1,1,"O10","R1","10 opinions agree upon the species present","reptiles","1","1"
"http://www.snapshotserengeti.org/subjects/standard/50c2105e8a607540b9004012_1.jpg","ASG0000cnm",2,1,"O10","R1","10 opinions agree upon the species present","reptiles","1","1"
"http://www.snapshotserengeti.org/subjects/standard/50c2105e8a607540b9004012_2.jpg","ASG0000cnm",3,1,"O10","R1","10 opinions agree upon the species present","reptiles","1","1"
"http://www.snapshotserengeti.org/subjects/standard/50c2105e8a607540b9004015_0.jpg","ASG0000cnp",1,1,"O10","R1","10 opinions agree upon the species present","reptiles","1","1"
"http://www.snapshotserengeti.org/subjects/standard/50c2105e8a607540b9004015_1.jpg","ASG0000cnp",2,1,"O10","R1","10 opinions agree upon the species present","reptiles","1","1"
"http://www.snapshotserengeti.org/subjects/standard/50c2105e8a607540b9004015_2.jpg","ASG0000cnp",3,1,"O10","R1","10 opinions agree upon the species present","reptiles","1","1"
"http://www.snapshotserengeti.org/subjects/standard/50c210698a607540b90048ec_0.jpg","ASG0000eek",1,1,"O10","R2","10 opinions agree upon the species present","reptiles","1","1"
"http://www.snapshotserengeti.org/subjects/standard/50c210698a607540b90048ec_1.jpg","ASG0000eek",2,1,"O10","R2","10 opinions agree upon the species present","reptiles","1","1"
"http://www.snapshotserengeti.org/subjects/standard/50c210698a607540b90048ec_2.jpg","ASG0000eek",3,1,"O10","R2","10 opinions agree upon the species present","reptiles","1","1"
"http://www.snapshotserengeti.org/subjects/standard/50c210608a607540b900416a_0.jpg","ASG0000cx6",1,1,"O10","R1","10 opinions agree upon the species present","reptiles","1","1"
"http://www.snapshotserengeti.org/subjects/standard/50c210608a607540b900416a_1.jpg","ASG0000cx6",2,1,"O10","R1","10 opinions agree upon the species present","reptiles","1","1"
"http://www.snapshotserengeti.org/subjects/standard/50c210608a607540b900416a_2.jpg","ASG0000cx6",3,1,"O10","R1","10 opinions agree upon the species present","reptiles","1","1"
"http://www.snapshotserengeti.org/subjects/standard/50c210cd8a607540b9009b14_0.jpg","ASG0000ums",1,1,"J13","R1","10 opinions agree upon the species present","reptiles","1","1"
"http://www.snapshotserengeti.org/subjects/standard/50c210cd8a607540b9009b14_1.jpg","ASG0000ums",2,1,"J13","R1","10 opinions agree upon the species present","reptiles","1","1"
"http://www.snapshotserengeti.org/subjects/standard/50c210cd8a607540b9009b14_2.jpg","ASG0000ums",3,1,"J13","R1","10 opinions agree upon the species present","reptiles","1","1"
"http://www.snapshotserengeti.org/subjects/standard/50c212c38a607540b90252d6_0.jpg","ASG00039hy",1,1,"T13","R1","10 opinions agree upon the species present","reptiles","1","1"
"http://www.snapshotserengeti.org/subjects/standard/50c212c38a607540b90252d6_1.jpg","ASG00039hy",2,1,"T13","R1","10 opinions agree upon the species present","reptiles","1","1"
"http://www.snapshotserengeti.org/subjects/standard/50c212c38a607540b90252d6_2.jpg","ASG00039hy",3,1,"T13","R1","10 opinions agree upon the species present","reptiles","1","1"
"http://www.snapshotserengeti.org/subjects/standard/50c2105d8a607540b9003f88_0.jpg","ASG0000cjs",1,1,"O10","R1","10 opinions agree upon the species present","reptiles","1","1"
"http://www.snapshotserengeti.org/subjects/standard/50c2105d8a607540b9003f88_1.jpg","ASG0000cjs",2,1,"O10","R1","10 opinions agree upon the species present","reptiles","1","1"
"http://www.snapshotserengeti.org/subjects/standard/50c2105d8a607540b9003f88_2.jpg","ASG0000cjs",3,1,"O10","R1","10 opinions agree upon the species present","reptiles","1","1"
"http://www.snapshotserengeti.org/subjects/standard/5331dbe71bccd304b60617b7_0.JPG","ASG00131nr",1,7,"J09","R3","10 opinions agree upon the species present","reptiles","1","1"
"http://www.snapshotserengeti.org/subjects/standard/5331dbe71bccd304b60617b7_1.JPG","ASG00131nr",2,7,"J09","R3","10 opinions agree upon the species present","reptiles","1","1"
"http://www.snapshotserengeti.org/subjects/standard/5331dbe71bccd304b60617b7_2.JPG","ASG00131nr",3,7,"J09","R3","10 opinions agree upon the species present","reptiles","1","1"
"http://www.snapshotserengeti.org/subjects/standard/50c2105e8a607540b9004041_0.jpg","ASG0000cox",1,1,"O10","R1","10 opinions agree upon the species present","reptiles","1","1"
"http://www.snapshotserengeti.org/subjects/standard/50c2105e8a607540b9004041_1.jpg","ASG0000cox",2,1,"O10","R1","10 opinions agree upon the species present","reptiles","1","1"
"http://www.snapshotserengeti.org/subjects/standard/50c2105e8a607540b9004041_2.jpg","ASG0000cox",3,1,"O10","R1","10 opinions agree upon the species present","reptiles","1","1"
"http://www.snapshotserengeti.org/subjects/standard/50c210628a607540b9004344_0.jpg","ASG0000dac",1,1,"O10","R2","10 opinions agree upon the species present","reptiles","1","1"
"http://www.snapshotserengeti.org/subjects/standard/50c210628a607540b9004344_1.jpg","ASG0000dac",2,1,"O10","R2","10 opinions agree upon the species present","reptiles","1","1"
"http://www.snapshotserengeti.org/subjects/standard/50c210628a607540b9004344_2.jpg","ASG0000dac",3,1,"O10","R2","10 opinions agree upon the species present","reptiles","1","1"
"http://www.snapshotserengeti.org/subjects/standard/50c212c48a607540b90253a0_0.jpg","ASG00039nk",1,1,"T13","R1","10 opinions agree upon the species present","reptiles","1","1"
"http://www.snapshotserengeti.org/subjects/standard/50c212c48a607540b90253a0_1.jpg","ASG00039nk",2,1,"T13","R1","10 opinions agree upon the species present","reptiles","1","1"
"http://www.snapshotserengeti.org/subjects/standard/50c212c48a607540b90253a0_2.jpg","ASG00039nk",3,1,"T13","R1","10 opinions agree upon the species present","reptiles","1","1"
"http://www.snapshotserengeti.org/subjects/standard/50c212c48a607540b90253a2_0.jpg","ASG00039nm",1,1,"T13","R1","10 opinions agree upon the species present","reptiles","1","1"
"http://www.snapshotserengeti.org/subjects/standard/50c212c48a607540b90253a2_1.jpg","ASG00039nm",2,1,"T13","R1","10 opinions agree upon the species present","reptiles","1","1"
"http://www.snapshotserengeti.org/subjects/standard/50c212c48a607540b90253a2_2.jpg","ASG00039nm",3,1,"T13","R1","10 opinions agree upon the species present","reptiles","1","1"
"http://www.snapshotserengeti.org/subjects/standard/50c212c48a607540b9025396_0.jpg","ASG00039na",1,1,"T13","R1","10 opinions agree upon the species present","reptiles","1","1"
"http://www.snapshotserengeti.org/subjects/standard/50c212c48a607540b9025396_1.jpg","ASG00039na",2,1,"T13","R1","10 opinions agree upon the species present","reptiles","1","1"
"http://www.snapshotserengeti.org/subjects/standard/50c212c48a607540b9025396_2.jpg","ASG00039na",3,1,"T13","R1","10 opinions agree upon the species present","reptiles","1","1"
"http://www.snapshotserengeti.org/subjects/standard/50c2105d8a607540b9003f48_0.jpg","ASG0000ci0",1,1,"O10","R1","10 opinions agree upon the species present","reptiles","1","1"
"http://www.snapshotserengeti.org/subjects/standard/50c2105d8a607540b9003f48_1.jpg","ASG0000ci0",2,1,"O10","R1","10 opinions agree upon the species present","reptiles","1","1"
"http://www.snapshotserengeti.org/subjects/standard/50c2105d8a607540b9003f48_2.jpg","ASG0000ci0",3,1,"O10","R1","10 opinions agree upon the species present","reptiles","1","1"
"http://www.snapshotserengeti.org/subjects/standard/51a3516be18f49172b10a0da_0.jpg","ASG000qozp",1,5,"J09","R2","10 opinions agree upon the species present","reptiles","1","1"
"http://www.snapshotserengeti.org/subjects/standard/51a3516be18f49172b10a0da_1.jpg","ASG000qozp",2,5,"J09","R2","10 opinions agree upon the species present","reptiles","1","1"
"http://www.snapshotserengeti.org/subjects/standard/51a3516be18f49172b10a0da_2.jpg","ASG000qozp",3,5,"J09","R2","10 opinions agree upon the species present","reptiles","1","1"
"http://www.snapshotserengeti.org/subjects/standard/50c212bf8a607540b9024ee1_0.jpg","ASG00038pt",1,1,"T13","R1","10 opinions agree upon the species present","reptiles","1","2"
"http://www.snapshotserengeti.org/subjects/standard/50c212bf8a607540b9024ee1_1.jpg","ASG00038pt",2,1,"T13","R1","10 opinions agree upon the species present","reptiles","1","2"
"http://www.snapshotserengeti.org/subjects/standard/50c212bf8a607540b9024ee1_2.jpg","ASG00038pt",3,1,"T13","R1","10 opinions agree upon the species present","reptiles","1","2"
"http://www.snapshotserengeti.org/subjects/standard/50c212bf8a607540b9024ee0_0.jpg","ASG00038ps",1,1,"T13","R1","10 opinions agree upon the species present","reptiles","1","1"
"http://www.snapshotserengeti.org/subjects/standard/50c212bf8a607540b9024ee0_1.jpg","ASG00038ps",2,1,"T13","R1","10 opinions agree upon the species present","reptiles","1","1"
"http://www.snapshotserengeti.org/subjects/standard/50c212bf8a607540b9024ee0_2.jpg","ASG00038ps",3,1,"T13","R1","10 opinions agree upon the species present","reptiles","1","1"
"http://www.snapshotserengeti.org/subjects/standard/5331d6d11bccd304b603f641_0.JPG","ASG0014ilu",1,7,"H11","R1","10 opinions agree upon the species present","reptiles","1","1"
"http://www.snapshotserengeti.org/subjects/standard/5331d6d11bccd304b603f641_1.JPG","ASG0014ilu",2,7,"H11","R1","10 opinions agree upon the species present","reptiles","1","1"
"http://www.snapshotserengeti.org/subjects/standard/5331d6d11bccd304b603f641_2.JPG","ASG0014ilu",3,7,"H11","R1","10 opinions agree upon the species present","reptiles","1","1"
"http://www.snapshotserengeti.org/subjects/standard/50c210608a607540b900416b_0.jpg","ASG0000cx7",1,1,"O10","R1","10 opinions agree upon the species present","reptiles","1","1"
"http://www.snapshotserengeti.org/subjects/standard/50c210608a607540b900416b_1.jpg","ASG0000cx7",2,1,"O10","R1","10 opinions agree upon the species present","reptiles","1","1"
"http://www.snapshotserengeti.org/subjects/standard/50c210608a607540b900416b_2.jpg","ASG0000cx7",3,1,"O10","R1","10 opinions agree upon the species present","reptiles","1","1"
"http://www.snapshotserengeti.org/subjects/standard/50c2105f8a607540b900415f_0.jpg","ASG0000cwv",1,1,"O10","R1","10 opinions agree upon the species present","reptiles","1","1"
"http://www.snapshotserengeti.org/subjects/standard/50c2105f8a607540b900415f_1.jpg","ASG0000cwv",2,1,"O10","R1","10 opinions agree upon the species present","reptiles","1","1"
"http://www.snapshotserengeti.org/subjects/standard/50c2105f8a607540b900415f_2.jpg","ASG0000cwv",3,1,"O10","R1","10 opinions agree upon the species present","reptiles","1","1"
"http://www.snapshotserengeti.org/subjects/standard/50c2105f8a607540b9004161_0.jpg","ASG0000cwx",1,1,"O10","R1","10 opinions agree upon the species present","reptiles","1","1"
"http://www.snapshotserengeti.org/subjects/standard/50c2105f8a607540b9004161_1.jpg","ASG0000cwx",2,1,"O10","R1","10 opinions agree upon the species present","reptiles","1","1"
"http://www.snapshotserengeti.org/subjects/standard/50c2105f8a607540b9004161_2.jpg","ASG0000cwx",3,1,"O10","R1","10 opinions agree upon the species present","reptiles","1","1"
"http://www.snapshotserengeti.org/subjects/standard/50c2105f8a607540b900414d_0.jpg","ASG0000cwd",1,1,"O10","R1","10 opinions agree upon the species present","reptiles","1","1"
"http://www.snapshotserengeti.org/subjects/standard/50c2105f8a607540b900414d_1.jpg","ASG0000cwd",2,1,"O10","R1","10 opinions agree upon the species present","reptiles","1","1"
"http://www.snapshotserengeti.org/subjects/standard/50c2105f8a607540b900414d_2.jpg","ASG0000cwd",3,1,"O10","R1","10 opinions agree upon the species present","reptiles","1","1"
"http://www.snapshotserengeti.org/subjects/standard/50c2105f8a607540b900414b_0.jpg","ASG0000cwb",1,1,"O10","R1","10 opinions agree upon the species present","reptiles","1","1"
"http://www.snapshotserengeti.org/subjects/standard/50c2105f8a607540b900414b_1.jpg","ASG0000cwb",2,1,"O10","R1","10 opinions agree upon the species present","reptiles","1","1"
"http://www.snapshotserengeti.org/subjects/standard/50c2105f8a607540b900414b_2.jpg","ASG0000cwb",3,1,"O10","R1","10 opinions agree upon the species present","reptiles","1","1"
"http://www.snapshotserengeti.org/subjects/standard/50c2105f8a607540b9004152_0.jpg","ASG0000cwi",1,1,"O10","R1","10 opinions agree upon the species present","reptiles","1","1"
"http://www.snapshotserengeti.org/subjects/standard/50c2105f8a607540b9004152_1.jpg","ASG0000cwi",2,1,"O10","R1","10 opinions agree upon the species present","reptiles","1","1"
"http://www.snapshotserengeti.org/subjects/standard/50c2105f8a607540b9004152_2.jpg","ASG0000cwi",3,1,"O10","R1","10 opinions agree upon the species present","reptiles","1","1"
"http://www.snapshotserengeti.org/subjects/standard/50c2105f8a607540b9004153_0.jpg","ASG0000cwj",1,1,"O10","R1","10 opinions agree upon the species present","reptiles","1","1"
"http://www.snapshotserengeti.org/subjects/standard/50c2105f8a607540b9004153_1.jpg","ASG0000cwj",2,1,"O10","R1","10 opinions agree upon the species present","reptiles","1","1"
"http://www.snapshotserengeti.org/subjects/standard/50c2105f8a607540b9004153_2.jpg","ASG0000cwj",3,1,"O10","R1","10 opinions agree upon the species present","reptiles","1","1"
"http://www.snapshotserengeti.org/subjects/standard/50c2105f8a607540b9004147_0.jpg","ASG0000cw7",1,1,"O10","R1","10 opinions agree upon the species present","reptiles","1","1"
"http://www.snapshotserengeti.org/subjects/standard/50c2105f8a607540b9004147_1.jpg","ASG0000cw7",2,1,"O10","R1","10 opinions agree upon the species present","reptiles","1","1"
"http://www.snapshotserengeti.org/subjects/standard/50c2105f8a607540b9004147_2.jpg","ASG0000cw7",3,1,"O10","R1","10 opinions agree upon the species present","reptiles","1","1"
"http://www.snapshotserengeti.org/subjects/standard/50c2105f8a607540b9004146_0.jpg","ASG0000cw6",1,1,"O10","R1","10 opinions agree upon the species present","reptiles","1","1"
"http://www.snapshotserengeti.org/subjects/standard/50c2105f8a607540b9004146_1.jpg","ASG0000cw6",2,1,"O10","R1","10 opinions agree upon the species present","reptiles","1","1"
"http://www.snapshotserengeti.org/subjects/standard/50c2105f8a607540b9004146_2.jpg","ASG0000cw6",3,1,"O10","R1","10 opinions agree upon the species present","reptiles","1","1"
"http://www.snapshotserengeti.org/subjects/standard/50c2105f8a607540b9004148_0.jpg","ASG0000cw8",1,1,"O10","R1","10 opinions agree upon the species present","reptiles","1","1"
"http://www.snapshotserengeti.org/subjects/standard/50c2105f8a607540b9004148_1.jpg","ASG0000cw8",2,1,"O10","R1","10 opinions agree upon the species present","reptiles","1","1"
"http://www.snapshotserengeti.org/subjects/standard/50c2105f8a607540b9004148_2.jpg","ASG0000cw8",3,1,"O10","R1","10 opinions agree upon the species present","reptiles","1","1"
"http://www.snapshotserengeti.org/subjects/standard/50c210688a607540b90048a5_0.jpg","ASG0000ecl",1,1,"O10","R2","10 opinions agree upon the species present","reptiles","1","1"
"http://www.snapshotserengeti.org/subjects/standard/50c210688a607540b90048a5_1.jpg","ASG0000ecl",2,1,"O10","R2","10 opinions agree upon the species present","reptiles","1","1"
"http://www.snapshotserengeti.org/subjects/standard/50c210688a607540b90048a5_2.jpg","ASG0000ecl",3,1,"O10","R2","10 opinions agree upon the species present","reptiles","1","1"
"http://www.snapshotserengeti.org/subjects/standard/50c2105f8a607540b90040d0_0.jpg","ASG0000csw",1,1,"O10","R1","10 opinions agree upon the species present","reptiles","1","1"
"http://www.snapshotserengeti.org/subjects/standard/50c2105f8a607540b90040d0_1.jpg","ASG0000csw",2,1,"O10","R1","10 opinions agree upon the species present","reptiles","1","1"
"http://www.snapshotserengeti.org/subjects/standard/50c2105f8a607540b90040d0_2.jpg","ASG0000csw",3,1,"O10","R1","10 opinions agree upon the species present","reptiles","1","1"
"http://www.snapshotserengeti.org/subjects/standard/50c2105f8a607540b90040bc_0.jpg","ASG0000csc",1,1,"O10","R1","10 opinions agree upon the species present","reptiles","1","2"
"http://www.snapshotserengeti.org/subjects/standard/50c2105f8a607540b90040bc_1.jpg","ASG0000csc",2,1,"O10","R1","10 opinions agree upon the species present","reptiles","1","2"
"http://www.snapshotserengeti.org/subjects/standard/50c2105f8a607540b90040bc_2.jpg","ASG0000csc",3,1,"O10","R1","10 opinions agree upon the species present","reptiles","1","2"
"http://www.snapshotserengeti.org/subjects/standard/50c2106a8a607540b90049a3_0.jpg","ASG0000ejn",1,1,"O10","R2","10 opinions agree upon the species present","reptiles","1","1"
"http://www.snapshotserengeti.org/subjects/standard/50c2106a8a607540b90049a3_1.jpg","ASG0000ejn",2,1,"O10","R2","10 opinions agree upon the species present","reptiles","1","1"
"http://www.snapshotserengeti.org/subjects/standard/50c2106a8a607540b90049a3_2.jpg","ASG0000ejn",3,1,"O10","R2","10 opinions agree upon the species present","reptiles","1","1"
"http://www.snapshotserengeti.org/subjects/standard/50dc6fb9a2fc8e3789003a2a_0.jpg","ASG000b5o4",1,4,"U13","R2","10 opinions agree upon the species present","reptiles","1","1"
"http://www.snapshotserengeti.org/subjects/standard/50dc6fb9a2fc8e3789003a2a_1.jpg","ASG000b5o4",2,4,"U13","R2","10 opinions agree upon the species present","reptiles","1","1"
"http://www.snapshotserengeti.org/subjects/standard/50dc6fb9a2fc8e3789003a2a_2.jpg","ASG000b5o4",3,4,"U13","R2","10 opinions agree upon the species present","reptiles","1","1"
"http://www.snapshotserengeti.org/subjects/standard/50c210638a607540b9004437_0.jpg","ASG0000dh3",1,1,"O10","R2","10 opinions agree upon the species present","reptiles","1","1"
"http://www.snapshotserengeti.org/subjects/standard/50c210638a607540b9004437_1.jpg","ASG0000dh3",2,1,"O10","R2","10 opinions agree upon the species present","reptiles","1","1"
"http://www.snapshotserengeti.org/subjects/standard/50c210638a607540b9004437_2.jpg","ASG0000dh3",3,1,"O10","R2","10 opinions agree upon the species present","reptiles","1","1"
"http://www.snapshotserengeti.org/subjects/standard/50c2105e8a607540b900403a_0.jpg","ASG0000coq",1,1,"O10","R1","10 opinions agree upon the species present","reptiles","1","1"
"http://www.snapshotserengeti.org/subjects/standard/50c2105e8a607540b900403a_1.jpg","ASG0000coq",2,1,"O10","R1","10 opinions agree upon the species present","reptiles","1","1"
"http://www.snapshotserengeti.org/subjects/standard/50c2105e8a607540b900403a_2.jpg","ASG0000coq",3,1,"O10","R1","10 opinions agree upon the species present","reptiles","1","1"
"http://www.snapshotserengeti.org/subjects/standard/50c210698a607540b9004909_0.jpg","ASG0000efd",1,1,"O10","R2","10 opinions agree upon the species present","reptiles","1","1"
"http://www.snapshotserengeti.org/subjects/standard/50c210698a607540b9004909_1.jpg","ASG0000efd",2,1,"O10","R2","10 opinions agree upon the species present","reptiles","1","1"
"http://www.snapshotserengeti.org/subjects/standard/50c210698a607540b9004909_2.jpg","ASG0000efd",3,1,"O10","R2","10 opinions agree upon the species present","reptiles","1","1"
"http://www.snapshotserengeti.org/subjects/standard/50c212c28a607540b90251a9_0.jpg","ASG000399l",1,1,"T13","R1","10 opinions agree upon the species present","reptiles","1","1"
"http://www.snapshotserengeti.org/subjects/standard/50c212c28a607540b90251a9_1.jpg","ASG000399l",2,1,"T13","R1","10 opinions agree upon the species present","reptiles","1","1"
"http://www.snapshotserengeti.org/subjects/standard/50c212c28a607540b90251a9_2.jpg","ASG000399l",3,1,"T13","R1","10 opinions agree upon the species present","reptiles","1","1"
"http://www.snapshotserengeti.org/subjects/standard/50c212c28a607540b9025194_0.jpg","ASG0003990",1,1,"T13","R1","10 opinions agree upon the species present","reptiles","1","1"
"http://www.snapshotserengeti.org/subjects/standard/50c212c28a607540b9025194_1.jpg","ASG0003990",2,1,"T13","R1","10 opinions agree upon the species present","reptiles","1","1"
"http://www.snapshotserengeti.org/subjects/standard/50c212c28a607540b9025194_2.jpg","ASG0003990",3,1,"T13","R1","10 opinions agree upon the species present","reptiles","1","1"
"http://www.snapshotserengeti.org/subjects/standard/50c212c28a607540b9025196_0.jpg","ASG0003992",1,1,"T13","R1","10 opinions agree upon the species present","reptiles","1","1"
"http://www.snapshotserengeti.org/subjects/standard/50c212c28a607540b9025196_1.jpg","ASG0003992",2,1,"T13","R1","10 opinions agree upon the species present","reptiles","1","1"
"http://www.snapshotserengeti.org/subjects/standard/50c212c28a607540b9025196_2.jpg","ASG0003992",3,1,"T13","R1","10 opinions agree upon the species present","reptiles","1","1"
"http://zooniverse-static.s3.amazonaws.com/www.snapshotserengeti.org/subjects/standard/54cfdc9387ee0404d50a6de9_0.JPG","ASG0019z2b",1,8,"R10","R2","10 opinions agree upon the species present","reptiles","1","1"
"http://www.snapshotserengeti.org/subjects/standard/50c2105d8a607540b9003fa4_0.jpg","ASG0000ckk",1,1,"O10","R1","10 opinions agree upon the species present","reptiles","1","1"
"http://www.snapshotserengeti.org/subjects/standard/50c2105d8a607540b9003fa4_1.jpg","ASG0000ckk",2,1,"O10","R1","10 opinions agree upon the species present","reptiles","1","1"
"http://www.snapshotserengeti.org/subjects/standard/50c2105d8a607540b9003fa4_2.jpg","ASG0000ckk",3,1,"O10","R1","10 opinions agree upon the species present","reptiles","1","1"
"http://www.snapshotserengeti.org/subjects/standard/50c2105d8a607540b9003fa6_0.jpg","ASG0000ckm",1,1,"O10","R1","10 opinions agree upon the species present","reptiles","1","1"
"http://www.snapshotserengeti.org/subjects/standard/50c2105d8a607540b9003fa6_1.jpg","ASG0000ckm",2,1,"O10","R1","10 opinions agree upon the species present","reptiles","1","1"
"http://www.snapshotserengeti.org/subjects/standard/50c2105d8a607540b9003fa6_2.jpg","ASG0000ckm",3,1,"O10","R1","10 opinions agree upon the species present","reptiles","1","1"
"http://www.snapshotserengeti.org/subjects/standard/50c2105f8a607540b90040da_0.jpg","ASG0000ct6",1,1,"O10","R1","10 opinions agree upon the species present","reptiles","1","1"
"http://www.snapshotserengeti.org/subjects/standard/50c2105f8a607540b90040da_1.jpg","ASG0000ct6",2,1,"O10","R1","10 opinions agree upon the species present","reptiles","1","1"
"http://www.snapshotserengeti.org/subjects/standard/50c2105f8a607540b90040da_2.jpg","ASG0000ct6",3,1,"O10","R1","10 opinions agree upon the species present","reptiles","1","1"
"http://www.snapshotserengeti.org/subjects/standard/50c212d08a607540b9025cfb_0.jpg","ASG0003bi3",1,1,"U13","R1","10 opinions agree upon the species present","reptiles","1","1"
"http://www.snapshotserengeti.org/subjects/standard/50c212d08a607540b9025cfb_1.jpg","ASG0003bi3",2,1,"U13","R1","10 opinions agree upon the species present","reptiles","1","1"
"http://www.snapshotserengeti.org/subjects/standard/50c212d08a607540b9025cfb_2.jpg","ASG0003bi3",3,1,"U13","R1","10 opinions agree upon the species present","reptiles","1","1"
"http://www.snapshotserengeti.org/subjects/standard/50c212c48a607540b902537a_0.jpg","ASG00039mi",1,1,"T13","R1","10 opinions agree upon the species present","reptiles","1","1"
"http://www.snapshotserengeti.org/subjects/standard/50c212c48a607540b902537a_1.jpg","ASG00039mi",2,1,"T13","R1","10 opinions agree upon the species present","reptiles","1","1"
"http://www.snapshotserengeti.org/subjects/standard/50c212c48a607540b902537a_2.jpg","ASG00039mi",3,1,"T13","R1","10 opinions agree upon the species present","reptiles","1","1"
"http://www.snapshotserengeti.org/subjects/standard/50c212c48a607540b902537b_0.jpg","ASG00039mj",1,1,"T13","R1","10 opinions agree upon the species present","reptiles","1","1"
"http://www.snapshotserengeti.org/subjects/standard/50c212c48a607540b902537b_1.jpg","ASG00039mj",2,1,"T13","R1","10 opinions agree upon the species present","reptiles","1","1"
"http://www.snapshotserengeti.org/subjects/standard/50c212c48a607540b902537b_2.jpg","ASG00039mj",3,1,"T13","R1","10 opinions agree upon the species present","reptiles","1","1"
"http://www.snapshotserengeti.org/subjects/standard/51e8fc07e0053a09c30a68fa_0.jpg","ASG0010d8w",1,6,"M06","R1","10 opinions agree upon the species present","reptiles","1","1"
"http://www.snapshotserengeti.org/subjects/standard/51e8fc07e0053a09c30a68fa_1.jpg","ASG0010d8w",2,6,"M06","R1","10 opinions agree upon the species present","reptiles","1","1"
"http://www.snapshotserengeti.org/subjects/standard/51e8fc07e0053a09c30a68fa_2.jpg","ASG0010d8w",3,6,"M06","R1","10 opinions agree upon the species present","reptiles","1","1"
"http://www.snapshotserengeti.org/subjects/standard/50c210608a607540b9004179_0.jpg","ASG0000cxl",1,1,"O10","R1","10 opinions agree upon the species present","reptiles","1","1"
"http://www.snapshotserengeti.org/subjects/standard/50c210608a607540b9004179_1.jpg","ASG0000cxl",2,1,"O10","R1","10 opinions agree upon the species present","reptiles","1","1"
"http://www.snapshotserengeti.org/subjects/standard/50c210608a607540b9004179_2.jpg","ASG0000cxl",3,1,"O10","R1","10 opinions agree upon the species present","reptiles","1","1"
"http://www.snapshotserengeti.org/subjects/standard/50c210608a607540b900417a_0.jpg","ASG0000cxm",1,1,"O10","R1","10 opinions agree upon the species present","reptiles","1","1"
"http://www.snapshotserengeti.org/subjects/standard/50c210608a607540b900417a_1.jpg","ASG0000cxm",2,1,"O10","R1","10 opinions agree upon the species present","reptiles","1","1"
"http://www.snapshotserengeti.org/subjects/standard/50c210608a607540b900417a_2.jpg","ASG0000cxm",3,1,"O10","R1","10 opinions agree upon the species present","reptiles","1","1"
"http://www.snapshotserengeti.org/subjects/standard/50c210608a607540b9004182_0.jpg","ASG0000cxu",1,1,"O10","R1","10 opinions agree upon the species present","reptiles","1","1"
"http://www.snapshotserengeti.org/subjects/standard/50c210608a607540b9004182_1.jpg","ASG0000cxu",2,1,"O10","R1","10 opinions agree upon the species present","reptiles","1","1"
"http://www.snapshotserengeti.org/subjects/standard/50c210608a607540b9004182_2.jpg","ASG0000cxu",3,1,"O10","R1","10 opinions agree upon the species present","reptiles","1","1"
"http://www.snapshotserengeti.org/subjects/standard/50c210608a607540b9004183_0.jpg","ASG0000cxv",1,1,"O10","R1","10 opinions agree upon the species present","reptiles","1","1"
"http://www.snapshotserengeti.org/subjects/standard/50c210608a607540b9004183_1.jpg","ASG0000cxv",2,1,"O10","R1","10 opinions agree upon the species present","reptiles","1","1"
"http://www.snapshotserengeti.org/subjects/standard/50c210608a607540b9004183_2.jpg","ASG0000cxv",3,1,"O10","R1","10 opinions agree upon the species present","reptiles","1","1"
"http://www.snapshotserengeti.org/subjects/standard/50c210608a607540b900417d_0.jpg","ASG0000cxp",1,1,"O10","R1","10 opinions agree upon the species present","reptiles","1","1"
"http://www.snapshotserengeti.org/subjects/standard/50c210608a607540b900417d_1.jpg","ASG0000cxp",2,1,"O10","R1","10 opinions agree upon the species present","reptiles","1","1"
"http://www.snapshotserengeti.org/subjects/standard/50c210608a607540b900417d_2.jpg","ASG0000cxp",3,1,"O10","R1","10 opinions agree upon the species present","reptiles","1","1"
"http://www.snapshotserengeti.org/subjects/standard/50c212bf8a607540b9024f02_0.jpg","ASG00038qq",1,1,"T13","R1","10 opinions agree upon the species present","reptiles","1","1"
"http://www.snapshotserengeti.org/subjects/standard/50c212bf8a607540b9024f02_1.jpg","ASG00038qq",2,1,"T13","R1","10 opinions agree upon the species present","reptiles","1","1"
"http://www.snapshotserengeti.org/subjects/standard/50c212bf8a607540b9024f02_2.jpg","ASG00038qq",3,1,"T13","R1","10 opinions agree upon the species present","reptiles","1","1"
"http://www.snapshotserengeti.org/subjects/standard/50c2105f8a607540b90040d6_0.jpg","ASG0000ct2",1,1,"O10","R1","10 opinions agree upon the species present","reptiles","1","1"
"http://www.snapshotserengeti.org/subjects/standard/50c2105f8a607540b90040d6_1.jpg","ASG0000ct2",2,1,"O10","R1","10 opinions agree upon the species present","reptiles","1","1"
"http://www.snapshotserengeti.org/subjects/standard/50c2105f8a607540b90040d6_2.jpg","ASG0000ct2",3,1,"O10","R1","10 opinions agree upon the species present","reptiles","1","1"
"http://www.snapshotserengeti.org/subjects/standard/50c2105f8a607540b90040e5_0.jpg","ASG0000cth",1,1,"O10","R1","10 opinions agree upon the species present","reptiles","1","1"
"http://www.snapshotserengeti.org/subjects/standard/50c2105f8a607540b90040e5_1.jpg","ASG0000cth",2,1,"O10","R1","10 opinions agree upon the species present","reptiles","1","1"
"http://www.snapshotserengeti.org/subjects/standard/50c2105f8a607540b90040e5_2.jpg","ASG0000cth",3,1,"O10","R1","10 opinions agree upon the species present","reptiles","1","1"
"http://www.snapshotserengeti.org/subjects/standard/50c2105f8a607540b90040e7_0.jpg","ASG0000ctj",1,1,"O10","R1","10 opinions agree upon the species present","reptiles","1","1"
"http://www.snapshotserengeti.org/subjects/standard/50c2105f8a607540b90040e7_1.jpg","ASG0000ctj",2,1,"O10","R1","10 opinions agree upon the species present","reptiles","1","1"
"http://www.snapshotserengeti.org/subjects/standard/50c2105f8a607540b90040e7_2.jpg","ASG0000ctj",3,1,"O10","R1","10 opinions agree upon the species present","reptiles","1","1"
"http://www.snapshotserengeti.org/subjects/standard/50c2105f8a607540b90040eb_0.jpg","ASG0000ctn",1,1,"O10","R1","10 opinions agree upon the species present","reptiles","1","1"
"http://www.snapshotserengeti.org/subjects/standard/50c2105f8a607540b90040eb_1.jpg","ASG0000ctn",2,1,"O10","R1","10 opinions agree upon the species present","reptiles","1","1"
"http://www.snapshotserengeti.org/subjects/standard/50c2105f8a607540b90040eb_2.jpg","ASG0000ctn",3,1,"O10","R1","10 opinions agree upon the species present","reptiles","1","1"
"http://www.snapshotserengeti.org/subjects/standard/50c2105f8a607540b90040ec_0.jpg","ASG0000cto",1,1,"O10","R1","10 opinions agree upon the species present","reptiles","1","1"
"http://www.snapshotserengeti.org/subjects/standard/50c2105f8a607540b90040ec_1.jpg","ASG0000cto",2,1,"O10","R1","10 opinions agree upon the species present","reptiles","1","1"
"http://www.snapshotserengeti.org/subjects/standard/50c2105f8a607540b90040ec_2.jpg","ASG0000cto",3,1,"O10","R1","10 opinions agree upon the species present","reptiles","1","1"
"http://www.snapshotserengeti.org/subjects/standard/50c2105f8a607540b90040ed_0.jpg","ASG0000ctp",1,1,"O10","R1","10 opinions agree upon the species present","reptiles","1","1"
"http://www.snapshotserengeti.org/subjects/standard/50c2105f8a607540b90040ed_1.jpg","ASG0000ctp",2,1,"O10","R1","10 opinions agree upon the species present","reptiles","1","1"
"http://www.snapshotserengeti.org/subjects/standard/50c2105f8a607540b90040ed_2.jpg","ASG0000ctp",3,1,"O10","R1","10 opinions agree upon the species present","reptiles","1","1"
"http://www.snapshotserengeti.org/subjects/standard/50c212c08a607540b9024f89_0.jpg","ASG00038uh",1,1,"T13","R1","10 opinions agree upon the species present","reptiles","1","1"
"http://www.snapshotserengeti.org/subjects/standard/50c212c08a607540b9024f89_1.jpg","ASG00038uh",2,1,"T13","R1","10 opinions agree upon the species present","reptiles","1","1"
"http://www.snapshotserengeti.org/subjects/standard/50c212c08a607540b9024f89_2.jpg","ASG00038uh",3,1,"T13","R1","10 opinions agree upon the species present","reptiles","1","1"
"http://www.snapshotserengeti.org/subjects/standard/51e8eaf1e0053a09c3086f54_0.jpg","ASG000zwlj",1,6,"J09","R2","10 opinions agree upon the species present","reptiles","1","1"
"http://www.snapshotserengeti.org/subjects/standard/51e8eaf1e0053a09c3086f54_1.jpg","ASG000zwlj",2,6,"J09","R2","10 opinions agree upon the species present","reptiles","1","1"
"http://www.snapshotserengeti.org/subjects/standard/51e8eaf1e0053a09c3086f54_2.jpg","ASG000zwlj",3,6,"J09","R2","10 opinions agree upon the species present","reptiles","1","1"
"http://www.snapshotserengeti.org/subjects/standard/50c2105e8a607540b900403e_0.jpg","ASG0000cou",1,1,"O10","R1","10 opinions agree upon the species present","reptiles","1","1"
"http://www.snapshotserengeti.org/subjects/standard/50c2105e8a607540b900403e_1.jpg","ASG0000cou",2,1,"O10","R1","10 opinions agree upon the species present","reptiles","1","1"
"http://www.snapshotserengeti.org/subjects/standard/50c2105e8a607540b900403e_2.jpg","ASG0000cou",3,1,"O10","R1","10 opinions agree upon the species present","reptiles","1","1"
"http://www.snapshotserengeti.org/subjects/standard/50c210628a607540b9004324_0.jpg","ASG0000d9g",1,1,"O10","R2","10 opinions agree upon the species present","reptiles","1","1"
"http://www.snapshotserengeti.org/subjects/standard/50c210628a607540b9004324_1.jpg","ASG0000d9g",2,1,"O10","R2","10 opinions agree upon the species present","reptiles","1","1"
"http://www.snapshotserengeti.org/subjects/standard/50c210628a607540b9004324_2.jpg","ASG0000d9g",3,1,"O10","R2","10 opinions agree upon the species present","reptiles","1","1"
"http://www.snapshotserengeti.org/subjects/standard/50c210628a607540b9004325_0.jpg","ASG0000d9h",1,1,"O10","R2","10 opinions agree upon the species present","reptiles","1","1"
"http://www.snapshotserengeti.org/subjects/standard/50c210628a607540b9004325_1.jpg","ASG0000d9h",2,1,"O10","R2","10 opinions agree upon the species present","reptiles","1","1"
"http://www.snapshotserengeti.org/subjects/standard/50c210628a607540b9004325_2.jpg","ASG0000d9h",3,1,"O10","R2","10 opinions agree upon the species present","reptiles","1","1"
"http://www.snapshotserengeti.org/subjects/standard/50c2105e8a607540b900404b_0.jpg","ASG0000cp7",1,1,"O10","R1","10 opinions agree upon the species present","reptiles","1","1"
"http://www.snapshotserengeti.org/subjects/standard/50c2105e8a607540b900404b_1.jpg","ASG0000cp7",2,1,"O10","R1","10 opinions agree upon the species present","reptiles","1","1"
"http://www.snapshotserengeti.org/subjects/standard/50c2105e8a607540b900404b_2.jpg","ASG0000cp7",3,1,"O10","R1","10 opinions agree upon the species present","reptiles","1","1"
"http://www.snapshotserengeti.org/subjects/standard/50c2105e8a607540b9004051_0.jpg","ASG0000cpd",1,1,"O10","R1","10 opinions agree upon the species present","reptiles","1","1"
"http://www.snapshotserengeti.org/subjects/standard/50c2105e8a607540b9004051_1.jpg","ASG0000cpd",2,1,"O10","R1","10 opinions agree upon the species present","reptiles","1","1"
"http://www.snapshotserengeti.org/subjects/standard/50c2105e8a607540b9004051_2.jpg","ASG0000cpd",3,1,"O10","R1","10 opinions agree upon the species present","reptiles","1","1"
"http://www.snapshotserengeti.org/subjects/standard/50dca2dda2fc8e37890b5d07_0.jpg","ASG000dqmy",1,4,"O09","R2","10 opinions agree upon the species present","reptiles","1","1"
"http://www.snapshotserengeti.org/subjects/standard/50dca2dda2fc8e37890b5d07_1.jpg","ASG000dqmy",2,4,"O09","R2","10 opinions agree upon the species present","reptiles","1","1"
"http://www.snapshotserengeti.org/subjects/standard/50dca2dda2fc8e37890b5d07_2.jpg","ASG000dqmy",3,4,"O09","R2","10 opinions agree upon the species present","reptiles","1","1"
"http://www.snapshotserengeti.org/subjects/standard/50c2106a8a607540b90049c6_0.jpg","ASG0000ekm",1,1,"O10","R2","10 opinions agree upon the species present","reptiles","1","1"
"http://www.snapshotserengeti.org/subjects/standard/50c2106a8a607540b90049c6_1.jpg","ASG0000ekm",2,1,"O10","R2","10 opinions agree upon the species present","reptiles","1","1"
"http://www.snapshotserengeti.org/subjects/standard/50c2106a8a607540b90049c6_2.jpg","ASG0000ekm",3,1,"O10","R2","10 opinions agree upon the species present","reptiles","1","1"
"http://zooniverse-static.s3.amazonaws.com/www.snapshotserengeti.org/subjects/standard/56a6972b41479b0042060439_0.JPG","ASG001govg",1,9,"J09","1","","reptiles","1","1"
"http://www.snapshotserengeti.org/subjects/standard/50c2105e8a607540b9003fb9_0.jpg","ASG0000cl5",1,1,"O10","R1","10 opinions agree upon the species present","reptiles","1","1"
"http://www.snapshotserengeti.org/subjects/standard/50c2105e8a607540b9003fb9_1.jpg","ASG0000cl5",2,1,"O10","R1","10 opinions agree upon the species present","reptiles","1","1"
"http://www.snapshotserengeti.org/subjects/standard/50c2105e8a607540b9003fb9_2.jpg","ASG0000cl5",3,1,"O10","R1","10 opinions agree upon the species present","reptiles","1","1"
"http://www.snapshotserengeti.org/subjects/standard/50c2105e8a607540b9003fbf_0.jpg","ASG0000clb",1,1,"O10","R1","10 opinions agree upon the species present","reptiles","1","1"
"http://www.snapshotserengeti.org/subjects/standard/50c2105e8a607540b9003fbf_1.jpg","ASG0000clb",2,1,"O10","R1","10 opinions agree upon the species present","reptiles","1","1"
"http://www.snapshotserengeti.org/subjects/standard/50c2105e8a607540b9003fbf_2.jpg","ASG0000clb",3,1,"O10","R1","10 opinions agree upon the species present","reptiles","1","1"
"http://www.snapshotserengeti.org/subjects/standard/50c2105e8a607540b9003fd6_0.jpg","ASG0000cly",1,1,"O10","R1","10 opinions agree upon the species present","reptiles","1","1"
"http://www.snapshotserengeti.org/subjects/standard/50c2105e8a607540b9003fd6_1.jpg","ASG0000cly",2,1,"O10","R1","10 opinions agree upon the species present","reptiles","1","1"
"http://www.snapshotserengeti.org/subjects/standard/50c2105e8a607540b9003fd6_2.jpg","ASG0000cly",3,1,"O10","R1","10 opinions agree upon the species present","reptiles","1","1"
"http://www.snapshotserengeti.org/subjects/standard/5331dbee1bccd304b60619e9_0.JPG","ASG00131dx",1,7,"J09","R3","10 opinions agree upon the species present","reptiles","1","1"
"http://www.snapshotserengeti.org/subjects/standard/5331dbee1bccd304b60619e9_1.JPG","ASG00131dx",2,7,"J09","R3","10 opinions agree upon the species present","reptiles","1","1"
"http://www.snapshotserengeti.org/subjects/standard/5331dbee1bccd304b60619e9_2.JPG","ASG00131dx",3,7,"J09","R3","10 opinions agree upon the species present","reptiles","1","1"
"http://www.snapshotserengeti.org/subjects/standard/50c212be8a607540b9024e03_0.jpg","ASG00038jn",1,1,"T13","R1","10 opinions agree upon the species present","reptiles","1","1"
"http://www.snapshotserengeti.org/subjects/standard/50c212be8a607540b9024e03_1.jpg","ASG00038jn",2,1,"T13","R1","10 opinions agree upon the species present","reptiles","1","1"
"http://www.snapshotserengeti.org/subjects/standard/50c212be8a607540b9024e03_2.jpg","ASG00038jn",3,1,"T13","R1","10 opinions agree upon the species present","reptiles","1","1"
"http://www.snapshotserengeti.org/subjects/standard/50c210648a607540b90044ab_0.jpg","ASG0000dkb",1,1,"O10","R2","10 opinions agree upon the species present","reptiles","1","1"
"http://www.snapshotserengeti.org/subjects/standard/50c210648a607540b90044ab_1.jpg","ASG0000dkb",2,1,"O10","R2","10 opinions agree upon the species present","reptiles","1","1"
"http://www.snapshotserengeti.org/subjects/standard/50c210648a607540b90044ab_2.jpg","ASG0000dkb",3,1,"O10","R2","10 opinions agree upon the species present","reptiles","1","1"
"http://www.snapshotserengeti.org/subjects/standard/50c210648a607540b90044aa_0.jpg","ASG0000dka",1,1,"O10","R2","10 opinions agree upon the species present","reptiles","1","1"
"http://www.snapshotserengeti.org/subjects/standard/50c210648a607540b90044aa_1.jpg","ASG0000dka",2,1,"O10","R2","10 opinions agree upon the species present","reptiles","1","1"
"http://www.snapshotserengeti.org/subjects/standard/50c210648a607540b90044aa_2.jpg","ASG0000dka",3,1,"O10","R2","10 opinions agree upon the species present","reptiles","1","1"
"http://www.snapshotserengeti.org/subjects/standard/50c212c38a607540b90252d7_0.jpg","ASG00039hz",1,1,"T13","R1","10 opinions agree upon the species present","reptiles","1","1"
"http://www.snapshotserengeti.org/subjects/standard/50c212c38a607540b90252d7_1.jpg","ASG00039hz",2,1,"T13","R1","10 opinions agree upon the species present","reptiles","1","1"
"http://www.snapshotserengeti.org/subjects/standard/50c212c38a607540b90252d7_2.jpg","ASG00039hz",3,1,"T13","R1","10 opinions agree upon the species present","reptiles","1","1"
"http://www.snapshotserengeti.org/subjects/standard/50c2105d8a607540b9003f45_0.jpg","ASG0000chx",1,1,"O10","R1","10 opinions agree upon the species present","reptiles","1","1"
"http://www.snapshotserengeti.org/subjects/standard/50c2105d8a607540b9003f45_1.jpg","ASG0000chx",2,1,"O10","R1","10 opinions agree upon the species present","reptiles","1","1"
"http://www.snapshotserengeti.org/subjects/standard/50c2105d8a607540b9003f45_2.jpg","ASG0000chx",3,1,"O10","R1","10 opinions agree upon the species present","reptiles","1","1"
"http://www.snapshotserengeti.org/subjects/standard/50c2105d8a607540b9003f46_0.jpg","ASG0000chy",1,1,"O10","R1","10 opinions agree upon the species present","reptiles","1","2"
"http://www.snapshotserengeti.org/subjects/standard/50c2105d8a607540b9003f46_1.jpg","ASG0000chy",2,1,"O10","R1","10 opinions agree upon the species present","reptiles","1","2"
"http://www.snapshotserengeti.org/subjects/standard/50c2105d8a607540b9003f46_2.jpg","ASG0000chy",3,1,"O10","R1","10 opinions agree upon the species present","reptiles","1","2"
"http://www.snapshotserengeti.org/subjects/standard/50c2105d8a607540b9003f47_0.jpg","ASG0000chz",1,1,"O10","R1","10 opinions agree upon the species present","reptiles","1","1"
"http://www.snapshotserengeti.org/subjects/standard/50c2105d8a607540b9003f47_1.jpg","ASG0000chz",2,1,"O10","R1","10 opinions agree upon the species present","reptiles","1","1"
"http://www.snapshotserengeti.org/subjects/standard/50c2105d8a607540b9003f47_2.jpg","ASG0000chz",3,1,"O10","R1","10 opinions agree upon the species present","reptiles","1","1"
"http://www.snapshotserengeti.org/subjects/standard/50c210688a607540b900489d_0.jpg","ASG0000ecd",1,1,"O10","R2","10 opinions agree upon the species present","reptiles","1","1"
"http://www.snapshotserengeti.org/subjects/standard/50c210688a607540b900489d_1.jpg","ASG0000ecd",2,1,"O10","R2","10 opinions agree upon the species present","reptiles","1","1"
"http://www.snapshotserengeti.org/subjects/standard/50c210688a607540b900489d_2.jpg","ASG0000ecd",3,1,"O10","R2","10 opinions agree upon the species present","reptiles","1","1"
"http://www.snapshotserengeti.org/subjects/standard/50c2105f8a607540b9004095_0.jpg","ASG0000cr9",1,1,"O10","R1","10 opinions agree upon the species present","reptiles","1","1"
"http://www.snapshotserengeti.org/subjects/standard/50c2105f8a607540b9004095_1.jpg","ASG0000cr9",2,1,"O10","R1","10 opinions agree upon the species present","reptiles","1","1"
"http://www.snapshotserengeti.org/subjects/standard/50c2105f8a607540b9004095_2.jpg","ASG0000cr9",3,1,"O10","R1","10 opinions agree upon the species present","reptiles","1","1"
"http://www.snapshotserengeti.org/subjects/standard/50c2105f8a607540b90040a1_0.jpg","ASG0000crl",1,1,"O10","R1","10 opinions agree upon the species present","reptiles","1","1"
"http://www.snapshotserengeti.org/subjects/standard/50c2105f8a607540b90040a1_1.jpg","ASG0000crl",2,1,"O10","R1","10 opinions agree upon the species present","reptiles","1","1"
"http://www.snapshotserengeti.org/subjects/standard/50c2105f8a607540b90040a1_2.jpg","ASG0000crl",3,1,"O10","R1","10 opinions agree upon the species present","reptiles","1","1"
"http://zooniverse-static.s3.amazonaws.com/www.snapshotserengeti.org/subjects/standard/56a6cf8641479b004209ba1f_0.JPG","ASG001nen2",1,9,"B04","1","","reptiles","1","1"
"http://www.snapshotserengeti.org/subjects/standard/51e8fc09e0053a09c30a6935_0.jpg","ASG0010d99",1,6,"M06","R1","10 opinions agree upon the species present","reptiles","1","1"
"http://www.snapshotserengeti.org/subjects/standard/51e8fc09e0053a09c30a6935_1.jpg","ASG0010d99",2,6,"M06","R1","10 opinions agree upon the species present","reptiles","1","1"
"http://www.snapshotserengeti.org/subjects/standard/51e8fc09e0053a09c30a6935_2.jpg","ASG0010d99",3,6,"M06","R1","10 opinions agree upon the species present","reptiles","1","1"
"http://www.snapshotserengeti.org/subjects/standard/50c210608a607540b900419c_0.jpg","ASG0000cyk",1,1,"O10","R1","10 opinions agree upon the species present","reptiles","1","1"
"http://www.snapshotserengeti.org/subjects/standard/50c210608a607540b900419c_1.jpg","ASG0000cyk",2,1,"O10","R1","10 opinions agree upon the species present","reptiles","1","1"
"http://www.snapshotserengeti.org/subjects/standard/50c210608a607540b900419c_2.jpg","ASG0000cyk",3,1,"O10","R1","10 opinions agree upon the species present","reptiles","1","1"
"http://www.snapshotserengeti.org/subjects/standard/50c210608a607540b9004194_0.jpg","ASG0000cyc",1,1,"O10","R1","10 opinions agree upon the species present","reptiles","1","1"
"http://www.snapshotserengeti.org/subjects/standard/50c210608a607540b9004194_1.jpg","ASG0000cyc",2,1,"O10","R1","10 opinions agree upon the species present","reptiles","1","1"
"http://www.snapshotserengeti.org/subjects/standard/50c210608a607540b9004194_2.jpg","ASG0000cyc",3,1,"O10","R1","10 opinions agree upon the species present","reptiles","1","1"
"http://www.snapshotserengeti.org/subjects/standard/50c210608a607540b9004190_0.jpg","ASG0000cy8",1,1,"O10","R1","10 opinions agree upon the species present","reptiles","1","1"
"http://www.snapshotserengeti.org/subjects/standard/50c210608a607540b9004190_1.jpg","ASG0000cy8",2,1,"O10","R1","10 opinions agree upon the species present","reptiles","1","1"
"http://www.snapshotserengeti.org/subjects/standard/50c210608a607540b9004190_2.jpg","ASG0000cy8",3,1,"O10","R1","10 opinions agree upon the species present","reptiles","1","1"
"http://www.snapshotserengeti.org/subjects/standard/50c210608a607540b9004188_0.jpg","ASG0000cy0",1,1,"O10","R1","10 opinions agree upon the species present","reptiles","1","1"
"http://www.snapshotserengeti.org/subjects/standard/50c210608a607540b9004188_1.jpg","ASG0000cy0",2,1,"O10","R1","10 opinions agree upon the species present","reptiles","1","1"
"http://www.snapshotserengeti.org/subjects/standard/50c210608a607540b9004188_2.jpg","ASG0000cy0",3,1,"O10","R1","10 opinions agree upon the species present","reptiles","1","1"
"http://www.snapshotserengeti.org/subjects/standard/50c210608a607540b900418c_0.jpg","ASG0000cy4",1,1,"O10","R1","10 opinions agree upon the species present","reptiles","1","1"
"http://www.snapshotserengeti.org/subjects/standard/50c210608a607540b900418c_1.jpg","ASG0000cy4",2,1,"O10","R1","10 opinions agree upon the species present","reptiles","1","1"
"http://www.snapshotserengeti.org/subjects/standard/50c210608a607540b900418c_2.jpg","ASG0000cy4",3,1,"O10","R1","10 opinions agree upon the species present","reptiles","1","1"
"http://zooniverse-static.s3.amazonaws.com/www.snapshotserengeti.org/subjects/standard/56a6dfba41479b00420aca79_0.JPG","ASG001o5ip",1,9,"J09","1","","reptiles","1","1"
