"url","Subject ID","Frame","Season","Site","Roll","Decision Type","Crowd Determination","Number of Species Present","Number of Animals Present"
"http://www.snapshotserengeti.org/subjects/standard/50c2105f8a607540b9004105_0.jpg","ASG0000cud",1,1,"O10","R1","10 opinions agree upon the species present","rodents","1","1"
"http://www.snapshotserengeti.org/subjects/standard/50c2105f8a607540b9004105_1.jpg","ASG0000cud",2,1,"O10","R1","10 opinions agree upon the species present","rodents","1","1"
"http://www.snapshotserengeti.org/subjects/standard/50c2105f8a607540b9004105_2.jpg","ASG0000cud",3,1,"O10","R1","10 opinions agree upon the species present","rodents","1","1"
"http://www.snapshotserengeti.org/subjects/standard/50c2105f8a607540b9004104_0.jpg","ASG0000cuc",1,1,"O10","R1","10 opinions agree upon the species present","rodents","1","1"
"http://www.snapshotserengeti.org/subjects/standard/50c2105f8a607540b9004104_1.jpg","ASG0000cuc",2,1,"O10","R1","10 opinions agree upon the species present","rodents","1","1"
"http://www.snapshotserengeti.org/subjects/standard/50c2105f8a607540b9004104_2.jpg","ASG0000cuc",3,1,"O10","R1","10 opinions agree upon the species present","rodents","1","1"
"http://www.snapshotserengeti.org/subjects/standard/50c2105f8a607540b9004103_0.jpg","ASG0000cub",1,1,"O10","R1","10 opinions agree upon the species present","rodents","1","1"
"http://www.snapshotserengeti.org/subjects/standard/50c2105f8a607540b9004103_1.jpg","ASG0000cub",2,1,"O10","R1","10 opinions agree upon the species present","rodents","1","1"
"http://www.snapshotserengeti.org/subjects/standard/50c2105f8a607540b9004103_2.jpg","ASG0000cub",3,1,"O10","R1","10 opinions agree upon the species present","rodents","1","1"
"http://zooniverse-static.s3.amazonaws.com/www.snapshotserengeti.org/subjects/standard/54cfd92387ee0404d508c3ff_0.JPG","ASG0018uzd",1,8,"O03","R2","10 opinions agree upon the species present","rodents","1","1"
"http://zooniverse-static.s3.amazonaws.com/www.snapshotserengeti.org/subjects/standard/54cfd93687ee0404d508cd09_0.JPG","ASG0018v2d",1,8,"O03","R3","10 opinions agree upon the species present","rodents","1","1"
"http://www.snapshotserengeti.org/subjects/standard/50c210258a607540b9000ee5_0.jpg","ASG00002xx",1,1,"H01","R1","10 opinions agree upon the species present","rodents","1","1"
"http://www.snapshotserengeti.org/subjects/standard/50c210258a607540b9000ee5_1.jpg","ASG00002xx",2,1,"H01","R1","10 opinions agree upon the species present","rodents","1","1"
"http://www.snapshotserengeti.org/subjects/standard/50c210258a607540b9000ee5_2.jpg","ASG00002xx",3,1,"H01","R1","10 opinions agree upon the species present","rodents","1","1"
"http://www.snapshotserengeti.org/subjects/standard/50c2111a8a607540b900dbe8_0.jpg","ASG00017fs",1,1,"I02","R1","10 opinions agree upon the species present","rodents","1","1"
"http://www.snapshotserengeti.org/subjects/standard/50c2111a8a607540b900dbe8_1.jpg","ASG00017fs",2,1,"I02","R1","10 opinions agree upon the species present","rodents","1","1"
"http://www.snapshotserengeti.org/subjects/standard/50c2111a8a607540b900dbe8_2.jpg","ASG00017fs",3,1,"I02","R1","10 opinions agree upon the species present","rodents","1","1"
"http://zooniverse-static.s3.amazonaws.com/www.snapshotserengeti.org/subjects/standard/54cfd93d87ee0404d508d045_0.JPG","ASG0018v35",1,8,"O03","R3","10 opinions agree upon the species present","rodents","1","2"
"http://www.snapshotserengeti.org/subjects/standard/50c210298a607540b9001177_0.jpg","ASG00003g7",1,1,"H01","R1","10 opinions agree upon the species present","rodents","1","1"
"http://www.snapshotserengeti.org/subjects/standard/50c210298a607540b9001177_1.jpg","ASG00003g7",2,1,"H01","R1","10 opinions agree upon the species present","rodents","1","1"
"http://www.snapshotserengeti.org/subjects/standard/50c210298a607540b9001177_2.jpg","ASG00003g7",3,1,"H01","R1","10 opinions agree upon the species present","rodents","1","1"
"http://zooniverse-static.s3.amazonaws.com/www.snapshotserengeti.org/subjects/standard/56a6a4ca41479b004206ec21_0.JPG","ASG001l7gs",1,9,"L06","3","","rodents","1","1"
"http://www.snapshotserengeti.org/subjects/standard/50c210268a607540b9000f6c_0.jpg","ASG000031o",1,1,"H01","R1","10 opinions agree upon the species present","rodents","1","1"
"http://www.snapshotserengeti.org/subjects/standard/50c210268a607540b9000f6c_1.jpg","ASG000031o",2,1,"H01","R1","10 opinions agree upon the species present","rodents","1","1"
"http://www.snapshotserengeti.org/subjects/standard/50c210268a607540b9000f6c_2.jpg","ASG000031o",3,1,"H01","R1","10 opinions agree upon the species present","rodents","1","1"
"http://www.snapshotserengeti.org/subjects/standard/50c2103c8a607540b9002240_0.jpg","ASG00006rk",1,1,"H04","R3","10 opinions agree upon the species present","rodents","1","1"
"http://www.snapshotserengeti.org/subjects/standard/50c2103c8a607540b9002240_1.jpg","ASG00006rk",2,1,"H04","R3","10 opinions agree upon the species present","rodents","1","1"
"http://www.snapshotserengeti.org/subjects/standard/50c2103c8a607540b9002240_2.jpg","ASG00006rk",3,1,"H04","R3","10 opinions agree upon the species present","rodents","1","1"
"http://www.snapshotserengeti.org/subjects/standard/50c210368a607540b9001d65_0.jpg","ASG00005t1",1,1,"G07","R2","10 opinions agree upon the species present","rodents","1","1"
"http://www.snapshotserengeti.org/subjects/standard/50c210368a607540b9001d65_1.jpg","ASG00005t1",2,1,"G07","R2","10 opinions agree upon the species present","rodents","1","1"
"http://www.snapshotserengeti.org/subjects/standard/50c210368a607540b9001d65_2.jpg","ASG00005t1",3,1,"G07","R2","10 opinions agree upon the species present","rodents","1","1"
"http://zooniverse-static.s3.amazonaws.com/www.snapshotserengeti.org/subjects/standard/54cfd94587ee0404d508d37f_0.JPG","ASG0018v4j",1,8,"O03","R4","10 opinions agree upon the species present","rodents","1","1"
"http://zooniverse-static.s3.amazonaws.com/www.snapshotserengeti.org/subjects/standard/54cfd94a87ee0404d508d5f5_0.JPG","ASG0018v5o",1,8,"O03","R4","10 opinions agree upon the species present","rodents","1","1"
"http://www.snapshotserengeti.org/subjects/standard/50c211198a607540b900daf7_0.jpg","ASG0001793",1,1,"I02","R1","10 opinions agree upon the species present","rodents","1","1"
"http://www.snapshotserengeti.org/subjects/standard/50c211198a607540b900daf7_1.jpg","ASG0001793",2,1,"I02","R1","10 opinions agree upon the species present","rodents","1","1"
"http://www.snapshotserengeti.org/subjects/standard/50c211198a607540b900daf7_2.jpg","ASG0001793",3,1,"I02","R1","10 opinions agree upon the species present","rodents","1","1"
"http://zooniverse-static.s3.amazonaws.com/www.snapshotserengeti.org/subjects/standard/54cfd86b87ee0404d50869b5_0.JPG","ASG0018u6a",1,8,"N05","R4","10 opinions agree upon the species present","rodents","1","1"
"http://zooniverse-static.s3.amazonaws.com/www.snapshotserengeti.org/subjects/standard/54cfd94587ee0404d508d3c5_0.JPG","ASG0018v5j",1,8,"O03","R4","10 opinions agree upon the species present","rodents","1","1"
"http://zooniverse-static.s3.amazonaws.com/www.snapshotserengeti.org/subjects/standard/54cfd93a87ee0404d508ceb1_0.JPG","ASG0018v2l",1,8,"O03","R3","10 opinions agree upon the species present","rodents","1","2"
"http://zooniverse-static.s3.amazonaws.com/www.snapshotserengeti.org/subjects/standard/54cfd93f87ee0404d508d0f9_0.JPG","ASG0018v2t",1,8,"O03","R3","10 opinions agree upon the species present","rodents","1","1"
"http://zooniverse-static.s3.amazonaws.com/www.snapshotserengeti.org/subjects/standard/54cfd77e87ee0404d507f3b3_0.JPG","ASG0018sdg",1,8,"M06","R3","10 opinions agree upon the species present","rodents","1","1"
"http://www.snapshotserengeti.org/subjects/standard/50c2141f8a607540b903664e_0.jpg","ASG0004rwu",1,2,"F04","R2","10 opinions agree upon the species present","rodents","1","1"
"http://www.snapshotserengeti.org/subjects/standard/50c211568a607540b9010e21_0.jpg","ASG0001hcx",1,1,"K09","R1","10 opinions agree upon the species present","rodents","1","1"
"http://www.snapshotserengeti.org/subjects/standard/50c211568a607540b9010e21_1.jpg","ASG0001hcx",2,1,"K09","R1","10 opinions agree upon the species present","rodents","1","1"
"http://www.snapshotserengeti.org/subjects/standard/50c211568a607540b9010e21_2.jpg","ASG0001hcx",3,1,"K09","R1","10 opinions agree upon the species present","rodents","1","1"
"http://www.snapshotserengeti.org/subjects/standard/50c211ce8a607540b9017337_0.jpg","ASG00021br",1,1,"O06","R1","Most common opinion from 25 opinions","rodents","1","1"
"http://www.snapshotserengeti.org/subjects/standard/50c211ce8a607540b9017337_1.jpg","ASG00021br",2,1,"O06","R1","Most common opinion from 25 opinions","rodents","1","1"
"http://www.snapshotserengeti.org/subjects/standard/50c211ce8a607540b9017337_2.jpg","ASG00021br",3,1,"O06","R1","Most common opinion from 25 opinions","rodents","1","1"
"http://www.snapshotserengeti.org/subjects/standard/50c211ce8a607540b9017335_0.jpg","ASG00021bp",1,1,"O06","R1","10 opinions agree upon the species present","rodents","1","2"
"http://www.snapshotserengeti.org/subjects/standard/50c211ce8a607540b9017335_1.jpg","ASG00021bp",2,1,"O06","R1","10 opinions agree upon the species present","rodents","1","2"
"http://www.snapshotserengeti.org/subjects/standard/50c211ce8a607540b9017335_2.jpg","ASG00021bp",3,1,"O06","R1","10 opinions agree upon the species present","rodents","1","2"
"http://www.snapshotserengeti.org/subjects/standard/50c211ce8a607540b9017336_0.jpg","ASG00021bq",1,1,"O06","R1","10 opinions agree upon the species present","rodents","1","1"
"http://www.snapshotserengeti.org/subjects/standard/50c211ce8a607540b9017336_1.jpg","ASG00021bq",2,1,"O06","R1","10 opinions agree upon the species present","rodents","1","1"
"http://www.snapshotserengeti.org/subjects/standard/50c211ce8a607540b9017336_2.jpg","ASG00021bq",3,1,"O06","R1","10 opinions agree upon the species present","rodents","1","1"
"http://www.snapshotserengeti.org/subjects/standard/50c211198a607540b900db64_0.jpg","ASG00017c4",1,1,"I02","R1","Most common opinion from 25 opinions","rodents","1","1"
"http://www.snapshotserengeti.org/subjects/standard/50c211198a607540b900db64_1.jpg","ASG00017c4",2,1,"I02","R1","Most common opinion from 25 opinions","rodents","1","1"
"http://www.snapshotserengeti.org/subjects/standard/50c211198a607540b900db64_2.jpg","ASG00017c4",3,1,"I02","R1","Most common opinion from 25 opinions","rodents","1","1"
"http://zooniverse-static.s3.amazonaws.com/www.snapshotserengeti.org/subjects/standard/54cfd4f687ee0404d506b0a7_0.JPG","ASG0019lmo",1,8,"K13","R2","Most common opinion from 25 opinions","rodents","1","1"
"http://www.snapshotserengeti.org/subjects/standard/50c211568a607540b9010eac_0.jpg","ASG0001hgs",1,1,"K09","R1","10 opinions agree upon the species present","rodents","1","1"
"http://www.snapshotserengeti.org/subjects/standard/50c211568a607540b9010eac_1.jpg","ASG0001hgs",2,1,"K09","R1","10 opinions agree upon the species present","rodents","1","1"
"http://www.snapshotserengeti.org/subjects/standard/50c211568a607540b9010eac_2.jpg","ASG0001hgs",3,1,"K09","R1","10 opinions agree upon the species present","rodents","1","1"
"http://www.snapshotserengeti.org/subjects/standard/50c211568a607540b9010eab_0.jpg","ASG0001hgr",1,1,"K09","R1","10 opinions agree upon the species present","rodents","1","1"
"http://www.snapshotserengeti.org/subjects/standard/50c211568a607540b9010eab_1.jpg","ASG0001hgr",2,1,"K09","R1","10 opinions agree upon the species present","rodents","1","1"
"http://www.snapshotserengeti.org/subjects/standard/50c211568a607540b9010eab_2.jpg","ASG0001hgr",3,1,"K09","R1","10 opinions agree upon the species present","rodents","1","1"
"http://www.snapshotserengeti.org/subjects/standard/50c210268a607540b9000f89_0.jpg","ASG000032h",1,1,"H01","R1","10 opinions agree upon the species present","rodents","1","1"
"http://www.snapshotserengeti.org/subjects/standard/50c210268a607540b9000f89_1.jpg","ASG000032h",2,1,"H01","R1","10 opinions agree upon the species present","rodents","1","1"
"http://www.snapshotserengeti.org/subjects/standard/50c210268a607540b9000f89_2.jpg","ASG000032h",3,1,"H01","R1","10 opinions agree upon the species present","rodents","1","1"
"http://www.snapshotserengeti.org/subjects/standard/50c2105d8a607540b9003f71_0.jpg","ASG0000cj5",1,1,"O10","R1","10 opinions agree upon the species present","rodents","1","1"
"http://www.snapshotserengeti.org/subjects/standard/50c2105d8a607540b9003f71_1.jpg","ASG0000cj5",2,1,"O10","R1","10 opinions agree upon the species present","rodents","1","1"
"http://www.snapshotserengeti.org/subjects/standard/50c2105d8a607540b9003f71_2.jpg","ASG0000cj5",3,1,"O10","R1","10 opinions agree upon the species present","rodents","1","1"
"http://www.snapshotserengeti.org/subjects/standard/50c2113e8a607540b900fa8e_0.jpg","ASG0001dhq",1,1,"J04","R3","10 opinions agree upon the species present","rodents","1","2"
"http://www.snapshotserengeti.org/subjects/standard/50c2113e8a607540b900fa8e_1.jpg","ASG0001dhq",2,1,"J04","R3","10 opinions agree upon the species present","rodents","1","2"
"http://www.snapshotserengeti.org/subjects/standard/50c2113e8a607540b900fa8e_2.jpg","ASG0001dhq",3,1,"J04","R3","10 opinions agree upon the species present","rodents","1","2"
"http://www.snapshotserengeti.org/subjects/standard/50c2112e8a607540b900ec75_0.jpg","ASG0001aph",1,1,"I07","R1","10 opinions agree upon the species present","rodents","1","1"
"http://www.snapshotserengeti.org/subjects/standard/50c2112e8a607540b900ec75_1.jpg","ASG0001aph",2,1,"I07","R1","10 opinions agree upon the species present","rodents","1","1"
"http://www.snapshotserengeti.org/subjects/standard/50c2112e8a607540b900ec75_2.jpg","ASG0001aph",3,1,"I07","R1","10 opinions agree upon the species present","rodents","1","1"
"http://www.snapshotserengeti.org/subjects/standard/50c212338a607540b901c6ea_0.jpg","ASG0002huy",1,1,"E06","R4","Most common opinion from 25 opinions","rodents","1","1"
"http://www.snapshotserengeti.org/subjects/standard/50c212338a607540b901c6ea_1.jpg","ASG0002huy",2,1,"E06","R4","Most common opinion from 25 opinions","rodents","1","1"
"http://www.snapshotserengeti.org/subjects/standard/50c212338a607540b901c6ea_2.jpg","ASG0002huy",3,1,"E06","R4","Most common opinion from 25 opinions","rodents","1","1"
"http://zooniverse-static.s3.amazonaws.com/www.snapshotserengeti.org/subjects/standard/54cfd10587ee0404d504b9ad_0.JPG","ASG001bhix",1,8,"H06","R1","10 opinions agree upon the species present","rodents","1","1"
"http://www.snapshotserengeti.org/subjects/standard/5331d9981bccd304b6051fe5_0.JPG","ASG0013p2p",1,7,"D02","R2","10 opinions agree upon the species present","rodents","1","1"
"http://www.snapshotserengeti.org/subjects/standard/50dc8affa2fc8e378904a10f_0.jpg","ASG000c5lr",1,4,"B03","R2","10 opinions agree upon the species present","rodents","1","1"
"http://www.snapshotserengeti.org/subjects/standard/50dc8affa2fc8e378904a10f_1.jpg","ASG000c5lr",2,4,"B03","R2","10 opinions agree upon the species present","rodents","1","1"
"http://www.snapshotserengeti.org/subjects/standard/50dc8affa2fc8e378904a10f_2.jpg","ASG000c5lr",3,4,"B03","R2","10 opinions agree upon the species present","rodents","1","1"
"http://www.snapshotserengeti.org/subjects/standard/50c211198a607540b900db6d_0.jpg","ASG00017cd",1,1,"I02","R1","10 opinions agree upon the species present","rodents","1","1"
"http://www.snapshotserengeti.org/subjects/standard/50c211198a607540b900db6d_1.jpg","ASG00017cd",2,1,"I02","R1","10 opinions agree upon the species present","rodents","1","1"
"http://www.snapshotserengeti.org/subjects/standard/50c211198a607540b900db6d_2.jpg","ASG00017cd",3,1,"I02","R1","10 opinions agree upon the species present","rodents","1","1"
"http://www.snapshotserengeti.org/subjects/standard/5331d8bc1bccd304b604c2e1_0.JPG","ASG0013y74",1,7,"C07","R2","10 opinions agree upon the species present","rodents","1","1"
"http://zooniverse-static.s3.amazonaws.com/www.snapshotserengeti.org/subjects/standard/54cfd93087ee0404d508c9bb_0.JPG","ASG0018v1t",1,8,"O03","R3","10 opinions agree upon the species present","rodents","1","1"
"http://zooniverse-static.s3.amazonaws.com/www.snapshotserengeti.org/subjects/standard/54cfd93087ee0404d508ca2d_0.JPG","ASG0018v1r",1,8,"O03","R3","10 opinions agree upon the species present","rodents","1","1"
"http://zooniverse-static.s3.amazonaws.com/www.snapshotserengeti.org/subjects/standard/54cfd93087ee0404d508c9b7_0.JPG","ASG0018v1q",1,8,"O03","R3","10 opinions agree upon the species present","rodents","1","1"
"http://zooniverse-static.s3.amazonaws.com/www.snapshotserengeti.org/subjects/standard/54cfd92c87ee0404d508c7f5_0.JPG","ASG0018v1c",1,8,"O03","R3","Most common opinion from 25 opinions","rodents","1","1"
"http://zooniverse-static.s3.amazonaws.com/www.snapshotserengeti.org/subjects/standard/54cfd92c87ee0404d508c7f1_0.JPG","ASG0018v19",1,8,"O03","R3","10 opinions agree upon the species present","rodents","1","1"
"http://zooniverse-static.s3.amazonaws.com/www.snapshotserengeti.org/subjects/standard/54cfd92c87ee0404d508c7f3_0.JPG","ASG0018v13",1,8,"O03","R3","Most common opinion from 25 opinions","rodents","1","1"
"http://www.snapshotserengeti.org/subjects/standard/50c2153a8a607540b9044228_0.jpg","ASG0005zc8",1,2,"I12","R3","Most common opinion from 25 opinions","rodents","1","1"
"http://zooniverse-static.s3.amazonaws.com/www.snapshotserengeti.org/subjects/standard/54cfd94687ee0404d508d3db_0.JPG","ASG0018v5b",1,8,"O03","R4","Most common opinion from 25 opinions","rodents","1","1"
"http://zooniverse-static.s3.amazonaws.com/www.snapshotserengeti.org/subjects/standard/54cfd94687ee0404d508d3dd_0.JPG","ASG0018v52",1,8,"O03","R4","10 opinions agree upon the species present","rodents","1","3"
"http://www.snapshotserengeti.org/subjects/standard/50c211568a607540b9010e42_0.jpg","ASG0001hdu",1,1,"K09","R1","10 opinions agree upon the species present","rodents","1","2"
"http://www.snapshotserengeti.org/subjects/standard/50c211568a607540b9010e42_1.jpg","ASG0001hdu",2,1,"K09","R1","10 opinions agree upon the species present","rodents","1","2"
"http://www.snapshotserengeti.org/subjects/standard/50c211568a607540b9010e42_2.jpg","ASG0001hdu",3,1,"K09","R1","10 opinions agree upon the species present","rodents","1","2"
"http://www.snapshotserengeti.org/subjects/standard/50c211568a607540b9010e43_0.jpg","ASG0001hdv",1,1,"K09","R1","Most common opinion from 25 opinions","rodents","1","2"
"http://www.snapshotserengeti.org/subjects/standard/50c211568a607540b9010e43_1.jpg","ASG0001hdv",2,1,"K09","R1","Most common opinion from 25 opinions","rodents","1","2"
"http://www.snapshotserengeti.org/subjects/standard/50c211568a607540b9010e43_2.jpg","ASG0001hdv",3,1,"K09","R1","Most common opinion from 25 opinions","rodents","1","2"
"http://www.snapshotserengeti.org/subjects/standard/50c211568a607540b9010e44_0.jpg","ASG0001hdw",1,1,"K09","R1","10 opinions agree upon the species present","rodents","1","2"
"http://www.snapshotserengeti.org/subjects/standard/50c211568a607540b9010e44_1.jpg","ASG0001hdw",2,1,"K09","R1","10 opinions agree upon the species present","rodents","1","2"
"http://www.snapshotserengeti.org/subjects/standard/50c211568a607540b9010e44_2.jpg","ASG0001hdw",3,1,"K09","R1","10 opinions agree upon the species present","rodents","1","2"
"http://www.snapshotserengeti.org/subjects/standard/50c211568a607540b9010e46_0.jpg","ASG0001hdy",1,1,"K09","R1","10 opinions agree upon the species present","rodents","1","2"
"http://www.snapshotserengeti.org/subjects/standard/50c211568a607540b9010e46_1.jpg","ASG0001hdy",2,1,"K09","R1","10 opinions agree upon the species present","rodents","1","2"
"http://www.snapshotserengeti.org/subjects/standard/50c211568a607540b9010e46_2.jpg","ASG0001hdy",3,1,"K09","R1","10 opinions agree upon the species present","rodents","1","2"
"http://www.snapshotserengeti.org/subjects/standard/50c210298a607540b9001143_0.jpg","ASG00003er",1,1,"H01","R1","10 opinions agree upon the species present","rodents","1","1"
"http://www.snapshotserengeti.org/subjects/standard/50c210298a607540b9001143_1.jpg","ASG00003er",2,1,"H01","R1","10 opinions agree upon the species present","rodents","1","1"
"http://www.snapshotserengeti.org/subjects/standard/50c210298a607540b9001143_2.jpg","ASG00003er",3,1,"H01","R1","10 opinions agree upon the species present","rodents","1","1"
"http://www.snapshotserengeti.org/subjects/standard/50c211898a607540b9013a10_0.jpg","ASG0001q1c",1,1,"L08","R1","10 opinions agree upon the species present","rodents","1","1"
"http://www.snapshotserengeti.org/subjects/standard/50c211898a607540b9013a10_1.jpg","ASG0001q1c",2,1,"L08","R1","10 opinions agree upon the species present","rodents","1","1"
"http://www.snapshotserengeti.org/subjects/standard/50c211898a607540b9013a10_2.jpg","ASG0001q1c",3,1,"L08","R1","10 opinions agree upon the species present","rodents","1","1"
"http://zooniverse-static.s3.amazonaws.com/www.snapshotserengeti.org/subjects/standard/54cfd12487ee0404d504c8c3_0.JPG","ASG001947g",1,8,"H07","R1","10 opinions agree upon the species present","rodents","1","1"
"http://zooniverse-static.s3.amazonaws.com/www.snapshotserengeti.org/subjects/standard/54cfd4a587ee0404d5068877_0.JPG","ASG0019ijk",1,8,"K11","R3","10 opinions agree upon the species present","rodents","1","1"
"http://www.snapshotserengeti.org/subjects/standard/50c219aa8a607540b907896d_0.jpg","ASG000al4d",1,3,"L11","R12","Most common opinion from 25 opinions","rodents","1","1"
"http://www.snapshotserengeti.org/subjects/standard/5331d8b81bccd304b604c131_0.JPG","ASG0013ydw",1,7,"C07","R2","10 opinions agree upon the species present","rodents","1","1"
"http://zooniverse-static.s3.amazonaws.com/www.snapshotserengeti.org/subjects/standard/54cfd94687ee0404d508d3e5_0.JPG","ASG0018v5f",1,8,"O03","R4","10 opinions agree upon the species present","rodents","1","1"
"http://www.snapshotserengeti.org/subjects/standard/50c211a48a607540b90150dc_0.jpg","ASG0001ujg",1,1,"L13","R1","10 opinions agree upon the species present","rodents","1","2"
"http://www.snapshotserengeti.org/subjects/standard/50c211a48a607540b90150dc_1.jpg","ASG0001ujg",2,1,"L13","R1","10 opinions agree upon the species present","rodents","1","2"
"http://www.snapshotserengeti.org/subjects/standard/50c211a48a607540b90150dc_2.jpg","ASG0001ujg",3,1,"L13","R1","10 opinions agree upon the species present","rodents","1","2"
"http://www.snapshotserengeti.org/subjects/standard/50c2105e8a607540b900404d_0.jpg","ASG0000cp9",1,1,"O10","R1","10 opinions agree upon the species present","rodents","1","1"
"http://www.snapshotserengeti.org/subjects/standard/50c2105e8a607540b900404d_1.jpg","ASG0000cp9",2,1,"O10","R1","10 opinions agree upon the species present","rodents","1","1"
"http://www.snapshotserengeti.org/subjects/standard/50c2105e8a607540b900404d_2.jpg","ASG0000cp9",3,1,"O10","R1","10 opinions agree upon the species present","rodents","1","1"
"http://www.snapshotserengeti.org/subjects/standard/50c2105e8a607540b9004050_0.jpg","ASG0000cpc",1,1,"O10","R1","10 opinions agree upon the species present","rodents","1","1"
"http://www.snapshotserengeti.org/subjects/standard/50c2105e8a607540b9004050_1.jpg","ASG0000cpc",2,1,"O10","R1","10 opinions agree upon the species present","rodents","1","1"
"http://www.snapshotserengeti.org/subjects/standard/50c2105e8a607540b9004050_2.jpg","ASG0000cpc",3,1,"O10","R1","10 opinions agree upon the species present","rodents","1","1"
"http://zooniverse-static.s3.amazonaws.com/www.snapshotserengeti.org/subjects/standard/54cfd94387ee0404d508d29b_0.JPG","ASG0018v3u",1,8,"O03","R3","Most common opinion from 25 opinions","rodents","1","1"
"http://zooniverse-static.s3.amazonaws.com/www.snapshotserengeti.org/subjects/standard/54cfd94387ee0404d508d299_0.JPG","ASG0018v3q",1,8,"O03","R3","Most common opinion from 25 opinions","rodents","1","1"
"http://www.snapshotserengeti.org/subjects/standard/5331d1a71bccd304b601e2cb_0.JPG","ASG0015zmf",1,7,"M03","R3","10 opinions agree upon the species present","rodents","1","1"
"http://www.snapshotserengeti.org/subjects/standard/5331d1a71bccd304b601e2cb_1.JPG","ASG0015zmf",2,7,"M03","R3","10 opinions agree upon the species present","rodents","1","1"
"http://www.snapshotserengeti.org/subjects/standard/5331d1a71bccd304b601e2cb_2.JPG","ASG0015zmf",3,7,"M03","R3","10 opinions agree upon the species present","rodents","1","1"
"http://zooniverse-static.s3.amazonaws.com/www.snapshotserengeti.org/subjects/standard/54cfd93387ee0404d508cb79_0.JPG","ASG0018v22",1,8,"O03","R3","10 opinions agree upon the species present","rodents","1","1"
"http://zooniverse-static.s3.amazonaws.com/www.snapshotserengeti.org/subjects/standard/54cfd93a87ee0404d508ceaf_0.JPG","ASG0018v2k",1,8,"O03","R3","10 opinions agree upon the species present","rodents","1","1"
"http://www.snapshotserengeti.org/subjects/standard/50c211cd8a607540b90172b3_0.jpg","ASG0002183",1,1,"O06","R1","10 opinions agree upon the species present","rodents","1","1"
"http://www.snapshotserengeti.org/subjects/standard/50c211cd8a607540b90172b3_1.jpg","ASG0002183",2,1,"O06","R1","10 opinions agree upon the species present","rodents","1","1"
"http://www.snapshotserengeti.org/subjects/standard/50c211cd8a607540b90172b3_2.jpg","ASG0002183",3,1,"O06","R1","10 opinions agree upon the species present","rodents","1","1"
"http://zooniverse-static.s3.amazonaws.com/www.snapshotserengeti.org/subjects/standard/54cfd4f687ee0404d506b0b1_0.JPG","ASG0019loc",1,8,"K13","R2","10 opinions agree upon the species present","rodents","1","1"
"http://www.snapshotserengeti.org/subjects/standard/50c211568a607540b9010e4a_0.jpg","ASG0001he2",1,1,"K09","R1","10 opinions agree upon the species present","rodents","1","1"
"http://www.snapshotserengeti.org/subjects/standard/50c211568a607540b9010e4a_1.jpg","ASG0001he2",2,1,"K09","R1","10 opinions agree upon the species present","rodents","1","1"
"http://www.snapshotserengeti.org/subjects/standard/50c211568a607540b9010e4a_2.jpg","ASG0001he2",3,1,"K09","R1","10 opinions agree upon the species present","rodents","1","1"
"http://www.snapshotserengeti.org/subjects/standard/50c211568a607540b9010e67_0.jpg","ASG0001hev",1,1,"K09","R1","10 opinions agree upon the species present","rodents","1","1"
"http://www.snapshotserengeti.org/subjects/standard/50c211568a607540b9010e67_1.jpg","ASG0001hev",2,1,"K09","R1","10 opinions agree upon the species present","rodents","1","1"
"http://www.snapshotserengeti.org/subjects/standard/50c211568a607540b9010e67_2.jpg","ASG0001hev",3,1,"K09","R1","10 opinions agree upon the species present","rodents","1","1"
"http://www.snapshotserengeti.org/subjects/standard/50c2105d8a607540b9003f3e_0.jpg","ASG0000chq",1,1,"O10","R1","10 opinions agree upon the species present","rodents","1","1"
"http://www.snapshotserengeti.org/subjects/standard/50c2105d8a607540b9003f3e_1.jpg","ASG0000chq",2,1,"O10","R1","10 opinions agree upon the species present","rodents","1","1"
"http://www.snapshotserengeti.org/subjects/standard/50c2105d8a607540b9003f3e_2.jpg","ASG0000chq",3,1,"O10","R1","10 opinions agree upon the species present","rodents","1","1"
"http://www.snapshotserengeti.org/subjects/standard/50c211568a607540b9010e38_0.jpg","ASG0001hdk",1,1,"K09","R1","10 opinions agree upon the species present","rodents","1","1"
"http://www.snapshotserengeti.org/subjects/standard/50c211568a607540b9010e38_1.jpg","ASG0001hdk",2,1,"K09","R1","10 opinions agree upon the species present","rodents","1","1"
"http://www.snapshotserengeti.org/subjects/standard/50c211568a607540b9010e38_2.jpg","ASG0001hdk",3,1,"K09","R1","10 opinions agree upon the species present","rodents","1","1"
