"url","Subject ID","Frame","Season","Site","Roll","Decision Type","Crowd Determination","Number of Species Present","Number of Animals Present"
"http://zooniverse-static.s3.amazonaws.com/www.snapshotserengeti.org/subjects/standard/54cfd2ec87ee0404d505acc1_0.JPG","ASG001afqe",1,8,"I13","R2","10 opinions agree upon the species present","insectspider","1","1"
"http://zooniverse-static.s3.amazonaws.com/www.snapshotserengeti.org/subjects/standard/54cfd3ab87ee0404d5060c11_0.JPG","ASG001an3s",1,8,"J13","R1","10 opinions agree upon the species present","insectspider","1","1"
"http://zooniverse-static.s3.amazonaws.com/www.snapshotserengeti.org/subjects/standard/54cfd44487ee0404d506582b_0.JPG","ASG001au7t",1,8,"K08","R2","10 opinions agree upon the species present","insectspider","1","11"
"http://zooniverse-static.s3.amazonaws.com/www.snapshotserengeti.org/subjects/standard/54cfce9987ee0404d50386fb_0.JPG","ASG001g69o",1,8,"F10","R1","10 opinions agree upon the species present","insectspider","1","1"
"http://zooniverse-static.s3.amazonaws.com/www.snapshotserengeti.org/subjects/standard/54cfd49b87ee0404d506836f_0.JPG","ASG001axgz",1,8,"K11","R2","10 opinions agree upon the species present","insectspider","1","1"
"http://zooniverse-static.s3.amazonaws.com/www.snapshotserengeti.org/subjects/standard/54cfd49987ee0404d5068259_0.JPG","ASG001axgl",1,8,"K11","R2","10 opinions agree upon the species present","insectspider","1","1"
"http://zooniverse-static.s3.amazonaws.com/www.snapshotserengeti.org/subjects/standard/54cfd3cc87ee0404d5061c1d_0.JPG","ASG001aoqp",1,8,"J13","R2","10 opinions agree upon the species present","insectspider","1","1"
"http://zooniverse-static.s3.amazonaws.com/www.snapshotserengeti.org/subjects/standard/54cfd25687ee0404d5056333_0.JPG","ASG001b2q5",1,8,"I06","R2","10 opinions agree upon the species present","insectspider","1","2"
"http://zooniverse-static.s3.amazonaws.com/www.snapshotserengeti.org/subjects/standard/54cfd16e87ee0404d504edc5_0.JPG","ASG001bdhw",1,8,"H09","R2","10 opinions agree upon the species present","insectspider","1","1"
"http://zooniverse-static.s3.amazonaws.com/www.snapshotserengeti.org/subjects/standard/54cfc7c487ee0404d5003207_0.JPG","ASG001dvfz",1,8,"B07","R3","10 opinions agree upon the species present","insectspider","1","1"
"http://zooniverse-static.s3.amazonaws.com/www.snapshotserengeti.org/subjects/standard/54cfcaa587ee0404d501a047_0.JPG","ASG001f14e",1,8,"D11","R2","10 opinions agree upon the species present","insectspider","1","1"
"http://zooniverse-static.s3.amazonaws.com/www.snapshotserengeti.org/subjects/standard/54cfcf0087ee0404d503b9f1_0.JPG","ASG001c4uj",1,8,"F11","R3","10 opinions agree upon the species present","insectspider","1","1"
"http://zooniverse-static.s3.amazonaws.com/www.snapshotserengeti.org/subjects/standard/54cfd93d87ee0404d508d055_0.JPG","ASG001d3xf",1,8,"O03","R3","10 opinions agree upon the species present","insectspider","1","1"
"http://zooniverse-static.s3.amazonaws.com/www.snapshotserengeti.org/subjects/standard/54cfcad487ee0404d501b5e3_0.JPG","ASG001f3bj",1,8,"D11","R3","10 opinions agree upon the species present","insectspider","1","3"
"http://zooniverse-static.s3.amazonaws.com/www.snapshotserengeti.org/subjects/standard/54cfcea887ee0404d5038dc1_0.JPG","ASG001g72b",1,8,"F10","R3","10 opinions agree upon the species present","insectspider","1","2"
"http://zooniverse-static.s3.amazonaws.com/www.snapshotserengeti.org/subjects/standard/54cfcf7b87ee0404d503f783_0.JPG","ASG001bzmt",1,8,"G07","R3","10 opinions agree upon the species present","insectspider","1","51"
"http://zooniverse-static.s3.amazonaws.com/www.snapshotserengeti.org/subjects/standard/54cfcfa887ee0404d5040d89_0.JPG","ASG001bxen",1,8,"G08","R3","10 opinions agree upon the species present","insectspider","1","1"
"http://zooniverse-static.s3.amazonaws.com/www.snapshotserengeti.org/subjects/standard/54cfd65e87ee0404d50762ef_0.JPG","ASG001ebtp",1,8,"L11","R2","10 opinions agree upon the species present","insectspider","1","7"
"http://zooniverse-static.s3.amazonaws.com/www.snapshotserengeti.org/subjects/standard/54cfceed87ee0404d503b083_0.JPG","ASG001c5s8",1,8,"F11","R2","10 opinions agree upon the species present","insectspider","1","1"
"http://zooniverse-static.s3.amazonaws.com/www.snapshotserengeti.org/subjects/standard/54cfcac787ee0404d501af55_0.JPG","ASG001f2q0",1,8,"D11","R2","10 opinions agree upon the species present","insectspider","1","1"
"http://zooniverse-static.s3.amazonaws.com/www.snapshotserengeti.org/subjects/standard/54cfcc7e87ee0404d5027839_0.JPG","ASG001fkq3",1,8,"E10","R2","10 opinions agree upon the species present","insectspider","1","1"
"http://zooniverse-static.s3.amazonaws.com/www.snapshotserengeti.org/subjects/standard/54cfcad887ee0404d501b75b_0.JPG","ASG001f3fd",1,8,"D11","R3","10 opinions agree upon the species present","insectspider","1","1"
"http://zooniverse-static.s3.amazonaws.com/www.snapshotserengeti.org/subjects/standard/54cfcefe87ee0404d503b8c1_0.JPG","ASG001c52f",1,8,"F11","R3","10 opinions agree upon the species present","insectspider","1","2"
"http://zooniverse-static.s3.amazonaws.com/www.snapshotserengeti.org/subjects/standard/54cfd3af87ee0404d5060e9d_0.JPG","ASG001anbl",1,8,"J13","R1","10 opinions agree upon the species present","insectspider","1","1"
"http://zooniverse-static.s3.amazonaws.com/www.snapshotserengeti.org/subjects/standard/56a68c5c41479b0042054c3f_0.JPG","ASG001hc76",1,9,"J13","3","","insectspider","1","1"
"http://zooniverse-static.s3.amazonaws.com/www.snapshotserengeti.org/subjects/standard/54cfd67a87ee0404d5077101_0.JPG","ASG001ed88",1,8,"L12","R2","10 opinions agree upon the species present","insectspider","1","1"
"http://zooniverse-static.s3.amazonaws.com/www.snapshotserengeti.org/subjects/standard/56a69ac841479b004206421f_0.JPG","ASG001lo9i",1,9,"G07","2","","insectspider","1","1"
"http://zooniverse-static.s3.amazonaws.com/www.snapshotserengeti.org/subjects/standard/54cfd38c87ee0404d505fd43_0.JPG","ASG001alnu",1,8,"J09","R2","10 opinions agree upon the species present","insectspider","1","1"
"http://zooniverse-static.s3.amazonaws.com/www.snapshotserengeti.org/subjects/standard/54cfcef187ee0404d503b27d_0.JPG","ASG001c5hb",1,8,"F11","R2","10 opinions agree upon the species present","insectspider","1","1"
"http://zooniverse-static.s3.amazonaws.com/www.snapshotserengeti.org/subjects/standard/54cfcfcd87ee0404d5041f8d_0.JPG","ASG001bvlz",1,8,"G09","R3","10 opinions agree upon the species present","insectspider","1","1"
"http://zooniverse-static.s3.amazonaws.com/www.snapshotserengeti.org/subjects/standard/54cfd4a787ee0404d50689b1_0.JPG","ASG001ay0o",1,8,"K11","R3","10 opinions agree upon the species present","insectspider","1","1"
"http://zooniverse-static.s3.amazonaws.com/www.snapshotserengeti.org/subjects/standard/54cfd25787ee0404d505636b_0.JPG","ASG001b2xh",1,8,"I06","R2","10 opinions agree upon the species present","insectspider","1","2"
"http://zooniverse-static.s3.amazonaws.com/www.snapshotserengeti.org/subjects/standard/54cfcad687ee0404d501b681_0.JPG","ASG001f3eq",1,8,"D11","R3","10 opinions agree upon the species present","insectspider","1","1"
"http://zooniverse-static.s3.amazonaws.com/www.snapshotserengeti.org/subjects/standard/54cfcfb887ee0404d504157f_0.JPG","ASG001bwnf",1,8,"G08","R3","10 opinions agree upon the species present","insectspider","1","1"
"http://zooniverse-static.s3.amazonaws.com/www.snapshotserengeti.org/subjects/standard/54cfd3c987ee0404d5061adf_0.JPG","ASG001aomq",1,8,"J13","R2","10 opinions agree upon the species present","insectspider","1","1"
"http://zooniverse-static.s3.amazonaws.com/www.snapshotserengeti.org/subjects/standard/54cfd45487ee0404d5065faf_0.JPG","ASG001auoh",1,8,"K08","R2","10 opinions agree upon the species present","insectspider","1","1"
"http://zooniverse-static.s3.amazonaws.com/www.snapshotserengeti.org/subjects/standard/54cfd71a87ee0404d507c1a1_0.JPG","ASG001dqzc",1,8,"M05","R1","10 opinions agree upon the species present","insectspider","1","1"
"http://zooniverse-static.s3.amazonaws.com/www.snapshotserengeti.org/subjects/standard/54cfd39c87ee0404d50604a5_0.JPG","ASG001amc6",1,8,"J09","R3","10 opinions agree upon the species present","insectspider","1","1"
"http://zooniverse-static.s3.amazonaws.com/www.snapshotserengeti.org/subjects/standard/54cfd16b87ee0404d504ec6f_0.JPG","ASG001bdgd",1,8,"H09","R2","10 opinions agree upon the species present","insectspider","1","11"
"http://zooniverse-static.s3.amazonaws.com/www.snapshotserengeti.org/subjects/standard/54cfceed87ee0404d503b07f_0.JPG","ASG001c5rr",1,8,"F11","R2","10 opinions agree upon the species present","insectspider","1","1"
"http://zooniverse-static.s3.amazonaws.com/www.snapshotserengeti.org/subjects/standard/56a6455e41479b004200ab6b_0.JPG","ASG001h47t",1,9,"Q10","3","","insectspider","1","1"
"http://zooniverse-static.s3.amazonaws.com/www.snapshotserengeti.org/subjects/standard/54cfcac987ee0404d501b051_0.JPG","ASG001f2lt",1,8,"D11","R2","10 opinions agree upon the species present","insectspider","1","1"
"http://zooniverse-static.s3.amazonaws.com/www.snapshotserengeti.org/subjects/standard/54cfcf9e87ee0404d5040895_0.JPG","ASG001bxvy",1,8,"G08","R2","10 opinions agree upon the species present","insectspider","1","2"
"http://zooniverse-static.s3.amazonaws.com/www.snapshotserengeti.org/subjects/standard/54cfcad187ee0404d501b437_0.JPG","ASG001f2y8",1,8,"D11","R3","10 opinions agree upon the species present","insectspider","1","1"
"http://zooniverse-static.s3.amazonaws.com/www.snapshotserengeti.org/subjects/standard/54cfcac887ee0404d501af99_0.JPG","ASG001f2yd",1,8,"D11","R2","10 opinions agree upon the species present","insectspider","1","1"
"http://zooniverse-static.s3.amazonaws.com/www.snapshotserengeti.org/subjects/standard/54cfd2a687ee0404d50588d7_0.JPG","ASG001adat",1,8,"I08","R3","10 opinions agree upon the species present","insectspider","1","1"
"http://zooniverse-static.s3.amazonaws.com/www.snapshotserengeti.org/subjects/standard/54cfd3c587ee0404d506187b_0.JPG","ASG001aob6",1,8,"J13","R2","10 opinions agree upon the species present","insectspider","1","4"
"http://zooniverse-static.s3.amazonaws.com/www.snapshotserengeti.org/subjects/standard/54cfcee787ee0404d503ad8b_0.JPG","ASG001c62k",1,8,"F11","R2","10 opinions agree upon the species present","insectspider","1","4"
"http://zooniverse-static.s3.amazonaws.com/www.snapshotserengeti.org/subjects/standard/56a6cbf441479b0042097e59_0.JPG","ASG001n8qd",1,9,"T11","4","","insectspider","1","1"
"http://zooniverse-static.s3.amazonaws.com/www.snapshotserengeti.org/subjects/standard/54cfd3be87ee0404d5061599_0.JPG","ASG001anxl",1,8,"J13","R2","10 opinions agree upon the species present","insectspider","1","1"
"http://zooniverse-static.s3.amazonaws.com/www.snapshotserengeti.org/subjects/standard/56a66d0e41479b0042033949_0.JPG","ASG001j6cu",1,9,"D10","3","","insectspider","1","1"
"http://zooniverse-static.s3.amazonaws.com/www.snapshotserengeti.org/subjects/standard/54cfd3c687ee0404d5061903_0.JPG","ASG001aodg",1,8,"J13","R2","10 opinions agree upon the species present","insectspider","1","1"
"http://zooniverse-static.s3.amazonaws.com/www.snapshotserengeti.org/subjects/standard/54cfcfb687ee0404d50414b7_0.JPG","ASG001bwrq",1,8,"G08","R3","10 opinions agree upon the species present","insectspider","1","1"
"http://zooniverse-static.s3.amazonaws.com/www.snapshotserengeti.org/subjects/standard/54cfcfa587ee0404d5040c65_0.JPG","ASG001bx9q",1,8,"G08","R3","10 opinions agree upon the species present","insectspider","1","2"
"http://zooniverse-static.s3.amazonaws.com/www.snapshotserengeti.org/subjects/standard/56a68d3a41479b0042055cbd_0.JPG","ASG001haj4",1,9,"Q12","3","","insectspider","1","1"
"http://zooniverse-static.s3.amazonaws.com/www.snapshotserengeti.org/subjects/standard/56a6991d41479b0042062407_0.JPG","ASG001gloq",1,9,"I12","3","","insectspider","1","1"
"http://zooniverse-static.s3.amazonaws.com/www.snapshotserengeti.org/subjects/standard/54cfceaf87ee0404d50391cd_0.JPG","ASG001g787",1,8,"F10","R3","10 opinions agree upon the species present","insectspider","1","1"
"http://zooniverse-static.s3.amazonaws.com/www.snapshotserengeti.org/subjects/standard/54cfcf9a87ee0404d5040673_0.JPG","ASG001bxzy",1,8,"G08","R2","10 opinions agree upon the species present","insectspider","1","1"
"http://zooniverse-static.s3.amazonaws.com/www.snapshotserengeti.org/subjects/standard/54cfcf9a87ee0404d504067f_0.JPG","ASG001byhq",1,8,"G08","R2","10 opinions agree upon the species present","insectspider","1","1"
"http://zooniverse-static.s3.amazonaws.com/www.snapshotserengeti.org/subjects/standard/56a647a241479b004200cda1_0.JPG","ASG001hp2c",1,9,"F11","3","","insectspider","1","1"
"http://zooniverse-static.s3.amazonaws.com/www.snapshotserengeti.org/subjects/standard/54cfd49887ee0404d5068245_0.JPG","ASG001axfa",1,8,"K11","R2","10 opinions agree upon the species present","insectspider","1","2"
"http://zooniverse-static.s3.amazonaws.com/www.snapshotserengeti.org/subjects/standard/54cfc7c087ee0404d5002ffb_0.JPG","ASG001dv1b",1,8,"B07","R3","10 opinions agree upon the species present","insectspider","1","1"
"http://zooniverse-static.s3.amazonaws.com/www.snapshotserengeti.org/subjects/standard/54cfca9687ee0404d50198c9_0.JPG","ASG001f0p6",1,8,"D10","R3","10 opinions agree upon the species present","insectspider","1","2"
"http://zooniverse-static.s3.amazonaws.com/www.snapshotserengeti.org/subjects/standard/56a6920441479b004205ac51_0.JPG","ASG001gxdq",1,9,"E07","1","","insectspider","1","1"
"http://zooniverse-static.s3.amazonaws.com/www.snapshotserengeti.org/subjects/standard/54cfcec787ee0404d5039db3_0.JPG","ASG001c7he",1,8,"F10","R3","10 opinions agree upon the species present","insectspider","1","1"
"http://zooniverse-static.s3.amazonaws.com/www.snapshotserengeti.org/subjects/standard/54cfdda987ee0404d50af741_0.JPG","ASG001ab1h",1,8,"U12","R2","Most common opinion from 25 opinions","insectspider","1","1"
"http://zooniverse-static.s3.amazonaws.com/www.snapshotserengeti.org/subjects/standard/54cfcf8b87ee0404d503ff63_0.JPG","ASG001bylb",1,8,"G07","R3","10 opinions agree upon the species present","insectspider","1","1"
"http://zooniverse-static.s3.amazonaws.com/www.snapshotserengeti.org/subjects/standard/54cfcf9b87ee0404d5040707_0.JPG","ASG001by0i",1,8,"G08","R2","10 opinions agree upon the species present","insectspider","1","1"
"http://zooniverse-static.s3.amazonaws.com/www.snapshotserengeti.org/subjects/standard/54cfca4b87ee0404d501749d_0.JPG","ASG001ex9i",1,8,"D08","R3","10 opinions agree upon the species present","insectspider","1","1"
"http://zooniverse-static.s3.amazonaws.com/www.snapshotserengeti.org/subjects/standard/54cfdbb687ee0404d50a0039_0.JPG","ASG001bm41",1,8,"Q09","R2","10 opinions agree upon the species present","insectspider","1","11"
"http://zooniverse-static.s3.amazonaws.com/www.snapshotserengeti.org/subjects/standard/54cfcaba87ee0404d501a965_0.JPG","ASG001f21c",1,8,"D11","R2","10 opinions agree upon the species present","insectspider","1","1"
"http://zooniverse-static.s3.amazonaws.com/www.snapshotserengeti.org/subjects/standard/56a6992241479b00420625e7_0.JPG","ASG001glgq",1,9,"Q10","3","","insectspider","1","1"
"http://zooniverse-static.s3.amazonaws.com/www.snapshotserengeti.org/subjects/standard/54cfcab087ee0404d501a495_0.JPG","ASG001f1mh",1,8,"D11","R2","10 opinions agree upon the species present","insectspider","1","2"
"http://zooniverse-static.s3.amazonaws.com/www.snapshotserengeti.org/subjects/standard/54cfd11187ee0404d504bf47_0.JPG","ASG001bgyy",1,8,"H06","R1","10 opinions agree upon the species present","insectspider","1","1"
"http://zooniverse-static.s3.amazonaws.com/www.snapshotserengeti.org/subjects/standard/54cfcef287ee0404d503b2f9_0.JPG","ASG001c5f1",1,8,"F11","R3","10 opinions agree upon the species present","insectspider","1","1"
"http://zooniverse-static.s3.amazonaws.com/www.snapshotserengeti.org/subjects/standard/54cfcac387ee0404d501ad4d_0.JPG","ASG001f2am",1,8,"D11","R2","10 opinions agree upon the species present","insectspider","1","1"
"http://zooniverse-static.s3.amazonaws.com/www.snapshotserengeti.org/subjects/standard/54cfcc7e87ee0404d5027823_0.JPG","ASG001fkdw",1,8,"E10","R2","10 opinions agree upon the species present","insectspider","1","1"
"http://zooniverse-static.s3.amazonaws.com/www.snapshotserengeti.org/subjects/standard/54cfc7c687ee0404d5003331_0.JPG","ASG001dvlq",1,8,"B07","R3","10 opinions agree upon the species present","insectspider","1","1"
"http://zooniverse-static.s3.amazonaws.com/www.snapshotserengeti.org/subjects/standard/54cfcfaf87ee0404d5041137_0.JPG","ASG001bx8k",1,8,"G08","R3","10 opinions agree upon the species present","insectspider","1","1"
"http://zooniverse-static.s3.amazonaws.com/www.snapshotserengeti.org/subjects/standard/54cfca2687ee0404d5016195_0.JPG","ASG001evgr",1,8,"D08","R2","10 opinions agree upon the species present","insectspider","1","1"
"http://zooniverse-static.s3.amazonaws.com/www.snapshotserengeti.org/subjects/standard/54cfdd7887ee0404d50adeeb_0.JPG","ASG001a93x",1,8,"U10","R3","10 opinions agree upon the species present","insectspider","1","1"
"http://zooniverse-static.s3.amazonaws.com/www.snapshotserengeti.org/subjects/standard/54cfcdec87ee0404d5033205_0.JPG","ASG001fyhr",1,8,"F04","R1","10 opinions agree upon the species present","insectspider","1","1"
"http://zooniverse-static.s3.amazonaws.com/www.snapshotserengeti.org/subjects/standard/54cfcf7387ee0404d503f303_0.JPG","ASG001c066",1,8,"G07","R2","10 opinions agree upon the species present","insectspider","1","1"
"http://zooniverse-static.s3.amazonaws.com/www.snapshotserengeti.org/subjects/standard/54cfcf4a87ee0404d503def7_0.JPG","ASG001c1yk",1,8,"G05","R2","10 opinions agree upon the species present","insectspider","1","1"
"http://zooniverse-static.s3.amazonaws.com/www.snapshotserengeti.org/subjects/standard/54cfcad087ee0404d501b397_0.JPG","ASG001f31q",1,8,"D11","R3","10 opinions agree upon the species present","insectspider","1","1"
"http://zooniverse-static.s3.amazonaws.com/www.snapshotserengeti.org/subjects/standard/54cfcea787ee0404d5038d95_0.JPG","ASG001g79l",1,8,"F10","R3","10 opinions agree upon the species present","insectspider","1","1"
"http://zooniverse-static.s3.amazonaws.com/www.snapshotserengeti.org/subjects/standard/54cfcac387ee0404d501ad9f_0.JPG","ASG001f2el",1,8,"D11","R2","10 opinions agree upon the species present","insectspider","1","1"
"http://zooniverse-static.s3.amazonaws.com/www.snapshotserengeti.org/subjects/standard/54cfd2c787ee0404d50599f9_0.JPG","ASG001aezo",1,8,"I10","R3","10 opinions agree upon the species present","insectspider","1","1"
"http://zooniverse-static.s3.amazonaws.com/www.snapshotserengeti.org/subjects/standard/54cfce0087ee0404d5033c75_0.JPG","ASG001fzcn",1,8,"F04","R1","10 opinions agree upon the species present","insectspider","1","1"
"http://zooniverse-static.s3.amazonaws.com/www.snapshotserengeti.org/subjects/standard/54cfcf0087ee0404d503b9d9_0.JPG","ASG001c55w",1,8,"F11","R3","10 opinions agree upon the species present","insectspider","1","1"
"http://zooniverse-static.s3.amazonaws.com/www.snapshotserengeti.org/subjects/standard/54cfcaca87ee0404d501b08f_0.JPG","ASG001f2p9",1,8,"D11","R2","10 opinions agree upon the species present","insectspider","1","1"
"http://zooniverse-static.s3.amazonaws.com/www.snapshotserengeti.org/subjects/standard/54cfcee987ee0404d503aeb5_0.JPG","ASG001c5zm",1,8,"F11","R2","10 opinions agree upon the species present","insectspider","1","1"
"http://zooniverse-static.s3.amazonaws.com/www.snapshotserengeti.org/subjects/standard/54cfdda887ee0404d50af6bb_0.JPG","ASG001ab9t",1,8,"U12","R2","10 opinions agree upon the species present","insectspider","1","1"
"http://zooniverse-static.s3.amazonaws.com/www.snapshotserengeti.org/subjects/standard/54cfcabc87ee0404d501aac9_0.JPG","ASG001f27e",1,8,"D11","R2","10 opinions agree upon the species present","insectspider","1","1"
"http://zooniverse-static.s3.amazonaws.com/www.snapshotserengeti.org/subjects/standard/54cfcf9987ee0404d5040605_0.JPG","ASG001by4d",1,8,"G08","R2","10 opinions agree upon the species present","insectspider","1","1"
"http://zooniverse-static.s3.amazonaws.com/www.snapshotserengeti.org/subjects/standard/54cfd4a187ee0404d506868f_0.JPG","ASG001axrm",1,8,"K11","R2","10 opinions agree upon the species present","insectspider","1","1"
"http://zooniverse-static.s3.amazonaws.com/www.snapshotserengeti.org/subjects/standard/54cfcacc87ee0404d501b1f7_0.JPG","ASG001f2vd",1,8,"D11","R3","10 opinions agree upon the species present","insectspider","1","1"
"http://zooniverse-static.s3.amazonaws.com/www.snapshotserengeti.org/subjects/standard/54cfd49a87ee0404d506834b_0.JPG","ASG001axij",1,8,"K11","R2","10 opinions agree upon the species present","insectspider","1","1"
"http://zooniverse-static.s3.amazonaws.com/www.snapshotserengeti.org/subjects/standard/54cfd49887ee0404d506821b_0.JPG","ASG001axi4",1,8,"K11","R2","10 opinions agree upon the species present","insectspider","1","1"
"http://zooniverse-static.s3.amazonaws.com/www.snapshotserengeti.org/subjects/standard/54cfd2f887ee0404d505b299_0.JPG","ASG001ag8a",1,8,"I13","R3","10 opinions agree upon the species present","insectspider","1","2"
"http://zooniverse-static.s3.amazonaws.com/www.snapshotserengeti.org/subjects/standard/54cfcadb87ee0404d501b89d_0.JPG","ASG001f3ix",1,8,"D11","R3","10 opinions agree upon the species present","insectspider","1","1"
"http://zooniverse-static.s3.amazonaws.com/www.snapshotserengeti.org/subjects/standard/54cfcafd87ee0404d501c7b1_0.JPG","ASG001f4v3",1,8,"D13","R2","10 opinions agree upon the species present","insectspider","1","1"
"http://zooniverse-static.s3.amazonaws.com/www.snapshotserengeti.org/subjects/standard/54cfc8fe87ee0404d500cecb_0.JPG","ASG001ca94",1,8,"C07","R2","10 opinions agree upon the species present","insectspider","1","1"
"http://zooniverse-static.s3.amazonaws.com/www.snapshotserengeti.org/subjects/standard/54cfcb7587ee0404d501fdb3_0.JPG","ASG001f9bi",1,8,"E03","R3","10 opinions agree upon the species present","insectspider","1","1"
"http://zooniverse-static.s3.amazonaws.com/www.snapshotserengeti.org/subjects/standard/54cfdc9187ee0404d50a6c99_0.JPG","ASG0019z3c",1,8,"R10","R2","10 opinions agree upon the species present","insectspider","1","1"
"http://zooniverse-static.s3.amazonaws.com/www.snapshotserengeti.org/subjects/standard/54cfd3c887ee0404d5061a4d_0.JPG","ASG001ao8w",1,8,"J13","R2","10 opinions agree upon the species present","insectspider","1","1"
"http://zooniverse-static.s3.amazonaws.com/www.snapshotserengeti.org/subjects/standard/54cfced987ee0404d503a643_0.JPG","ASG001c6t5",1,8,"F11","R2","10 opinions agree upon the species present","insectspider","1","1"
"http://zooniverse-static.s3.amazonaws.com/www.snapshotserengeti.org/subjects/standard/54cfd4ac87ee0404d5068c29_0.JPG","ASG001ayeh",1,8,"K11","R3","10 opinions agree upon the species present","insectspider","1","1"
"http://zooniverse-static.s3.amazonaws.com/www.snapshotserengeti.org/subjects/standard/54cfd4ad87ee0404d5068c99_0.JPG","ASG001ayey",1,8,"K11","R3","10 opinions agree upon the species present","insectspider","1","1"
"http://zooniverse-static.s3.amazonaws.com/www.snapshotserengeti.org/subjects/standard/54cfd4ab87ee0404d5068b9f_0.JPG","ASG001aye0",1,8,"K11","R3","10 opinions agree upon the species present","insectspider","1","1"
"http://zooniverse-static.s3.amazonaws.com/www.snapshotserengeti.org/subjects/standard/54cfcc6087ee0404d50269ff_0.JPG","ASG001fjgo",1,8,"E10","R2","10 opinions agree upon the species present","insectspider","1","1"
"http://zooniverse-static.s3.amazonaws.com/www.snapshotserengeti.org/subjects/standard/56a6417c41479b00420069a9_0.JPG","ASG001h2m5",1,9,"O07","1","","insectspider","1","1"
"http://zooniverse-static.s3.amazonaws.com/www.snapshotserengeti.org/subjects/standard/54cfce0987ee0404d50340ed_0.JPG","ASG001fzrq",1,8,"F04","R2","10 opinions agree upon the species present","insectspider","1","2"
"http://zooniverse-static.s3.amazonaws.com/www.snapshotserengeti.org/subjects/standard/54cfceaf87ee0404d503915d_0.JPG","ASG001g75g",1,8,"F10","R3","10 opinions agree upon the species present","insectspider","1","1"
"http://zooniverse-static.s3.amazonaws.com/www.snapshotserengeti.org/subjects/standard/54cfcf6487ee0404d503ebf1_0.JPG","ASG001c0lq",1,8,"G07","R1","10 opinions agree upon the species present","insectspider","1","1"
"http://zooniverse-static.s3.amazonaws.com/www.snapshotserengeti.org/subjects/standard/54cfcade87ee0404d501b9bd_0.JPG","ASG001f3md",1,8,"D11","R3","10 opinions agree upon the species present","insectspider","1","2"
"http://zooniverse-static.s3.amazonaws.com/www.snapshotserengeti.org/subjects/standard/54cfcee587ee0404d503ac75_0.JPG","ASG001c65a",1,8,"F11","R2","10 opinions agree upon the species present","insectspider","1","1"
"http://zooniverse-static.s3.amazonaws.com/www.snapshotserengeti.org/subjects/standard/54cfcee487ee0404d503abd5_0.JPG","ASG001c654",1,8,"F11","R2","10 opinions agree upon the species present","insectspider","1","1"
"http://zooniverse-static.s3.amazonaws.com/www.snapshotserengeti.org/subjects/standard/54cfcc5e87ee0404d5026909_0.JPG","ASG001fixg",1,8,"E10","R2","Most common opinion from 25 opinions","insectspider","1","2"
"http://zooniverse-static.s3.amazonaws.com/www.snapshotserengeti.org/subjects/standard/54cfced887ee0404d503a5e1_0.JPG","ASG001c6nu",1,8,"F11","R2","10 opinions agree upon the species present","insectspider","1","1"
"http://zooniverse-static.s3.amazonaws.com/www.snapshotserengeti.org/subjects/standard/54cfd12687ee0404d504c9dd_0.JPG","ASG00194b3",1,8,"H07","R2","10 opinions agree upon the species present","insectspider","1","6"
"http://zooniverse-static.s3.amazonaws.com/www.snapshotserengeti.org/subjects/standard/54cfce1e87ee0404d5034b03_0.JPG","ASG001g0p8",1,8,"F04","R2","10 opinions agree upon the species present","insectspider","1","1"
"http://zooniverse-static.s3.amazonaws.com/www.snapshotserengeti.org/subjects/standard/54cfd3be87ee0404d50615ed_0.JPG","ASG001ao4y",1,8,"J13","R2","10 opinions agree upon the species present","insectspider","1","1"
"http://zooniverse-static.s3.amazonaws.com/www.snapshotserengeti.org/subjects/standard/54cfcf7b87ee0404d503f781_0.JPG","ASG001bzmd",1,8,"G07","R3","10 opinions agree upon the species present","insectspider","1","51"
"http://zooniverse-static.s3.amazonaws.com/www.snapshotserengeti.org/subjects/standard/54cfcedb87ee0404d503a749_0.JPG","ASG001c6oh",1,8,"F11","R2","10 opinions agree upon the species present","insectspider","1","1"
"http://zooniverse-static.s3.amazonaws.com/www.snapshotserengeti.org/subjects/standard/54cfcca887ee0404d5028d6d_0.JPG","ASG001fmn3",1,8,"E10","R3","Most common opinion from 25 opinions","insectspider","1","1"
"http://zooniverse-static.s3.amazonaws.com/www.snapshotserengeti.org/subjects/standard/56a6910d41479b0042059983_0.JPG","ASG001gz8z",1,9,"F11","1","","insectspider","1","1"
"http://zooniverse-static.s3.amazonaws.com/www.snapshotserengeti.org/subjects/standard/54cfcfb987ee0404d5041603_0.JPG","ASG001bwm2",1,8,"G08","R3","10 opinions agree upon the species present","insectspider","1","1"
"http://zooniverse-static.s3.amazonaws.com/www.snapshotserengeti.org/subjects/standard/54cfc9de87ee0404d5013c45_0.JPG","ASG001es1t",1,8,"D06","R2","10 opinions agree upon the species present","insectspider","1","8"
"http://zooniverse-static.s3.amazonaws.com/www.snapshotserengeti.org/subjects/standard/56a6d3aa41479b00420a0043_0.JPG","ASG001nlk8",1,9,"K05","1","","insectspider","1","1"
"http://zooniverse-static.s3.amazonaws.com/www.snapshotserengeti.org/subjects/standard/54cfd1d787ee0404d50522fd_0.JPG","ASG001b80t",1,8,"H12","R3","10 opinions agree upon the species present","insectspider","1","1"
"http://zooniverse-static.s3.amazonaws.com/www.snapshotserengeti.org/subjects/standard/54cfd67a87ee0404d50770e5_0.JPG","ASG001ed7p",1,8,"L12","R2","10 opinions agree upon the species present","insectspider","1","2"
"http://zooniverse-static.s3.amazonaws.com/www.snapshotserengeti.org/subjects/standard/54cfd44787ee0404d50659ab_0.JPG","ASG001aual",1,8,"K08","R2","10 opinions agree upon the species present","insectspider","1","1"
"http://zooniverse-static.s3.amazonaws.com/www.snapshotserengeti.org/subjects/standard/54cfd44487ee0404d5065827_0.JPG","ASG001aua0",1,8,"K08","R2","10 opinions agree upon the species present","insectspider","1","11"
"http://zooniverse-static.s3.amazonaws.com/www.snapshotserengeti.org/subjects/standard/54cfcf0287ee0404d503bad7_0.JPG","ASG001c4v6",1,8,"F11","R3","10 opinions agree upon the species present","insectspider","1","1"
"http://zooniverse-static.s3.amazonaws.com/www.snapshotserengeti.org/subjects/standard/54cfcf9b87ee0404d5040703_0.JPG","ASG001by26",1,8,"G08","R2","10 opinions agree upon the species present","insectspider","1","2"
"http://zooniverse-static.s3.amazonaws.com/www.snapshotserengeti.org/subjects/standard/54cfcefe87ee0404d503b907_0.JPG","ASG001c50w",1,8,"F11","R3","10 opinions agree upon the species present","insectspider","1","1"
"http://zooniverse-static.s3.amazonaws.com/www.snapshotserengeti.org/subjects/standard/54cfd25687ee0404d505630b_0.JPG","ASG001b30g",1,8,"I06","R2","10 opinions agree upon the species present","insectspider","1","2"
"http://zooniverse-static.s3.amazonaws.com/www.snapshotserengeti.org/subjects/standard/54cfd25687ee0404d505632d_0.JPG","ASG001b30q",1,8,"I06","R2","10 opinions agree upon the species present","insectspider","1","1"
"http://zooniverse-static.s3.amazonaws.com/www.snapshotserengeti.org/subjects/standard/54cfd49887ee0404d50681fd_0.JPG","ASG001ax8p",1,8,"K11","R2","10 opinions agree upon the species present","insectspider","1","1"
"http://zooniverse-static.s3.amazonaws.com/www.snapshotserengeti.org/subjects/standard/54cfcac187ee0404d501acb9_0.JPG","ASG001f2bc",1,8,"D11","R2","10 opinions agree upon the species present","insectspider","1","1"
"http://zooniverse-static.s3.amazonaws.com/www.snapshotserengeti.org/subjects/standard/54cfd49e87ee0404d50684bf_0.JPG","ASG001axpc",1,8,"K11","R2","Most common opinion from 25 opinions","insectspider","1","1"
"http://zooniverse-static.s3.amazonaws.com/www.snapshotserengeti.org/subjects/standard/54cfcfa487ee0404d5040b6f_0.JPG","ASG001bxul",1,8,"G08","R2","10 opinions agree upon the species present","insectspider","1","1"
"http://zooniverse-static.s3.amazonaws.com/www.snapshotserengeti.org/subjects/standard/54cfd28f87ee0404d5057daf_0.JPG","ASG001b00r",1,8,"I08","R2","10 opinions agree upon the species present","insectspider","1","3"
"http://zooniverse-static.s3.amazonaws.com/www.snapshotserengeti.org/subjects/standard/56a6af2b41479b0042079db9_0.JPG","ASG001lx9l",1,9,"G07","1","","insectspider","1","1"
"http://zooniverse-static.s3.amazonaws.com/www.snapshotserengeti.org/subjects/standard/54cfcf7c87ee0404d503f787_0.JPG","ASG001bzo1",1,8,"G07","R3","10 opinions agree upon the species present","insectspider","1","51"
"http://zooniverse-static.s3.amazonaws.com/www.snapshotserengeti.org/subjects/standard/54cfcee987ee0404d503ae79_0.JPG","ASG001c699",1,8,"F11","R2","10 opinions agree upon the species present","insectspider","1","1"
"http://zooniverse-static.s3.amazonaws.com/www.snapshotserengeti.org/subjects/standard/54cfcea887ee0404d5038e01_0.JPG","ASG0019giz",1,8,"F10","R3","10 opinions agree upon the species present","insectspider","1","1"
"http://zooniverse-static.s3.amazonaws.com/www.snapshotserengeti.org/subjects/standard/54cfd29a87ee0404d505838b_0.JPG","ASG001acuc",1,8,"I08","R3","10 opinions agree upon the species present","insectspider","1","2"
"http://zooniverse-static.s3.amazonaws.com/www.snapshotserengeti.org/subjects/standard/54cfd76987ee0404d507e947_0.JPG","ASG0018s5s",1,8,"M06","R2","10 opinions agree upon the species present","insectspider","1","1"
"http://zooniverse-static.s3.amazonaws.com/www.snapshotserengeti.org/subjects/standard/54cfcc3b87ee0404d5025699_0.JPG","ASG001fh4v",1,8,"E09","R2","10 opinions agree upon the species present","insectspider","1","1"
"http://zooniverse-static.s3.amazonaws.com/www.snapshotserengeti.org/subjects/standard/54cfcc6f87ee0404d5027123_0.JPG","ASG001fjsy",1,8,"E10","R2","10 opinions agree upon the species present","insectspider","1","1"
"http://zooniverse-static.s3.amazonaws.com/www.snapshotserengeti.org/subjects/standard/54cfcb6487ee0404d501f585_0.JPG","ASG001f8i2",1,8,"E03","R3","10 opinions agree upon the species present","insectspider","1","1"
"http://zooniverse-static.s3.amazonaws.com/www.snapshotserengeti.org/subjects/standard/54cfcfa887ee0404d5040d7f_0.JPG","ASG001bxcj",1,8,"G08","R3","10 opinions agree upon the species present","insectspider","1","1"
"http://zooniverse-static.s3.amazonaws.com/www.snapshotserengeti.org/subjects/standard/54cfcac287ee0404d501ad15_0.JPG","ASG001f2f0",1,8,"D11","R2","10 opinions agree upon the species present","insectspider","1","1"
"http://zooniverse-static.s3.amazonaws.com/www.snapshotserengeti.org/subjects/standard/54cfc90d87ee0404d500d5c3_0.JPG","ASG001c9rs",1,8,"C07","R2","10 opinions agree upon the species present","insectspider","1","1"
"http://zooniverse-static.s3.amazonaws.com/www.snapshotserengeti.org/subjects/standard/54cfceeb87ee0404d503afcf_0.JPG","ASG001c5z1",1,8,"F11","R2","10 opinions agree upon the species present","insectspider","1","2"
"http://zooniverse-static.s3.amazonaws.com/www.snapshotserengeti.org/subjects/standard/54cfcfe587ee0404d5042b45_0.JPG","ASG001bug8",1,8,"G09","R3","10 opinions agree upon the species present","insectspider","1","1"
"http://zooniverse-static.s3.amazonaws.com/www.snapshotserengeti.org/subjects/standard/54cfdd2587ee0404d50ab59f_0.JPG","ASG001a5fi",1,8,"T08","R3","Most common opinion from 25 opinions","insectspider","1","1"
"http://zooniverse-static.s3.amazonaws.com/www.snapshotserengeti.org/subjects/standard/54cfcab287ee0404d501a5ad_0.JPG","ASG001f1qi",1,8,"D11","R2","10 opinions agree upon the species present","insectspider","1","1"
"http://zooniverse-static.s3.amazonaws.com/www.snapshotserengeti.org/subjects/standard/54cfd2fb87ee0404d505b437_0.JPG","ASG001agd5",1,8,"I13","R3","10 opinions agree upon the species present","insectspider","1","1"
"http://zooniverse-static.s3.amazonaws.com/www.snapshotserengeti.org/subjects/standard/54cfd3cd87ee0404d5061ce7_0.JPG","ASG001aopz",1,8,"J13","R2","10 opinions agree upon the species present","insectspider","1","2"
"http://zooniverse-static.s3.amazonaws.com/www.snapshotserengeti.org/subjects/standard/54cfcad487ee0404d501b5d3_0.JPG","ASG001f35d",1,8,"D11","R3","10 opinions agree upon the species present","insectspider","1","2"
"http://zooniverse-static.s3.amazonaws.com/www.snapshotserengeti.org/subjects/standard/54cfd18d87ee0404d504fd3f_0.JPG","ASG001bbsj",1,8,"H12","R1","Most common opinion from 25 opinions","insectspider","1","11"
"http://zooniverse-static.s3.amazonaws.com/www.snapshotserengeti.org/subjects/standard/54cfcad387ee0404d501b589_0.JPG","ASG001f30q",1,8,"D11","R3","10 opinions agree upon the species present","insectspider","1","1"
"http://zooniverse-static.s3.amazonaws.com/www.snapshotserengeti.org/subjects/standard/54cfcb2387ee0404d501d8a3_0.JPG","ASG001f65f",1,8,"E01","R3","10 opinions agree upon the species present","insectspider","1","3"
"http://zooniverse-static.s3.amazonaws.com/www.snapshotserengeti.org/subjects/standard/54cfd10c87ee0404d504bd1f_0.JPG","ASG001bh2n",1,8,"H06","R1","10 opinions agree upon the species present","insectspider","1","1"
"http://zooniverse-static.s3.amazonaws.com/www.snapshotserengeti.org/subjects/standard/54cfceec87ee0404d503aff1_0.JPG","ASG001c5ws",1,8,"F11","R2","10 opinions agree upon the species present","insectspider","1","1"
"http://zooniverse-static.s3.amazonaws.com/www.snapshotserengeti.org/subjects/standard/54cfcf7287ee0404d503f2b3_0.JPG","ASG001bzw9",1,8,"G07","R2","10 opinions agree upon the species present","insectspider","1","1"
"http://zooniverse-static.s3.amazonaws.com/www.snapshotserengeti.org/subjects/standard/54cfcada87ee0404d501b84f_0.JPG","ASG001f3ha",1,8,"D11","R3","10 opinions agree upon the species present","insectspider","1","3"
"http://zooniverse-static.s3.amazonaws.com/www.snapshotserengeti.org/subjects/standard/54cfc9e587ee0404d501402f_0.JPG","ASG001esel",1,8,"D06","R2","10 opinions agree upon the species present","insectspider","1","1"
"http://zooniverse-static.s3.amazonaws.com/www.snapshotserengeti.org/subjects/standard/54cfd4a787ee0404d50689c3_0.JPG","ASG001ay6b",1,8,"K11","R3","10 opinions agree upon the species present","insectspider","1","1"
"http://zooniverse-static.s3.amazonaws.com/www.snapshotserengeti.org/subjects/standard/54cfc7c387ee0404d500319d_0.JPG","ASG001dvea",1,8,"B07","R3","10 opinions agree upon the species present","insectspider","1","1"
"http://zooniverse-static.s3.amazonaws.com/www.snapshotserengeti.org/subjects/standard/54cfd3ad87ee0404d5060d45_0.JPG","ASG001an7h",1,8,"J13","R1","10 opinions agree upon the species present","insectspider","1","1"
"http://zooniverse-static.s3.amazonaws.com/www.snapshotserengeti.org/subjects/standard/54cfcfa887ee0404d5040df9_0.JPG","ASG001bx3z",1,8,"G08","R3","10 opinions agree upon the species present","insectspider","1","1"
"http://zooniverse-static.s3.amazonaws.com/www.snapshotserengeti.org/subjects/standard/54cfcfbb87ee0404d5041733_0.JPG","ASG001bwbo",1,8,"G08","R3","10 opinions agree upon the species present","insectspider","1","1"
"http://zooniverse-static.s3.amazonaws.com/www.snapshotserengeti.org/subjects/standard/56a6d95141479b00420a5ff9_0.JPG","ASG001nv07",1,9,"B12","2","","insectspider","1","1"
"http://zooniverse-static.s3.amazonaws.com/www.snapshotserengeti.org/subjects/standard/54cfcc5e87ee0404d50268ed_0.JPG","ASG001fizj",1,8,"E10","R2","10 opinions agree upon the species present","insectspider","1","1"
"http://zooniverse-static.s3.amazonaws.com/www.snapshotserengeti.org/subjects/standard/54cfd00b87ee0404d5043dbf_0.JPG","ASG001bsk4",1,8,"G10","R2","10 opinions agree upon the species present","insectspider","1","1"
"http://zooniverse-static.s3.amazonaws.com/www.snapshotserengeti.org/subjects/standard/54cfcacf87ee0404d501b391_0.JPG","ASG001f344",1,8,"D11","R3","10 opinions agree upon the species present","insectspider","1","1"
"http://zooniverse-static.s3.amazonaws.com/www.snapshotserengeti.org/subjects/standard/54cfcac887ee0404d501af89_0.JPG","ASG001f2n6",1,8,"D11","R2","10 opinions agree upon the species present","insectspider","1","2"
"http://zooniverse-static.s3.amazonaws.com/www.snapshotserengeti.org/subjects/standard/54cfd3cd87ee0404d5061ca7_0.JPG","ASG001aola",1,8,"J13","R2","10 opinions agree upon the species present","insectspider","1","1"
"http://zooniverse-static.s3.amazonaws.com/www.snapshotserengeti.org/subjects/standard/56a6af2e41479b0042079ee3_0.JPG","ASG001lxfo",1,9,"M06","3","","insectspider","1","1"
"http://zooniverse-static.s3.amazonaws.com/www.snapshotserengeti.org/subjects/standard/56a6936941479b004205c3f3_0.JPG","ASG001gv1v",1,9,"H08","3","","insectspider","1","1"
"http://zooniverse-static.s3.amazonaws.com/www.snapshotserengeti.org/subjects/standard/54cfcf6487ee0404d503ec07_0.JPG","ASG001c0qe",1,8,"G07","R1","10 opinions agree upon the species present","insectspider","1","2"
"http://zooniverse-static.s3.amazonaws.com/www.snapshotserengeti.org/subjects/standard/54cfcb0987ee0404d501cd7b_0.JPG","ASG001f581",1,8,"D13","R3","10 opinions agree upon the species present","insectspider","1","1"
"http://zooniverse-static.s3.amazonaws.com/www.snapshotserengeti.org/subjects/standard/54cfc9f287ee0404d50146df_0.JPG","ASG001esvl",1,8,"D07","R2","10 opinions agree upon the species present","insectspider","1","1"
"http://zooniverse-static.s3.amazonaws.com/www.snapshotserengeti.org/subjects/standard/54cfcac087ee0404d501ac65_0.JPG","ASG001f28p",1,8,"D11","R2","10 opinions agree upon the species present","insectspider","1","1"
"http://zooniverse-static.s3.amazonaws.com/www.snapshotserengeti.org/subjects/standard/54cfcaba87ee0404d501a969_0.JPG","ASG001f20t",1,8,"D11","R2","10 opinions agree upon the species present","insectspider","1","1"
"http://zooniverse-static.s3.amazonaws.com/www.snapshotserengeti.org/subjects/standard/54cfceee87ee0404d503b13f_0.JPG","ASG001c5v6",1,8,"F11","R2","10 opinions agree upon the species present","insectspider","1","1"
"http://zooniverse-static.s3.amazonaws.com/www.snapshotserengeti.org/subjects/standard/54cfcf6287ee0404d503eb0f_0.JPG","ASG001c0oi",1,8,"G07","R1","10 opinions agree upon the species present","insectspider","1","51"
"http://zooniverse-static.s3.amazonaws.com/www.snapshotserengeti.org/subjects/standard/54cfcee887ee0404d503adcd_0.JPG","ASG001c60y",1,8,"F11","R2","10 opinions agree upon the species present","insectspider","1","1"
"http://zooniverse-static.s3.amazonaws.com/www.snapshotserengeti.org/subjects/standard/54cfcee987ee0404d503ae7b_0.JPG","ASG001c60k",1,8,"F11","R2","10 opinions agree upon the species present","insectspider","1","1"
"http://zooniverse-static.s3.amazonaws.com/www.snapshotserengeti.org/subjects/standard/54cfd60a87ee0404d50738ad_0.JPG","ASG001e8sv",1,8,"L09","R3","10 opinions agree upon the species present","insectspider","1","11"
"http://zooniverse-static.s3.amazonaws.com/www.snapshotserengeti.org/subjects/standard/54cfd18d87ee0404d504fd43_0.JPG","ASG001bbzg",1,8,"H12","R1","10 opinions agree upon the species present","insectspider","1","11"
"http://zooniverse-static.s3.amazonaws.com/www.snapshotserengeti.org/subjects/standard/5582df51c4af4e0042007e97_0.JPG","ASG001gcfr",1,0,"T08","R1","10 opinions agree upon the species present","insectspider","1","1"
"http://zooniverse-static.s3.amazonaws.com/www.snapshotserengeti.org/subjects/standard/54cfcaaf87ee0404d501a461_0.JPG","ASG001f1jt",1,8,"D11","R2","10 opinions agree upon the species present","insectspider","1","1"
"http://zooniverse-static.s3.amazonaws.com/www.snapshotserengeti.org/subjects/standard/54cfcc3d87ee0404d50257e5_0.JPG","ASG001fhci",1,8,"E09","R2","10 opinions agree upon the species present","insectspider","1","1"
"http://zooniverse-static.s3.amazonaws.com/www.snapshotserengeti.org/subjects/standard/54cfce2087ee0404d5034bc5_0.JPG","ASG001g0s1",1,8,"F04","R2","10 opinions agree upon the species present","insectspider","1","1"
"http://zooniverse-static.s3.amazonaws.com/www.snapshotserengeti.org/subjects/standard/54cfcaaf87ee0404d501a46b_0.JPG","ASG001f1o3",1,8,"D11","R2","10 opinions agree upon the species present","insectspider","1","1"
"http://zooniverse-static.s3.amazonaws.com/www.snapshotserengeti.org/subjects/standard/54cfddaa87ee0404d50af765_0.JPG","ASG001aao7",1,8,"U12","R2","10 opinions agree upon the species present","insectspider","1","3"
"http://zooniverse-static.s3.amazonaws.com/www.snapshotserengeti.org/subjects/standard/56a6a1df41479b004206bba7_0.JPG","ASG001lc87",1,9,"K11","2","","insectspider","1","2"
"http://zooniverse-static.s3.amazonaws.com/www.snapshotserengeti.org/subjects/standard/54cfda4487ee0404d50949a3_0.JPG","ASG001ct1n",1,8,"P03","R3","10 opinions agree upon the species present","insectspider","1","1"
"http://zooniverse-static.s3.amazonaws.com/www.snapshotserengeti.org/subjects/standard/54cfce1887ee0404d503482b_0.JPG","ASG001g0fr",1,8,"F04","R2","10 opinions agree upon the species present","insectspider","1","1"
"http://zooniverse-static.s3.amazonaws.com/www.snapshotserengeti.org/subjects/standard/54cfcfc487ee0404d5041bb7_0.JPG","ASG001bvzw",1,8,"G09","R2","10 opinions agree upon the species present","insectspider","1","1"
"http://zooniverse-static.s3.amazonaws.com/www.snapshotserengeti.org/subjects/standard/54cfcfa387ee0404d5040b59_0.JPG","ASG001bxlp",1,8,"G08","R2","10 opinions agree upon the species present","insectspider","1","1"
"http://zooniverse-static.s3.amazonaws.com/www.snapshotserengeti.org/subjects/standard/56a6aa1d41479b00420745db_0.JPG","ASG001kykm",1,9,"F04","1","","insectspider","1","1"
"http://zooniverse-static.s3.amazonaws.com/www.snapshotserengeti.org/subjects/standard/54cfcf6487ee0404d503ec01_0.JPG","ASG001c0sr",1,8,"G07","R1","10 opinions agree upon the species present","insectspider","1","1"
"http://zooniverse-static.s3.amazonaws.com/www.snapshotserengeti.org/subjects/standard/54cfcfd087ee0404d50420f9_0.JPG","ASG001bvg9",1,8,"G09","R3","10 opinions agree upon the species present","insectspider","1","1"
"http://zooniverse-static.s3.amazonaws.com/www.snapshotserengeti.org/subjects/standard/54cfcbed87ee0404d5023341_0.JPG","ASG001fdsf",1,8,"E07","R3","10 opinions agree upon the species present","insectspider","1","1"
"http://zooniverse-static.s3.amazonaws.com/www.snapshotserengeti.org/subjects/standard/54cfcbed87ee0404d5023313_0.JPG","ASG001fdsk",1,8,"E07","R3","10 opinions agree upon the species present","insectspider","1","1"
"http://zooniverse-static.s3.amazonaws.com/www.snapshotserengeti.org/subjects/standard/54cfce7287ee0404d50373bb_0.JPG","ASG001g4mk",1,8,"F08","R2","10 opinions agree upon the species present","insectspider","1","1"
"http://zooniverse-static.s3.amazonaws.com/www.snapshotserengeti.org/subjects/standard/54cfd3bd87ee0404d5061581_0.JPG","ASG001anye",1,8,"J13","R2","10 opinions agree upon the species present","insectspider","1","1"
"http://zooniverse-static.s3.amazonaws.com/www.snapshotserengeti.org/subjects/standard/54cfcf0c87ee0404d503bfbb_0.JPG","ASG001c4bi",1,8,"F11","R3","10 opinions agree upon the species present","insectspider","1","1"
"http://zooniverse-static.s3.amazonaws.com/www.snapshotserengeti.org/subjects/standard/54cfc7bf87ee0404d5002f59_0.JPG","ASG001dvav",1,8,"B07","R2","10 opinions agree upon the species present","insectspider","1","1"
"http://zooniverse-static.s3.amazonaws.com/www.snapshotserengeti.org/subjects/standard/56a6c25741479b004208db7b_0.JPG","ASG001msmg",1,9,"K03","3","","insectspider","1","1"
"http://zooniverse-static.s3.amazonaws.com/www.snapshotserengeti.org/subjects/standard/54cfc90d87ee0404d500d5ad_0.JPG","ASG001c9v7",1,8,"C07","R2","10 opinions agree upon the species present","insectspider","1","2"
"http://zooniverse-static.s3.amazonaws.com/www.snapshotserengeti.org/subjects/standard/54cfddaa87ee0404d50af767_0.JPG","ASG001aakp",1,8,"U12","R2","10 opinions agree upon the species present","insectspider","1","4"
"http://zooniverse-static.s3.amazonaws.com/www.snapshotserengeti.org/subjects/standard/56a6472741479b004200c885_0.JPG","ASG001h0cc",1,9,"E11","1","","insectspider","1","1"
"http://zooniverse-static.s3.amazonaws.com/www.snapshotserengeti.org/subjects/standard/56a68d7941479b00420561fb_0.JPG","ASG001ha1f",1,9,"Q09","1","","insectspider","1","1"
"http://zooniverse-static.s3.amazonaws.com/www.snapshotserengeti.org/subjects/standard/54cfcba087ee0404d502111d_0.JPG","ASG0018jtv",1,8,"E05","R2","10 opinions agree upon the species present","insectspider","1","11"
"http://zooniverse-static.s3.amazonaws.com/www.snapshotserengeti.org/subjects/standard/54cfcac587ee0404d501ae6f_0.JPG","ASG001f2gm",1,8,"D11","R2","10 opinions agree upon the species present","insectspider","1","1"
"http://zooniverse-static.s3.amazonaws.com/www.snapshotserengeti.org/subjects/standard/54cfcaa587ee0404d501a013_0.JPG","ASG001f15s",1,8,"D11","R2","10 opinions agree upon the species present","insectspider","1","1"
"http://zooniverse-static.s3.amazonaws.com/www.snapshotserengeti.org/subjects/standard/54cfd4a287ee0404d50686f9_0.JPG","ASG001axxo",1,8,"K11","R2","10 opinions agree upon the species present","insectspider","1","1"
"http://zooniverse-static.s3.amazonaws.com/www.snapshotserengeti.org/subjects/standard/54cfd92e87ee0404d508c8bf_0.JPG","ASG001d4le",1,8,"O03","R3","10 opinions agree upon the species present","insectspider","1","1"
"http://zooniverse-static.s3.amazonaws.com/www.snapshotserengeti.org/subjects/standard/54cfcad887ee0404d501b763_0.JPG","ASG001f3cn",1,8,"D11","R3","10 opinions agree upon the species present","insectspider","1","1"
"http://zooniverse-static.s3.amazonaws.com/www.snapshotserengeti.org/subjects/standard/54cfd2ff87ee0404d505b687_0.JPG","ASG001agii",1,8,"I13","R3","10 opinions agree upon the species present","insectspider","1","1"
"http://zooniverse-static.s3.amazonaws.com/www.snapshotserengeti.org/subjects/standard/56a67dc141479b004204547d_0.JPG","ASG001i95d",1,9,"F11","3","","insectspider","1","1"
"http://zooniverse-static.s3.amazonaws.com/www.snapshotserengeti.org/subjects/standard/54cfca4187ee0404d5016fc7_0.JPG","ASG001ex63",1,8,"D08","R3","10 opinions agree upon the species present","insectspider","1","1"
"http://zooniverse-static.s3.amazonaws.com/www.snapshotserengeti.org/subjects/standard/54cfce9987ee0404d50386d3_0.JPG","ASG001g6a7",1,8,"F10","R1","10 opinions agree upon the species present","insectspider","1","1"
"http://zooniverse-static.s3.amazonaws.com/www.snapshotserengeti.org/subjects/standard/54cfcefa87ee0404d503b717_0.JPG","ASG001c59q",1,8,"F11","R3","10 opinions agree upon the species present","insectspider","1","1"
"http://zooniverse-static.s3.amazonaws.com/www.snapshotserengeti.org/subjects/standard/54cfcc7c87ee0404d5027753_0.JPG","ASG001fke1",1,8,"E10","R2","10 opinions agree upon the species present","insectspider","1","1"
"http://zooniverse-static.s3.amazonaws.com/www.snapshotserengeti.org/subjects/standard/56a65bf241479b0042021ae7_0.JPG","ASG001jymq",1,9,"Q09","1","","insectspider","1","3"
"http://zooniverse-static.s3.amazonaws.com/www.snapshotserengeti.org/subjects/standard/54cfceeb87ee0404d503af61_0.JPG","ASG001c638",1,8,"F11","R2","10 opinions agree upon the species present","insectspider","1","1"
"http://zooniverse-static.s3.amazonaws.com/www.snapshotserengeti.org/subjects/standard/54cfcfce87ee0404d5042015_0.JPG","ASG001bvoa",1,8,"G09","R3","10 opinions agree upon the species present","insectspider","1","2"
"http://zooniverse-static.s3.amazonaws.com/www.snapshotserengeti.org/subjects/standard/54cfd49a87ee0404d5068361_0.JPG","ASG001axkz",1,8,"K11","R2","10 opinions agree upon the species present","insectspider","1","1"
"http://zooniverse-static.s3.amazonaws.com/www.snapshotserengeti.org/subjects/standard/54cfcad787ee0404d501b747_0.JPG","ASG001f3gz",1,8,"D11","R3","10 opinions agree upon the species present","insectspider","1","3"
"http://zooniverse-static.s3.amazonaws.com/www.snapshotserengeti.org/subjects/standard/54cfcc5f87ee0404d502695d_0.JPG","ASG001fj5o",1,8,"E10","R2","10 opinions agree upon the species present","insectspider","1","1"
"http://zooniverse-static.s3.amazonaws.com/www.snapshotserengeti.org/subjects/standard/54cfce1787ee0404d5034757_0.JPG","ASG001g0ip",1,8,"F04","R2","10 opinions agree upon the species present","insectspider","1","1"
"http://zooniverse-static.s3.amazonaws.com/www.snapshotserengeti.org/subjects/standard/54cfd81887ee0404d508403f_0.JPG","ASG001dgkm",1,8,"M13","R2","10 opinions agree upon the species present","insectspider","1","2"
"http://zooniverse-static.s3.amazonaws.com/www.snapshotserengeti.org/subjects/standard/54cfd21087ee0404d5053f53_0.JPG","ASG001b5yo",1,8,"I03","R3","10 opinions agree upon the species present","insectspider","1","11"
"http://zooniverse-static.s3.amazonaws.com/www.snapshotserengeti.org/subjects/standard/54cfcf7b87ee0404d503f785_0.JPG","ASG001bzhb",1,8,"G07","R3","10 opinions agree upon the species present","insectspider","1","51"
"http://zooniverse-static.s3.amazonaws.com/www.snapshotserengeti.org/subjects/standard/54cfcf7c87ee0404d503f789_0.JPG","ASG001bzh7",1,8,"G07","R3","10 opinions agree upon the species present","insectspider","1","51"
"http://zooniverse-static.s3.amazonaws.com/www.snapshotserengeti.org/subjects/standard/54cfcb2487ee0404d501d933_0.JPG","ASG001f698",1,8,"E01","R3","10 opinions agree upon the species present","insectspider","1","1"
"http://zooniverse-static.s3.amazonaws.com/www.snapshotserengeti.org/subjects/standard/56a6b58a41479b004208054b_0.JPG","ASG001m7hn",1,9,"J05","1","","insectspider","1","1"
"http://zooniverse-static.s3.amazonaws.com/www.snapshotserengeti.org/subjects/standard/54cfcacc87ee0404d501b195_0.JPG","ASG001f2ol",1,8,"D11","R3","10 opinions agree upon the species present","insectspider","1","2"
"http://zooniverse-static.s3.amazonaws.com/www.snapshotserengeti.org/subjects/standard/54cfcabd87ee0404d501ab43_0.JPG","ASG001f26h",1,8,"D11","R2","10 opinions agree upon the species present","insectspider","1","2"
"http://zooniverse-static.s3.amazonaws.com/www.snapshotserengeti.org/subjects/standard/54cfd6a487ee0404d5078605_0.JPG","ASG001effr",1,8,"L13","R3","10 opinions agree upon the species present","insectspider","1","1"
"http://zooniverse-static.s3.amazonaws.com/www.snapshotserengeti.org/subjects/standard/54cfd2f687ee0404d505b1e5_0.JPG","ASG001ag4t",1,8,"I13","R3","10 opinions agree upon the species present","insectspider","1","1"
"http://zooniverse-static.s3.amazonaws.com/www.snapshotserengeti.org/subjects/standard/54cfcef487ee0404d503b3cd_0.JPG","ASG001c5ib",1,8,"F11","R3","10 opinions agree upon the species present","insectspider","1","1"
"http://zooniverse-static.s3.amazonaws.com/www.snapshotserengeti.org/subjects/standard/54cfc8f787ee0404d500cb01_0.JPG","ASG001cax9",1,8,"C07","R2","10 opinions agree upon the species present","insectspider","1","1"
"http://zooniverse-static.s3.amazonaws.com/www.snapshotserengeti.org/subjects/standard/54cfd48987ee0404d5067a09_0.JPG","ASG001awgs",1,8,"K09","R3","10 opinions agree upon the species present","insectspider","1","51"
"http://zooniverse-static.s3.amazonaws.com/www.snapshotserengeti.org/subjects/standard/56a6d79c41479b00420a43e7_0.JPG","ASG001ns8a",1,9,"Q12","1","","insectspider","1","1"
"http://zooniverse-static.s3.amazonaws.com/www.snapshotserengeti.org/subjects/standard/56a6474a41479b004200ca19_0.JPG","ASG001h0il",1,9,"Q12","2","","insectspider","1","1"
"http://zooniverse-static.s3.amazonaws.com/www.snapshotserengeti.org/subjects/standard/54cfcabd87ee0404d501aaf5_0.JPG","ASG001f297",1,8,"D11","R2","10 opinions agree upon the species present","insectspider","1","2"
"http://zooniverse-static.s3.amazonaws.com/www.snapshotserengeti.org/subjects/standard/54cfd4a687ee0404d50688d7_0.JPG","ASG001ay0s",1,8,"K11","R3","10 opinions agree upon the species present","insectspider","1","1"
"http://zooniverse-static.s3.amazonaws.com/www.snapshotserengeti.org/subjects/standard/54cfcad687ee0404d501b68d_0.JPG","ASG001f37o",1,8,"D11","R3","10 opinions agree upon the species present","insectspider","1","1"
"http://zooniverse-static.s3.amazonaws.com/www.snapshotserengeti.org/subjects/standard/54cfcad687ee0404d501b693_0.JPG","ASG001f37p",1,8,"D11","R3","10 opinions agree upon the species present","insectspider","1","1"
"http://zooniverse-static.s3.amazonaws.com/www.snapshotserengeti.org/subjects/standard/54cfcf9a87ee0404d5040613_0.JPG","ASG001bxyo",1,8,"G08","R2","10 opinions agree upon the species present","insectspider","1","1"
"http://zooniverse-static.s3.amazonaws.com/www.snapshotserengeti.org/subjects/standard/54cfcf7c87ee0404d503f78b_0.JPG","ASG001bzn1",1,8,"G07","R3","10 opinions agree upon the species present","insectspider","1","51"
"http://zooniverse-static.s3.amazonaws.com/www.snapshotserengeti.org/subjects/standard/54cfd2f387ee0404d505b011_0.JPG","ASG001ag00",1,8,"I13","R3","10 opinions agree upon the species present","insectspider","1","1"
"http://zooniverse-static.s3.amazonaws.com/www.snapshotserengeti.org/subjects/standard/54cfc7bc87ee0404d5002dcd_0.JPG","ASG001dv46",1,8,"B07","R2","10 opinions agree upon the species present","insectspider","1","1"
"http://zooniverse-static.s3.amazonaws.com/www.snapshotserengeti.org/subjects/standard/54cfd3cf87ee0404d5061dd1_0.JPG","ASG001aose",1,8,"J13","R2","10 opinions agree upon the species present","insectspider","1","1"
"http://zooniverse-static.s3.amazonaws.com/www.snapshotserengeti.org/subjects/standard/54cfd25687ee0404d5056305_0.JPG","ASG001b2s1",1,8,"I06","R2","10 opinions agree upon the species present","insectspider","1","4"
"http://zooniverse-static.s3.amazonaws.com/www.snapshotserengeti.org/subjects/standard/56a6aa9a41479b0042074f65_0.JPG","ASG001kx8h",1,9,"D08","3","","insectspider","1","1"
"http://zooniverse-static.s3.amazonaws.com/www.snapshotserengeti.org/subjects/standard/54cfca7387ee0404d5018863_0.JPG","ASG001ez2g",1,8,"D09","R3","10 opinions agree upon the species present","insectspider","1","1"
