"url","Subject ID","Frame","Season","Site","Roll","Decision Type","Crowd Determination","Number of Species Present","Number of Animals Present"
"http://www.snapshotserengeti.org/subjects/standard/5331de3e1bccd304b60710f7_0.JPG","ASG0012cqt",1,7,"V10","R3","10 opinions agree upon the species present","leopard","1","1"
"http://www.snapshotserengeti.org/subjects/standard/50c210ca8a607540b9009930_0.jpg","ASG0000u9c",1,1,"F12","R1","10 opinions agree upon the species present","leopard","1","1"
"http://www.snapshotserengeti.org/subjects/standard/50c210ca8a607540b9009930_1.jpg","ASG0000u9c",2,1,"F12","R1","10 opinions agree upon the species present","leopard","1","1"
"http://www.snapshotserengeti.org/subjects/standard/50c210ca8a607540b9009930_2.jpg","ASG0000u9c",3,1,"F12","R1","10 opinions agree upon the species present","leopard","1","1"
"http://www.snapshotserengeti.org/subjects/standard/51a39275e18f49172b1859f3_0.jpg","ASG000sfrd",1,5,"P03","R3","10 opinions agree upon the species present","leopard","1","1"
"http://www.snapshotserengeti.org/subjects/standard/51a39275e18f49172b1859f0_0.jpg","ASG000sfrc",1,5,"P03","R3","10 opinions agree upon the species present","leopard","1","1"
"http://zooniverse-static.s3.amazonaws.com/www.snapshotserengeti.org/subjects/standard/5582df3dc4af4e00420076cb_0.JPG","ASG001gbrn",1,0,"P04","R1","10 opinions agree upon the species present","leopard","1","1"
"http://www.snapshotserengeti.org/subjects/standard/50dcb518a2fc8e37890df7f4_0.jpg","ASG000ebqa",1,4,"D03","R2","10 opinions agree upon the species present","leopard","1","1"
"http://www.snapshotserengeti.org/subjects/standard/51a2d4d7e18f49172b01c505_0.jpg","ASG000mvcz",1,5,"B13","R2","10 opinions agree upon the species present","leopard","1","1"
"http://zooniverse-static.s3.amazonaws.com/www.snapshotserengeti.org/subjects/standard/5582df32c4af4e0042007223_0.JPG","ASG001gbaj",1,0,"O04","R1","10 opinions agree upon the species present","leopard","1","1"
"http://www.snapshotserengeti.org/subjects/standard/50c217378a607540b905a7e5_0.jpg","ASG0007y05",1,3,"C03","R11","10 opinions agree upon the species present","leopard","1","1"
"http://www.snapshotserengeti.org/subjects/standard/50c213cb8a607540b90322cf_0.jpg","ASG0004ekv",1,2,"E05","R4","10 opinions agree upon the species present","leopard","1","1"
"http://www.snapshotserengeti.org/subjects/standard/50c213cb8a607540b90322cf_1.jpg","ASG0004ekv",2,2,"E05","R4","10 opinions agree upon the species present","leopard","1","1"
"http://www.snapshotserengeti.org/subjects/standard/50c213cb8a607540b90322cf_2.jpg","ASG0004ekv",3,2,"E05","R4","10 opinions agree upon the species present","leopard","1","1"
"http://www.snapshotserengeti.org/subjects/standard/51e8d107e0053a09c30571ab_0.jpg","ASG000z856",1,6,"G04","R1","10 opinions agree upon the species present","leopard","1","1"
"http://zooniverse-static.s3.amazonaws.com/www.snapshotserengeti.org/subjects/standard/54cfda5687ee0404d509521f_0.JPG","ASG0018wgr",1,8,"P05","R1","10 opinions agree upon the species present","leopard","1","1"
"http://www.snapshotserengeti.org/subjects/standard/5331d0d61bccd304b6019391_0.JPG","ASG00167cs",1,7,"E05","R2","10 opinions agree upon the species present","leopard","1","1"
"http://www.snapshotserengeti.org/subjects/standard/50c211008a607540b900c5b6_0.jpg","ASG000131y",1,1,"H06","R4","10 opinions agree upon the species present","leopard","1","1"
"http://www.snapshotserengeti.org/subjects/standard/50c211008a607540b900c5b6_1.jpg","ASG000131y",2,1,"H06","R4","10 opinions agree upon the species present","leopard","1","1"
"http://www.snapshotserengeti.org/subjects/standard/50c211008a607540b900c5b6_2.jpg","ASG000131y",3,1,"H06","R4","10 opinions agree upon the species present","leopard","1","1"
"http://www.snapshotserengeti.org/subjects/standard/51a394d1e18f49172b18a217_0.jpg","ASG000sig1",1,5,"P04","R2","10 opinions agree upon the species present","leopard","1","1"
"http://www.snapshotserengeti.org/subjects/standard/5331d8641bccd304b6049db9_0.JPG","ASG00141wd",1,7,"P04","R2","10 opinions agree upon the species present","leopard","1","1"
"http://www.snapshotserengeti.org/subjects/standard/5331d8651bccd304b6049e4f_0.JPG","ASG00141vm",1,7,"P04","R2","10 opinions agree upon the species present","leopard","1","1"
"http://www.snapshotserengeti.org/subjects/standard/50c2131b8a607540b90295f9_0.jpg","ASG0003mrd",1,2,"C04","R3","10 opinions agree upon the species present","leopard","1","1"
"http://www.snapshotserengeti.org/subjects/standard/50c2131b8a607540b90295f9_1.jpg","ASG0003mrd",2,2,"C04","R3","10 opinions agree upon the species present","leopard","1","1"
"http://www.snapshotserengeti.org/subjects/standard/50c2131b8a607540b90295f9_2.jpg","ASG0003mrd",3,2,"C04","R3","10 opinions agree upon the species present","leopard","1","1"
"http://www.snapshotserengeti.org/subjects/standard/51e92b25e0053a09c30fb231_0.jpg","ASG0011kft",1,6,"T09","R2","10 opinions agree upon the species present","leopard","1","1"
"http://www.snapshotserengeti.org/subjects/standard/51e92b25e0053a09c30fb234_0.jpg","ASG0011kfu",1,6,"T09","R2","10 opinions agree upon the species present","leopard","1","1"
"http://www.snapshotserengeti.org/subjects/standard/51e92b25e0053a09c30fb237_0.jpg","ASG0011kfv",1,6,"T09","R2","10 opinions agree upon the species present","leopard","1","1"
"http://www.snapshotserengeti.org/subjects/standard/51e92b25e0053a09c30fb23a_0.jpg","ASG0011kfw",1,6,"T09","R2","10 opinions agree upon the species present","leopard","1","1"
"http://www.snapshotserengeti.org/subjects/standard/51e92b24e0053a09c30fb225_0.jpg","ASG0011kfp",1,6,"T09","R2","10 opinions agree upon the species present","leopard","1","1"
"http://www.snapshotserengeti.org/subjects/standard/51e92b24e0053a09c30fb228_0.jpg","ASG0011kfq",1,6,"T09","R2","10 opinions agree upon the species present","leopard","1","1"
"http://www.snapshotserengeti.org/subjects/standard/51e92b24e0053a09c30fb22b_0.jpg","ASG0011kfr",1,6,"T09","R2","10 opinions agree upon the species present","leopard","1","1"
"http://www.snapshotserengeti.org/subjects/standard/51e92b25e0053a09c30fb22e_0.jpg","ASG0011kfs",1,6,"T09","R2","10 opinions agree upon the species present","leopard","1","1"
"http://www.snapshotserengeti.org/subjects/standard/51e92b25e0053a09c30fb23d_0.jpg","ASG0011kfx",1,6,"T09","R2","10 opinions agree upon the species present","leopard","1","1"
"http://www.snapshotserengeti.org/subjects/standard/51e92b25e0053a09c30fb240_0.jpg","ASG0011kfy",1,6,"T09","R2","10 opinions agree upon the species present","leopard","1","1"
"http://www.snapshotserengeti.org/subjects/standard/51e92b25e0053a09c30fb243_0.jpg","ASG0011kfz",1,6,"T09","R2","10 opinions agree upon the species present","leopard","1","1"
"http://www.snapshotserengeti.org/subjects/standard/51e92b24e0053a09c30fb219_0.jpg","ASG0011kfl",1,6,"T09","R2","10 opinions agree upon the species present","leopard","1","1"
"http://www.snapshotserengeti.org/subjects/standard/51e92b24e0053a09c30fb21c_0.jpg","ASG0011kfm",1,6,"T09","R2","10 opinions agree upon the species present","leopard","1","1"
"http://www.snapshotserengeti.org/subjects/standard/51e92b24e0053a09c30fb21f_0.jpg","ASG0011kfn",1,6,"T09","R2","10 opinions agree upon the species present","leopard","1","1"
"http://www.snapshotserengeti.org/subjects/standard/51e92b24e0053a09c30fb222_0.jpg","ASG0011kfo",1,6,"T09","R2","10 opinions agree upon the species present","leopard","1","1"
"http://www.snapshotserengeti.org/subjects/standard/51e92b24e0053a09c30fb210_0.jpg","ASG0011kfi",1,6,"T09","R2","10 opinions agree upon the species present","leopard","1","1"
"http://www.snapshotserengeti.org/subjects/standard/51e92b24e0053a09c30fb213_0.jpg","ASG0011kfj",1,6,"T09","R2","10 opinions agree upon the species present","leopard","1","1"
"http://www.snapshotserengeti.org/subjects/standard/51e92b24e0053a09c30fb216_0.jpg","ASG0011kfk",1,6,"T09","R2","10 opinions agree upon the species present","leopard","1","1"
"http://zooniverse-static.s3.amazonaws.com/www.snapshotserengeti.org/subjects/standard/54cfd28487ee0404d5057863_0.JPG","ASG001b0w2",1,8,"I07","R3","10 opinions agree upon the species present","leopard","1","1"
"http://www.snapshotserengeti.org/subjects/standard/5331dc801bccd304b6065757_0.JPG","ASG0012v6g",1,7,"O05","R1","10 opinions agree upon the species present","leopard","1","1"
"http://www.snapshotserengeti.org/subjects/standard/50c211148a607540b900d741_0.jpg","ASG00016ip",1,1,"H11","R1","Most common opinion from 25 opinions","leopard","1","1"
"http://www.snapshotserengeti.org/subjects/standard/50c211148a607540b900d741_1.jpg","ASG00016ip",2,1,"H11","R1","Most common opinion from 25 opinions","leopard","1","1"
"http://www.snapshotserengeti.org/subjects/standard/50c211148a607540b900d741_2.jpg","ASG00016ip",3,1,"H11","R1","Most common opinion from 25 opinions","leopard","1","1"
"http://www.snapshotserengeti.org/subjects/standard/51e8aa74e0053a09c3010106_0.jpg","ASG000y7jz",1,6,"C03","R2","10 opinions agree upon the species present","leopard","1","1"
"http://www.snapshotserengeti.org/subjects/standard/51e8aa74e0053a09c3010106_1.jpg","ASG000y7jz",2,6,"C03","R2","10 opinions agree upon the species present","leopard","1","1"
"http://www.snapshotserengeti.org/subjects/standard/51e8aa74e0053a09c3010106_2.jpg","ASG000y7jz",3,6,"C03","R2","10 opinions agree upon the species present","leopard","1","1"
"http://zooniverse-static.s3.amazonaws.com/www.snapshotserengeti.org/subjects/standard/56a6911041479b0042059a9f_0.JPG","ASG001gz5q",1,9,"F04","2","","leopard","1","2"
"http://www.snapshotserengeti.org/subjects/standard/51e8eb10e0053a09c30872f5_0.jpg","ASG000zwpy",1,6,"J09","R2","10 opinions agree upon the species present","leopard","1","1"
"http://www.snapshotserengeti.org/subjects/standard/51e8eb10e0053a09c30872f5_1.jpg","ASG000zwpy",2,6,"J09","R2","10 opinions agree upon the species present","leopard","1","1"
"http://www.snapshotserengeti.org/subjects/standard/51e8eb10e0053a09c30872f5_2.jpg","ASG000zwpy",3,6,"J09","R2","10 opinions agree upon the species present","leopard","1","1"
"http://www.snapshotserengeti.org/subjects/standard/51e8eb10e0053a09c30872ed_0.jpg","ASG000zwpw",1,6,"J09","R2","10 opinions agree upon the species present","leopard","1","1"
"http://www.snapshotserengeti.org/subjects/standard/50dc9132a2fc8e3789065014_0.jpg","ASG000cle6",1,4,"U09","R2","10 opinions agree upon the species present","leopard","1","1"
"http://www.snapshotserengeti.org/subjects/standard/51e8f247e0053a09c309490d_0.jpg","ASG001048t",1,6,"L01","R1","10 opinions agree upon the species present","leopard","1","1"
"http://zooniverse-static.s3.amazonaws.com/www.snapshotserengeti.org/subjects/standard/54cfda4287ee0404d50948d5_0.JPG","ASG0018wz2",1,8,"P03","R3","10 opinions agree upon the species present","leopard","1","1"
"http://zooniverse-static.s3.amazonaws.com/www.snapshotserengeti.org/subjects/standard/54cfda4487ee0404d509498d_0.JPG","ASG0018wz0",1,8,"P03","R3","10 opinions agree upon the species present","leopard","1","1"
"http://www.snapshotserengeti.org/subjects/standard/5331dad61bccd304b605a335_0.JPG","ASG0013c4h",1,7,"G01","R2","10 opinions agree upon the species present","leopard","1","1"
"http://www.snapshotserengeti.org/subjects/standard/50c2153c8a607540b904449a_0.jpg","ASG0005ztm",1,2,"I12","R3","10 opinions agree upon the species present","leopard","1","1"
"http://www.snapshotserengeti.org/subjects/standard/51e8c063e0053a09c30387e4_0.jpg","ASG000yrwa",1,6,"E04","R1","10 opinions agree upon the species present","leopard","1","1"
"http://www.snapshotserengeti.org/subjects/standard/50c219b48a607540b9079114_0.jpg","ASG000amms",1,3,"N08","R12","10 opinions agree upon the species present","leopard","1","1"
"http://zooniverse-static.s3.amazonaws.com/www.snapshotserengeti.org/subjects/standard/54cfda5787ee0404d5095291_0.JPG","ASG0018weg",1,8,"P05","R1","10 opinions agree upon the species present","leopard","1","1"
"http://www.snapshotserengeti.org/subjects/standard/50c214288a607540b9036d9d_0.jpg","ASG0004tct",1,2,"F05","R2","10 opinions agree upon the species present","leopard","1","1"
"http://www.snapshotserengeti.org/subjects/standard/50c213138a607540b9028f56_0.jpg","ASG0003lg6",1,2,"C03","R3","10 opinions agree upon the species present","leopard","1","1"
"http://www.snapshotserengeti.org/subjects/standard/50c217d68a607540b9062cb6_0.jpg","ASG0008o8m",1,3,"O06","R11","10 opinions agree upon the species present","leopard","1","1"
"http://www.snapshotserengeti.org/subjects/standard/51a31dcbe18f49172b0a7b2b_0.jpg","ASG000p8jt",1,5,"G02","R2","10 opinions agree upon the species present","leopard","1","1"
"http://www.snapshotserengeti.org/subjects/standard/50dc8fb8a2fc8e378905f5eb_0.jpg","ASG000cinm",1,4,"C13","R2","10 opinions agree upon the species present","leopard","1","1"
"http://zooniverse-static.s3.amazonaws.com/www.snapshotserengeti.org/subjects/standard/5582df3bc4af4e00420075bd_0.JPG","ASG001gbot",1,0,"P04","R1","10 opinions agree upon the species present","leopard","1","1"
"http://zooniverse-static.s3.amazonaws.com/www.snapshotserengeti.org/subjects/standard/5582df54c4af4e0042008005_0.JPG","ASG001giir",1,0,"T09","R1","10 opinions agree upon the species present","leopard","1","1"
"http://www.snapshotserengeti.org/subjects/standard/50c217bc8a607540b9061791_0.jpg","ASG0008k29",1,3,"M03","R11","10 opinions agree upon the species present","leopard","1","1"
"http://www.snapshotserengeti.org/subjects/standard/51e8b45ee0053a09c30225b9_0.jpg","ASG000ygty",1,6,"D03","R1","10 opinions agree upon the species present","leopard","1","1"
"http://www.snapshotserengeti.org/subjects/standard/51e8b45ee0053a09c30225b9_1.jpg","ASG000ygty",2,6,"D03","R1","10 opinions agree upon the species present","leopard","1","1"
"http://www.snapshotserengeti.org/subjects/standard/51e8b45ee0053a09c30225b9_2.jpg","ASG000ygty",3,6,"D03","R1","10 opinions agree upon the species present","leopard","1","1"
"http://www.snapshotserengeti.org/subjects/standard/50dc8e8aa2fc8e378905ba80_0.jpg","ASG000cexo",1,4,"E06","R2","10 opinions agree upon the species present","leopard","1","1"
"http://www.snapshotserengeti.org/subjects/standard/50dc8d6ea2fc8e3789055d85_0.jpg","ASG000cbu3",1,4,"F05","R1","10 opinions agree upon the species present","leopard","1","1"
"http://www.snapshotserengeti.org/subjects/standard/50dc8d6ea2fc8e3789055d85_1.jpg","ASG000cbu3",2,4,"F05","R1","10 opinions agree upon the species present","leopard","1","1"
"http://www.snapshotserengeti.org/subjects/standard/50dc8d6ea2fc8e3789055d85_2.jpg","ASG000cbu3",3,4,"F05","R1","10 opinions agree upon the species present","leopard","1","1"
"http://www.snapshotserengeti.org/subjects/standard/50c215008a607540b9041af3_0.jpg","ASG0005rlf",1,2,"I03","R1","10 opinions agree upon the species present","leopard","1","1"
"http://www.snapshotserengeti.org/subjects/standard/50c215008a607540b9041af3_1.jpg","ASG0005rlf",2,2,"I03","R1","10 opinions agree upon the species present","leopard","1","1"
"http://www.snapshotserengeti.org/subjects/standard/50c215008a607540b9041af3_2.jpg","ASG0005rlf",3,2,"I03","R1","10 opinions agree upon the species present","leopard","1","1"
"http://www.snapshotserengeti.org/subjects/standard/50c212338a607540b901c6f8_0.jpg","ASG0002hvc",1,1,"E06","R4","10 opinions agree upon the species present","leopard","1","1"
"http://www.snapshotserengeti.org/subjects/standard/50c212338a607540b901c6f8_1.jpg","ASG0002hvc",2,1,"E06","R4","10 opinions agree upon the species present","leopard","1","1"
"http://www.snapshotserengeti.org/subjects/standard/50c212338a607540b901c6f8_2.jpg","ASG0002hvc",3,1,"E06","R4","10 opinions agree upon the species present","leopard","1","1"
"http://zooniverse-static.s3.amazonaws.com/www.snapshotserengeti.org/subjects/standard/5582de57c4af4e00420012cf_0.JPG","ASG001gjdb",1,0,"J06","R1","10 opinions agree upon the species present","leopard","1","1"
"http://www.snapshotserengeti.org/subjects/standard/50dcb517a2fc8e37890df656_0.jpg","ASG000ebnd",1,4,"D03","R2","10 opinions agree upon the species present","leopard","1","1"
"http://www.snapshotserengeti.org/subjects/standard/50c215828a607540b9047609_0.jpg","ASG00069l5",1,2,"O06","R1","10 opinions agree upon the species present","leopard","1","1"
"http://www.snapshotserengeti.org/subjects/standard/51a38b55e18f49172b178146_0.jpg","ASG000s92a",1,5,"O08","R3","10 opinions agree upon the species present","leopard","1","1"
"http://www.snapshotserengeti.org/subjects/standard/51a38b55e18f49172b178146_1.jpg","ASG000s92a",2,5,"O08","R3","10 opinions agree upon the species present","leopard","1","1"
"http://www.snapshotserengeti.org/subjects/standard/51a38b55e18f49172b178146_2.jpg","ASG000s92a",3,5,"O08","R3","10 opinions agree upon the species present","leopard","1","1"
"http://www.snapshotserengeti.org/subjects/standard/51a38b55e18f49172b17814d_0.jpg","ASG000s92b",1,5,"O08","R3","10 opinions agree upon the species present","leopard","1","1"
"http://www.snapshotserengeti.org/subjects/standard/51a38b55e18f49172b17814d_1.jpg","ASG000s92b",2,5,"O08","R3","10 opinions agree upon the species present","leopard","1","1"
"http://www.snapshotserengeti.org/subjects/standard/51a38b55e18f49172b17814d_2.jpg","ASG000s92b",3,5,"O08","R3","10 opinions agree upon the species present","leopard","1","1"
"http://zooniverse-static.s3.amazonaws.com/www.snapshotserengeti.org/subjects/standard/54cfca7287ee0404d50187df_0.JPG","ASG001ez1t",1,8,"D09","R3","10 opinions agree upon the species present","leopard","1","1"
"http://www.snapshotserengeti.org/subjects/standard/51e914ade0053a09c30d3730_0.jpg","ASG00110eu",1,6,"P03","R2","10 opinions agree upon the species present","leopard","1","1"
"http://www.snapshotserengeti.org/subjects/standard/50c2153e8a607540b9044554_0.jpg","ASG0005zys",1,2,"I12","R3","10 opinions agree upon the species present","leopard","1","1"
"http://www.snapshotserengeti.org/subjects/standard/5331d07f1bccd304b601714b_0.JPG","ASG0016asa",1,7,"E02","R1","10 opinions agree upon the species present","leopard","1","1"
"http://www.snapshotserengeti.org/subjects/standard/50c214db8a607540b9040017_0.jpg","ASG0005maf",1,2,"H06","R1","10 opinions agree upon the species present","leopard","1","1"
"http://www.snapshotserengeti.org/subjects/standard/51e91496e0053a09c30d3480_0.jpg","ASG00110bs",1,6,"P03","R1","10 opinions agree upon the species present","leopard","1","1"
"http://www.snapshotserengeti.org/subjects/standard/50dc783da2fc8e3789021c4d_0.jpg","ASG000blk3",1,4,"F12","R2","10 opinions agree upon the species present","leopard","1","1"
"http://www.snapshotserengeti.org/subjects/standard/50dc783da2fc8e3789021c4d_1.jpg","ASG000blk3",2,4,"F12","R2","10 opinions agree upon the species present","leopard","1","1"
"http://www.snapshotserengeti.org/subjects/standard/50dc783da2fc8e3789021c4d_2.jpg","ASG000blk3",3,4,"F12","R2","10 opinions agree upon the species present","leopard","1","1"
"http://www.snapshotserengeti.org/subjects/standard/5331dbd41bccd304b6060f2f_0.JPG","ASG00132hf",1,7,"J09","R1","10 opinions agree upon the species present","leopard","1","1"
"http://www.snapshotserengeti.org/subjects/standard/5331dbd41bccd304b6060f2f_1.JPG","ASG00132hf",2,7,"J09","R1","10 opinions agree upon the species present","leopard","1","1"
"http://www.snapshotserengeti.org/subjects/standard/5331dbd41bccd304b6060f2f_2.JPG","ASG00132hf",3,7,"J09","R1","10 opinions agree upon the species present","leopard","1","1"
"http://www.snapshotserengeti.org/subjects/standard/50c216bf8a607540b90553f2_0.jpg","ASG0007hf6",1,2,"L04","R4","10 opinions agree upon the species present","leopard","1","1"
"http://zooniverse-static.s3.amazonaws.com/www.snapshotserengeti.org/subjects/standard/54cfca6587ee0404d5018177_0.JPG","ASG0018lek",1,8,"D09","R2","10 opinions agree upon the species present","leopard","1","1"
"http://www.snapshotserengeti.org/subjects/standard/51a35d24e18f49172b120632_0.jpg","ASG000r0qb",1,5,"L04","R2","10 opinions agree upon the species present","leopard","1","1"
"http://www.snapshotserengeti.org/subjects/standard/51a35d24e18f49172b120632_1.jpg","ASG000r0qb",2,5,"L04","R2","10 opinions agree upon the species present","leopard","1","1"
"http://www.snapshotserengeti.org/subjects/standard/51a35d24e18f49172b120632_2.jpg","ASG000r0qb",3,5,"L04","R2","10 opinions agree upon the species present","leopard","1","1"
"http://www.snapshotserengeti.org/subjects/standard/51a35d24e18f49172b120639_0.jpg","ASG000r0qc",1,5,"L04","R2","10 opinions agree upon the species present","leopard","1","1"
"http://www.snapshotserengeti.org/subjects/standard/51a35d24e18f49172b120639_1.jpg","ASG000r0qc",2,5,"L04","R2","10 opinions agree upon the species present","leopard","1","1"
"http://www.snapshotserengeti.org/subjects/standard/51a35d24e18f49172b120639_2.jpg","ASG000r0qc",3,5,"L04","R2","10 opinions agree upon the species present","leopard","1","1"
"http://zooniverse-static.s3.amazonaws.com/www.snapshotserengeti.org/subjects/standard/54cfd28d87ee0404d5057cb5_0.JPG","ASG00196cb",1,8,"I07","R3","10 opinions agree upon the species present","leopard","1","1"
"http://zooniverse-static.s3.amazonaws.com/www.snapshotserengeti.org/subjects/standard/54cfd28c87ee0404d5057c71_0.JPG","ASG00196ce",1,8,"I07","R3","10 opinions agree upon the species present","leopard","1","1"
"http://zooniverse-static.s3.amazonaws.com/www.snapshotserengeti.org/subjects/standard/56a6a50a41479b004206f101_0.JPG","ASG001l6y8",1,9,"H03","3","","leopard","1","1"
"http://www.snapshotserengeti.org/subjects/standard/50c214788a607540b903ae92_0.jpg","ASG000566q",1,2,"G05","R3","10 opinions agree upon the species present","leopard","1","1"
"http://zooniverse-static.s3.amazonaws.com/www.snapshotserengeti.org/subjects/standard/54cfda3187ee0404d50940e3_0.JPG","ASG0018wxj",1,8,"P03","R3","10 opinions agree upon the species present","leopard","1","1"
"http://zooniverse-static.s3.amazonaws.com/www.snapshotserengeti.org/subjects/standard/54cfda3587ee0404d509427f_0.JPG","ASG0018wxn",1,8,"P03","R3","10 opinions agree upon the species present","leopard","1","1"
"http://www.snapshotserengeti.org/subjects/standard/51a30557e18f49172b078e34_0.jpg","ASG000ojq1",1,5,"E05","R1","10 opinions agree upon the species present","leopard","1","1"
"http://www.snapshotserengeti.org/subjects/standard/51a30557e18f49172b078e34_1.jpg","ASG000ojq1",2,5,"E05","R1","10 opinions agree upon the species present","leopard","1","1"
"http://www.snapshotserengeti.org/subjects/standard/51a30557e18f49172b078e34_2.jpg","ASG000ojq1",3,5,"E05","R1","10 opinions agree upon the species present","leopard","1","1"
"http://www.snapshotserengeti.org/subjects/standard/51e8aa79e0053a09c3010197_0.jpg","ASG000y7kk",1,6,"C03","R2","10 opinions agree upon the species present","leopard","1","1"
"http://www.snapshotserengeti.org/subjects/standard/50c210188a607540b900002f_0.jpg","ASG000001b",1,1,"B06","R1","10 opinions agree upon the species present","leopard","1","1"
"http://www.snapshotserengeti.org/subjects/standard/5331da241bccd304b6055985_0.JPG","ASG0013jhk",1,7,"D06","R2","10 opinions agree upon the species present","leopard","1","1"
"http://www.snapshotserengeti.org/subjects/standard/5331da241bccd304b6055985_1.JPG","ASG0013jhk",2,7,"D06","R2","10 opinions agree upon the species present","leopard","1","1"
"http://www.snapshotserengeti.org/subjects/standard/5331da241bccd304b6055985_2.JPG","ASG0013jhk",3,7,"D06","R2","10 opinions agree upon the species present","leopard","1","1"
"http://www.snapshotserengeti.org/subjects/standard/5331d7361bccd304b6041fdd_0.JPG","ASG0014ei0",1,7,"H13","R3","10 opinions agree upon the species present","leopard","1","1"
"http://www.snapshotserengeti.org/subjects/standard/5331d7361bccd304b6041fdd_1.JPG","ASG0014ei0",2,7,"H13","R3","10 opinions agree upon the species present","leopard","1","1"
"http://www.snapshotserengeti.org/subjects/standard/5331d7361bccd304b6041fdd_2.JPG","ASG0014ei0",3,7,"H13","R3","10 opinions agree upon the species present","leopard","1","1"
"http://www.snapshotserengeti.org/subjects/standard/50c2153b8a607540b904432f_0.jpg","ASG0005zjj",1,2,"I12","R3","10 opinions agree upon the species present","leopard","1","1"
"http://www.snapshotserengeti.org/subjects/standard/50c2153b8a607540b904432f_1.jpg","ASG0005zjj",2,2,"I12","R3","10 opinions agree upon the species present","leopard","1","1"
"http://www.snapshotserengeti.org/subjects/standard/50c2153b8a607540b904432f_2.jpg","ASG0005zjj",3,2,"I12","R3","10 opinions agree upon the species present","leopard","1","1"
"http://www.snapshotserengeti.org/subjects/standard/51a391f2e18f49172b184a8a_0.jpg","ASG000sf4h",1,5,"P03","R1","10 opinions agree upon the species present","leopard","1","1"
"http://www.snapshotserengeti.org/subjects/standard/51a391f2e18f49172b184a8a_1.jpg","ASG000sf4h",2,5,"P03","R1","10 opinions agree upon the species present","leopard","1","1"
"http://www.snapshotserengeti.org/subjects/standard/51a391f2e18f49172b184a8a_2.jpg","ASG000sf4h",3,5,"P03","R1","10 opinions agree upon the species present","leopard","1","1"
"http://www.snapshotserengeti.org/subjects/standard/50dcd6faa2fc8e37891069a1_0.jpg","ASG000evk9",1,4,"T08","R2","10 opinions agree upon the species present","leopard","1","1"
"http://www.snapshotserengeti.org/subjects/standard/50dcd6faa2fc8e37891069a1_1.jpg","ASG000evk9",2,4,"T08","R2","10 opinions agree upon the species present","leopard","1","1"
"http://www.snapshotserengeti.org/subjects/standard/50dcd6faa2fc8e37891069a1_2.jpg","ASG000evk9",3,4,"T08","R2","10 opinions agree upon the species present","leopard","1","1"
"http://www.snapshotserengeti.org/subjects/standard/5331de1a1bccd304b60702dd_0.JPG","ASG0012e6b",1,7,"U11","R1","10 opinions agree upon the species present","leopard","1","1"
"http://zooniverse-static.s3.amazonaws.com/www.snapshotserengeti.org/subjects/standard/54cfca7387ee0404d501885b_0.JPG","ASG0018lab",1,8,"D09","R3","10 opinions agree upon the species present","leopard","1","1"
"http://www.snapshotserengeti.org/subjects/standard/51e90533e0053a09c30b7946_0.jpg","ASG0010mkw",1,6,"N09","R1","10 opinions agree upon the species present","leopard","1","1"
"http://www.snapshotserengeti.org/subjects/standard/51e90533e0053a09c30b7946_1.jpg","ASG0010mkw",2,6,"N09","R1","10 opinions agree upon the species present","leopard","1","1"
"http://www.snapshotserengeti.org/subjects/standard/51e90533e0053a09c30b7946_2.jpg","ASG0010mkw",3,6,"N09","R1","10 opinions agree upon the species present","leopard","1","1"
"http://www.snapshotserengeti.org/subjects/standard/51e90533e0053a09c30b794d_0.jpg","ASG0010mkx",1,6,"N09","R1","10 opinions agree upon the species present","leopard","1","1"
"http://www.snapshotserengeti.org/subjects/standard/51e90533e0053a09c30b794d_1.jpg","ASG0010mkx",2,6,"N09","R1","10 opinions agree upon the species present","leopard","1","1"
"http://www.snapshotserengeti.org/subjects/standard/51e90533e0053a09c30b794d_2.jpg","ASG0010mkx",3,6,"N09","R1","10 opinions agree upon the species present","leopard","1","1"
"http://www.snapshotserengeti.org/subjects/standard/50dc782ca2fc8e37890211dc_0.jpg","ASG000bl7s",1,4,"F12","R1","10 opinions agree upon the species present","leopard","1","1"
"http://www.snapshotserengeti.org/subjects/standard/51a305f5e18f49172b07a141_0.jpg","ASG000okji",1,5,"E05","R2","10 opinions agree upon the species present","leopard","1","1"
"http://zooniverse-static.s3.amazonaws.com/www.snapshotserengeti.org/subjects/standard/54cfd38c87ee0404d505fd13_0.JPG","ASG001alsr",1,8,"J09","R2","10 opinions agree upon the species present","leopard","1","1"
"http://www.snapshotserengeti.org/subjects/standard/50c214dc8a607540b904011d_0.jpg","ASG0005mhp",1,2,"H06","R3","10 opinions agree upon the species present","leopard","1","1"
"http://zooniverse-static.s3.amazonaws.com/www.snapshotserengeti.org/subjects/standard/54cfdc1887ee0404d50a30fd_0.JPG","ASG0019ulc",1,8,"R05","R3","10 opinions agree upon the species present","leopard","1","1"
"http://www.snapshotserengeti.org/subjects/standard/51e92b28e0053a09c30fb29c_0.jpg","ASG0011kgk",1,6,"T09","R2","10 opinions agree upon the species present","leopard","1","1"
"http://www.snapshotserengeti.org/subjects/standard/51e92b28e0053a09c30fb298_0.jpg","ASG0011kgj",1,6,"T09","R2","10 opinions agree upon the species present","leopard","1","1"
"http://www.snapshotserengeti.org/subjects/standard/51e92b28e0053a09c30fb298_1.jpg","ASG0011kgj",2,6,"T09","R2","10 opinions agree upon the species present","leopard","1","1"
"http://www.snapshotserengeti.org/subjects/standard/51e92b28e0053a09c30fb292_0.jpg","ASG0011kgi",1,6,"T09","R2","10 opinions agree upon the species present","leopard","1","1"
"http://www.snapshotserengeti.org/subjects/standard/51e92b28e0053a09c30fb292_1.jpg","ASG0011kgi",2,6,"T09","R2","10 opinions agree upon the species present","leopard","1","1"
"http://www.snapshotserengeti.org/subjects/standard/51e92b28e0053a09c30fb292_2.jpg","ASG0011kgi",3,6,"T09","R2","10 opinions agree upon the species present","leopard","1","1"
"http://www.snapshotserengeti.org/subjects/standard/51e92b29e0053a09c30fb2a8_0.jpg","ASG0011kgm",1,6,"T09","R2","10 opinions agree upon the species present","leopard","1","1"
"http://www.snapshotserengeti.org/subjects/standard/51e92b29e0053a09c30fb2a8_1.jpg","ASG0011kgm",2,6,"T09","R2","10 opinions agree upon the species present","leopard","1","1"
"http://www.snapshotserengeti.org/subjects/standard/51e92b29e0053a09c30fb2a8_2.jpg","ASG0011kgm",3,6,"T09","R2","10 opinions agree upon the species present","leopard","1","1"
"http://www.snapshotserengeti.org/subjects/standard/51e92b28e0053a09c30fb2a1_0.jpg","ASG0011kgl",1,6,"T09","R2","10 opinions agree upon the species present","leopard","1","1"
"http://www.snapshotserengeti.org/subjects/standard/51e92b28e0053a09c30fb2a1_1.jpg","ASG0011kgl",2,6,"T09","R2","10 opinions agree upon the species present","leopard","1","1"
"http://www.snapshotserengeti.org/subjects/standard/51e92b28e0053a09c30fb2a1_2.jpg","ASG0011kgl",3,6,"T09","R2","10 opinions agree upon the species present","leopard","1","1"
"http://www.snapshotserengeti.org/subjects/standard/51e92b26e0053a09c30fb24f_0.jpg","ASG0011kg3",1,6,"T09","R2","10 opinions agree upon the species present","leopard","1","1"
"http://www.snapshotserengeti.org/subjects/standard/51e92b26e0053a09c30fb24c_0.jpg","ASG0011kg2",1,6,"T09","R2","10 opinions agree upon the species present","leopard","1","1"
"http://www.snapshotserengeti.org/subjects/standard/51e92b25e0053a09c30fb249_0.jpg","ASG0011kg1",1,6,"T09","R2","10 opinions agree upon the species present","leopard","1","1"
"http://www.snapshotserengeti.org/subjects/standard/51e92b25e0053a09c30fb246_0.jpg","ASG0011kg0",1,6,"T09","R2","10 opinions agree upon the species present","leopard","1","1"
"http://www.snapshotserengeti.org/subjects/standard/51e92b26e0053a09c30fb252_0.jpg","ASG0011kg4",1,6,"T09","R2","10 opinions agree upon the species present","leopard","1","1"
"http://www.snapshotserengeti.org/subjects/standard/50c210298a607540b90011ae_0.jpg","ASG00003hq",1,1,"G03","R1","Most common opinion from 25 opinions","leopard","1","1"
"http://zooniverse-static.s3.amazonaws.com/www.snapshotserengeti.org/subjects/standard/54cfcbb287ee0404d50218d7_0.JPG","ASG001fbbk",1,8,"E06","R2","10 opinions agree upon the species present","leopard","1","1"
"http://zooniverse-static.s3.amazonaws.com/www.snapshotserengeti.org/subjects/standard/54cfdd8387ee0404d50ae42f_0.JPG","ASG0019fno",1,8,"U10","R3","10 opinions agree upon the species present","leopard","1","1"
"http://zooniverse-static.s3.amazonaws.com/www.snapshotserengeti.org/subjects/standard/54cfd43487ee0404d5065013_0.JPG","ASG0019aa3",1,8,"K07","R3","10 opinions agree upon the species present","leopard","1","1"
"http://www.snapshotserengeti.org/subjects/standard/50c217448a607540b905b3a7_0.jpg","ASG00080br",1,3,"F07","R11","10 opinions agree upon the species present","leopard","1","1"
"http://www.snapshotserengeti.org/subjects/standard/51e914dee0053a09c30d3ccf_0.jpg","ASG00110np",1,6,"P04","R1","10 opinions agree upon the species present","leopard","1","1"
"http://www.snapshotserengeti.org/subjects/standard/51e914e0e0053a09c30d3d0a_0.jpg","ASG00110ny",1,6,"P04","R1","10 opinions agree upon the species present","leopard","1","1"
"http://www.snapshotserengeti.org/subjects/standard/50c217058a607540b90582b4_0.jpg","ASG0007qno",1,2,"M05","R2","10 opinions agree upon the species present","leopard","1","1"
"http://www.snapshotserengeti.org/subjects/standard/50c217058a607540b90582b4_1.jpg","ASG0007qno",2,2,"M05","R2","10 opinions agree upon the species present","leopard","1","1"
"http://www.snapshotserengeti.org/subjects/standard/50c217058a607540b90582b4_2.jpg","ASG0007qno",3,2,"M05","R2","10 opinions agree upon the species present","leopard","1","1"
"http://www.snapshotserengeti.org/subjects/standard/50c213408a607540b902b340_0.jpg","ASG0003sjk",1,2,"C09","R1","10 opinions agree upon the species present","leopard","1","1"
"http://zooniverse-static.s3.amazonaws.com/www.snapshotserengeti.org/subjects/standard/56a67a1441479b00420417f1_0.JPG","ASG001igu9",1,9,"F11","1","","leopard","1","1"
"http://www.snapshotserengeti.org/subjects/standard/51e8aa40e0053a09c300faf3_0.jpg","ASG000y7ck",1,6,"C03","R1","10 opinions agree upon the species present","leopard","1","1"
"http://www.snapshotserengeti.org/subjects/standard/5331ccf21bccd304b60002db_0.JPG","ASG0017at5",1,7,"B03","R2","10 opinions agree upon the species present","leopard","1","1"
"http://www.snapshotserengeti.org/subjects/standard/5331ccf71bccd304b60004bb_0.JPG","ASG0015ypf",1,7,"B03","R2","10 opinions agree upon the species present","leopard","1","1"
"http://www.snapshotserengeti.org/subjects/standard/51a34ab3e18f49172b0fd39c_0.jpg","ASG000qhoc",1,5,"J02","R2","10 opinions agree upon the species present","leopard","1","1"
"http://www.snapshotserengeti.org/subjects/standard/50dc981da2fc8e378908c32a_0.jpg","ASG000d5ei",1,4,"D06","R2","10 opinions agree upon the species present","leopard","1","1"
"http://zooniverse-static.s3.amazonaws.com/www.snapshotserengeti.org/subjects/standard/5582df3bc4af4e00420075c1_0.JPG","ASG001gbpb",1,0,"P04","R1","10 opinions agree upon the species present","leopard","1","1"
"http://zooniverse-static.s3.amazonaws.com/www.snapshotserengeti.org/subjects/standard/54cfcba087ee0404d50210b9_0.JPG","ASG001falt",1,8,"E05","R1","10 opinions agree upon the species present","leopard","1","1"
"http://www.snapshotserengeti.org/subjects/standard/50dc9d37a2fc8e378909a10e_0.jpg","ASG000dcbb",1,4,"G05","R1","10 opinions agree upon the species present","leopard","1","1"
"http://zooniverse-static.s3.amazonaws.com/www.snapshotserengeti.org/subjects/standard/54cfc9f287ee0404d5014671_0.JPG","ASG0018lip",1,8,"D06","R3","10 opinions agree upon the species present","leopard","1","1"
"http://www.snapshotserengeti.org/subjects/standard/51e92393e0053a09c30ed208_0.jpg","ASG0011d4b",1,6,"S08","R1","10 opinions agree upon the species present","leopard","1","1"
"http://www.snapshotserengeti.org/subjects/standard/51e8ba19e0053a09c302cec5_0.jpg","ASG000ym28",1,6,"D10","R2","10 opinions agree upon the species present","leopard","1","1"
"http://www.snapshotserengeti.org/subjects/standard/5331ccf41bccd304b60003ad_0.JPG","ASG0015zue",1,7,"B03","R2","10 opinions agree upon the species present","leopard","1","1"
"http://www.snapshotserengeti.org/subjects/standard/5331ccf91bccd304b60005bd_0.JPG","ASG0015yth",1,7,"B03","R3","10 opinions agree upon the species present","leopard","1","1"
"http://www.snapshotserengeti.org/subjects/standard/5331ccf91bccd304b60005bb_0.JPG","ASG0015yrt",1,7,"B03","R3","10 opinions agree upon the species present","leopard","1","1"
"http://www.snapshotserengeti.org/subjects/standard/51a2eaf1e18f49172b046718_0.jpg","ASG000nslf",1,5,"D03","R3","10 opinions agree upon the species present","leopard","1","1"
"http://www.snapshotserengeti.org/subjects/standard/50c213138a607540b9028f07_0.jpg","ASG0003ldz",1,2,"C03","R3","10 opinions agree upon the species present","leopard","1","1"
"http://www.snapshotserengeti.org/subjects/standard/51a34a26e18f49172b0fc295_0.jpg","ASG000qh4m",1,5,"J02","R1","10 opinions agree upon the species present","leopard","1","1"
"http://www.snapshotserengeti.org/subjects/standard/51a34a26e18f49172b0fc295_1.jpg","ASG000qh4m",2,5,"J02","R1","10 opinions agree upon the species present","leopard","1","1"
"http://www.snapshotserengeti.org/subjects/standard/51a34a26e18f49172b0fc295_2.jpg","ASG000qh4m",3,5,"J02","R1","10 opinions agree upon the species present","leopard","1","1"
"http://www.snapshotserengeti.org/subjects/standard/50dcdc5ba2fc8e378911f5b8_0.jpg","ASG000f8zo",1,4,"B06","R1","10 opinions agree upon the species present","leopard","1","1"
"http://www.snapshotserengeti.org/subjects/standard/50c2149d8a607540b903cd8a_0.jpg","ASG0005cay",1,2,"G10","R1","10 opinions agree upon the species present","leopard","1","1"
"http://zooniverse-static.s3.amazonaws.com/www.snapshotserengeti.org/subjects/standard/54cfd41c87ee0404d5064443_0.JPG","ASG0019a9h",1,8,"K07","R2","10 opinions agree upon the species present","leopard","1","1"
"http://zooniverse-static.s3.amazonaws.com/www.snapshotserengeti.org/subjects/standard/54cfc76687ee0404d5000177_0.JPG","ASG0018ojt",1,8,"B03","R1","10 opinions agree upon the species present","leopard","1","1"
"http://www.snapshotserengeti.org/subjects/standard/51e8ef28e0053a09c308ec6c_0.jpg","ASG001010n",1,6,"K08","R2","10 opinions agree upon the species present","leopard","1","1"
"http://www.snapshotserengeti.org/subjects/standard/51e8ef28e0053a09c308ec69_0.jpg","ASG001010m",1,6,"K08","R2","10 opinions agree upon the species present","leopard","1","1"
"http://www.snapshotserengeti.org/subjects/standard/50c217d68a607540b9062d31_0.jpg","ASG0008oc1",1,3,"O06","R11","10 opinions agree upon the species present","leopard","1","1"
"http://www.snapshotserengeti.org/subjects/standard/50c217038a607540b905811f_0.jpg","ASG0007qcf",1,2,"M05","R1","10 opinions agree upon the species present","leopard","1","1"
"http://www.snapshotserengeti.org/subjects/standard/50c217038a607540b905811f_1.jpg","ASG0007qcf",2,2,"M05","R1","10 opinions agree upon the species present","leopard","1","1"
"http://www.snapshotserengeti.org/subjects/standard/50c217038a607540b905811f_2.jpg","ASG0007qcf",3,2,"M05","R1","10 opinions agree upon the species present","leopard","1","1"
"http://www.snapshotserengeti.org/subjects/standard/50c218fa8a607540b9070541_0.jpg","ASG0009v0h",1,3,"I03","R12","10 opinions agree upon the species present","leopard","1","1"
"http://zooniverse-static.s3.amazonaws.com/www.snapshotserengeti.org/subjects/standard/54cfd38e87ee0404d505fe2b_0.JPG","ASG001alqy",1,8,"J09","R2","10 opinions agree upon the species present","leopard","1","1"
"http://zooniverse-static.s3.amazonaws.com/www.snapshotserengeti.org/subjects/standard/54cfc89287ee0404d50098ff_0.JPG","ASG001elvz",1,8,"C03","R3","10 opinions agree upon the species present","leopard","1","1"
"http://zooniverse-static.s3.amazonaws.com/www.snapshotserengeti.org/subjects/standard/54cfdd2d87ee0404d50ab9a1_0.JPG","ASG0019f4u",1,8,"T09","R2","10 opinions agree upon the species present","leopard","1","1"
"http://www.snapshotserengeti.org/subjects/standard/50c214da8a607540b903ff95_0.jpg","ASG0005m6t",1,2,"H06","R2","10 opinions agree upon the species present","leopard","1","1"
"http://www.snapshotserengeti.org/subjects/standard/50c214da8a607540b903ff95_1.jpg","ASG0005m6t",2,2,"H06","R2","10 opinions agree upon the species present","leopard","1","1"
"http://www.snapshotserengeti.org/subjects/standard/50c214da8a607540b903ff95_2.jpg","ASG0005m6t",3,2,"H06","R2","10 opinions agree upon the species present","leopard","1","1"
"http://www.snapshotserengeti.org/subjects/standard/50c215858a607540b904778b_0.jpg","ASG00069vv",1,2,"O06","R2","10 opinions agree upon the species present","leopard","1","1"
"http://www.snapshotserengeti.org/subjects/standard/50c215858a607540b9047789_0.jpg","ASG00069vt",1,2,"O06","R2","10 opinions agree upon the species present","leopard","1","1"
"http://zooniverse-static.s3.amazonaws.com/www.snapshotserengeti.org/subjects/standard/56a66e1641479b0042034937_0.JPG","ASG001j4qt",1,9,"F11","1","","leopard","1","1"
"http://www.snapshotserengeti.org/subjects/standard/50c2153e8a607540b904455c_0.jpg","ASG0005zz0",1,2,"I12","R3","10 opinions agree upon the species present","leopard","1","1"
"http://www.snapshotserengeti.org/subjects/standard/50c2153e8a607540b904455d_0.jpg","ASG0005zz1",1,2,"I12","R3","10 opinions agree upon the species present","leopard","1","1"
"http://www.snapshotserengeti.org/subjects/standard/50c2153e8a607540b9044560_0.jpg","ASG0005zz4",1,2,"I12","R3","10 opinions agree upon the species present","leopard","1","1"
"http://www.snapshotserengeti.org/subjects/standard/50c212af8a607540b90241e7_0.jpg","ASG000365j",1,1,"T09","R1","10 opinions agree upon the species present","leopard","1","1"
"http://www.snapshotserengeti.org/subjects/standard/50c212af8a607540b90241e7_1.jpg","ASG000365j",2,1,"T09","R1","10 opinions agree upon the species present","leopard","1","1"
"http://www.snapshotserengeti.org/subjects/standard/50c212af8a607540b90241e7_2.jpg","ASG000365j",3,1,"T09","R1","10 opinions agree upon the species present","leopard","1","1"
"http://zooniverse-static.s3.amazonaws.com/www.snapshotserengeti.org/subjects/standard/54cfdd8c87ee0404d50ae8dd_0.JPG","ASG001a9rk",1,8,"U11","R2","10 opinions agree upon the species present","leopard","1","1"
"http://www.snapshotserengeti.org/subjects/standard/50dc768ba2fc8e37890157cb_0.jpg","ASG000bfaq",1,4,"K07","R1","10 opinions agree upon the species present","leopard","1","1"
"http://zooniverse-static.s3.amazonaws.com/www.snapshotserengeti.org/subjects/standard/5582df46c4af4e0042007a1f_0.JPG","ASG001gc58",1,0,"P04","R1","10 opinions agree upon the species present","leopard","1","1"
"http://www.snapshotserengeti.org/subjects/standard/50dc71dea2fc8e378900d531_0.jpg","ASG000bb3w",1,4,"E05","R2","10 opinions agree upon the species present","leopard","1","1"
"http://www.snapshotserengeti.org/subjects/standard/50dc71dea2fc8e378900d531_1.jpg","ASG000bb3w",2,4,"E05","R2","10 opinions agree upon the species present","leopard","1","1"
"http://www.snapshotserengeti.org/subjects/standard/50dc71dea2fc8e378900d531_2.jpg","ASG000bb3w",3,4,"E05","R2","10 opinions agree upon the species present","leopard","1","1"
"http://www.snapshotserengeti.org/subjects/standard/51a3621fe18f49172b129937_0.jpg","ASG000r5i2",1,5,"L06","R3","10 opinions agree upon the species present","leopard","1","1"
"http://www.snapshotserengeti.org/subjects/standard/51a3621fe18f49172b129937_1.jpg","ASG000r5i2",2,5,"L06","R3","10 opinions agree upon the species present","leopard","1","1"
"http://www.snapshotserengeti.org/subjects/standard/51a3621fe18f49172b129937_2.jpg","ASG000r5i2",3,5,"L06","R3","10 opinions agree upon the species present","leopard","1","1"
"http://www.snapshotserengeti.org/subjects/standard/50c212338a607540b901c6e3_0.jpg","ASG0002hur",1,1,"E06","R4","10 opinions agree upon the species present","leopard","1","1"
"http://www.snapshotserengeti.org/subjects/standard/50c212338a607540b901c6e3_1.jpg","ASG0002hur",2,1,"E06","R4","10 opinions agree upon the species present","leopard","1","1"
"http://www.snapshotserengeti.org/subjects/standard/50c212338a607540b901c6e3_2.jpg","ASG0002hur",3,1,"E06","R4","10 opinions agree upon the species present","leopard","1","1"
"http://zooniverse-static.s3.amazonaws.com/www.snapshotserengeti.org/subjects/standard/54cfd78e87ee0404d507fb43_0.JPG","ASG0018sgv",1,8,"M06","R3","10 opinions agree upon the species present","leopard","1","1"
"http://www.snapshotserengeti.org/subjects/standard/50dcb467a2fc8e37890dc3bf_0.jpg","ASG000ea49",1,4,"C02","r1","10 opinions agree upon the species present","leopard","1","1"
"http://zooniverse-static.s3.amazonaws.com/www.snapshotserengeti.org/subjects/standard/54cfda5787ee0404d50952af_0.JPG","ASG0018wf7",1,8,"P05","R1","10 opinions agree upon the species present","leopard","1","1"
"http://zooniverse-static.s3.amazonaws.com/www.snapshotserengeti.org/subjects/standard/5582df3ec4af4e00420076e7_0.JPG","ASG001gbsu",1,0,"P04","R1","10 opinions agree upon the species present","leopard","1","1"
"http://zooniverse-static.s3.amazonaws.com/www.snapshotserengeti.org/subjects/standard/5582df3ec4af4e00420076df_0.JPG","ASG001gbsv",1,0,"P04","R1","10 opinions agree upon the species present","leopard","1","1"
"http://zooniverse-static.s3.amazonaws.com/www.snapshotserengeti.org/subjects/standard/5582df3ec4af4e00420076f7_0.JPG","ASG001gbs4",1,0,"P04","R1","10 opinions agree upon the species present","leopard","1","1"
"http://zooniverse-static.s3.amazonaws.com/www.snapshotserengeti.org/subjects/standard/5582df3ec4af4e00420076e1_0.JPG","ASG001gbs6",1,0,"P04","R1","10 opinions agree upon the species present","leopard","1","1"
"http://www.snapshotserengeti.org/subjects/standard/51a338cae18f49172b0db014_0.jpg","ASG000pzua",1,5,"H11","R1","10 opinions agree upon the species present","leopard","1","1"
"http://www.snapshotserengeti.org/subjects/standard/51a39f95e18f49172b19ead9_0.jpg","ASG000ssu1",1,5,"P13","R3","10 opinions agree upon the species present","leopard","1","1"
"http://www.snapshotserengeti.org/subjects/standard/51a39f95e18f49172b19ead9_1.jpg","ASG000ssu1",2,5,"P13","R3","10 opinions agree upon the species present","leopard","1","1"
"http://www.snapshotserengeti.org/subjects/standard/51a39f95e18f49172b19ead9_2.jpg","ASG000ssu1",3,5,"P13","R3","10 opinions agree upon the species present","leopard","1","1"
"http://www.snapshotserengeti.org/subjects/standard/51a305cde18f49172b079c5f_0.jpg","ASG000okaq",1,5,"E05","R2","10 opinions agree upon the species present","leopard","1","1"
"http://www.snapshotserengeti.org/subjects/standard/51a305cce18f49172b079c59_0.jpg","ASG000okao",1,5,"E05","R2","10 opinions agree upon the species present","leopard","1","1"
"http://www.snapshotserengeti.org/subjects/standard/5331d8641bccd304b6049d99_0.JPG","ASG00141x8",1,7,"P04","R2","10 opinions agree upon the species present","leopard","1","1"
"http://www.snapshotserengeti.org/subjects/standard/5331e17b1bccd304b6085e81_0.JPG","ASG0017rxl",1,7,"I03","R2","10 opinions agree upon the species present","leopard","1","1"
"http://www.snapshotserengeti.org/subjects/standard/5331e17b1bccd304b6085e81_1.JPG","ASG0017rxl",2,7,"I03","R2","10 opinions agree upon the species present","leopard","1","1"
"http://www.snapshotserengeti.org/subjects/standard/5331e17b1bccd304b6085e81_2.JPG","ASG0017rxl",3,7,"I03","R2","10 opinions agree upon the species present","leopard","1","1"
"http://www.snapshotserengeti.org/subjects/standard/51a320d5e18f49172b0ad885_0.jpg","ASG000pbps",1,5,"G05","R4","10 opinions agree upon the species present","leopard","1","1"
"http://www.snapshotserengeti.org/subjects/standard/51a3062ce18f49172b07a7ec_0.jpg","ASG000okt1",1,5,"E05","R3","10 opinions agree upon the species present","leopard","1","1"
"http://www.snapshotserengeti.org/subjects/standard/5331de3e1bccd304b60710f9_0.JPG","ASG0012cta",1,7,"V10","R3","10 opinions agree upon the species present","leopard","1","1"
"http://www.snapshotserengeti.org/subjects/standard/5331de3e1bccd304b60710f9_1.JPG","ASG0012cta",2,7,"V10","R3","10 opinions agree upon the species present","leopard","1","1"
"http://www.snapshotserengeti.org/subjects/standard/5331de3e1bccd304b60710f9_2.JPG","ASG0012cta",3,7,"V10","R3","10 opinions agree upon the species present","leopard","1","1"
"http://www.snapshotserengeti.org/subjects/standard/51a349f9e18f49172b0fbd2f_0.jpg","ASG000qgwp",1,5,"J02","R1","10 opinions agree upon the species present","leopard","1","1"
"http://www.snapshotserengeti.org/subjects/standard/51a349f9e18f49172b0fbd2f_1.jpg","ASG000qgwp",2,5,"J02","R1","10 opinions agree upon the species present","leopard","1","1"
"http://www.snapshotserengeti.org/subjects/standard/51a349f9e18f49172b0fbd2f_2.jpg","ASG000qgwp",3,5,"J02","R1","10 opinions agree upon the species present","leopard","1","1"
"http://www.snapshotserengeti.org/subjects/standard/51a32022e18f49172b0ac306_0.jpg","ASG000pb1r",1,5,"G05","R1","10 opinions agree upon the species present","leopard","1","1"
"http://zooniverse-static.s3.amazonaws.com/www.snapshotserengeti.org/subjects/standard/54cfda3b87ee0404d5094545_0.JPG","ASG0018wy7",1,8,"P03","R3","10 opinions agree upon the species present","leopard","1","1"
"http://www.snapshotserengeti.org/subjects/standard/50c2130e8a607540b902899a_0.jpg","ASG0003kbe",1,2,"C03","R2","10 opinions agree upon the species present","leopard","1","1"
"http://www.snapshotserengeti.org/subjects/standard/50c2130e8a607540b902899a_1.jpg","ASG0003kbe",2,2,"C03","R2","10 opinions agree upon the species present","leopard","1","1"
"http://www.snapshotserengeti.org/subjects/standard/50c2130e8a607540b902899a_2.jpg","ASG0003kbe",3,2,"C03","R2","10 opinions agree upon the species present","leopard","1","1"
"http://www.snapshotserengeti.org/subjects/standard/50c213d58a607540b9032a3e_0.jpg","ASG0004g1q",1,2,"E05","R3","10 opinions agree upon the species present","leopard","1","1"
"http://www.snapshotserengeti.org/subjects/standard/50c213d58a607540b9032a3e_1.jpg","ASG0004g1q",2,2,"E05","R3","10 opinions agree upon the species present","leopard","1","1"
"http://www.snapshotserengeti.org/subjects/standard/50c213d58a607540b9032a3e_2.jpg","ASG0004g1q",3,2,"E05","R3","10 opinions agree upon the species present","leopard","1","1"
"http://www.snapshotserengeti.org/subjects/standard/50c213d58a607540b9032a42_0.jpg","ASG0004g1u",1,2,"E05","R3","10 opinions agree upon the species present","leopard","1","1"
"http://zooniverse-static.s3.amazonaws.com/www.snapshotserengeti.org/subjects/standard/54cfca6987ee0404d501837b_0.JPG","ASG0018lbz",1,8,"D09","R2","10 opinions agree upon the species present","leopard","1","1"
"http://www.snapshotserengeti.org/subjects/standard/50c217db8a607540b90631dd_0.jpg","ASG0008p99",1,3,"P05","R11","10 opinions agree upon the species present","leopard","1","1"
"http://zooniverse-static.s3.amazonaws.com/www.snapshotserengeti.org/subjects/standard/54cfc76687ee0404d5000175_0.JPG","ASG001ejir",1,8,"B03","R1","10 opinions agree upon the species present","leopard","1","1"
"http://www.snapshotserengeti.org/subjects/standard/5331dc761bccd304b60652ab_0.JPG","ASG0012vq3",1,7,"O04","R2","10 opinions agree upon the species present","leopard","1","1"
"http://www.snapshotserengeti.org/subjects/standard/5331dc761bccd304b60652ab_1.JPG","ASG0012vq3",2,7,"O04","R2","10 opinions agree upon the species present","leopard","1","1"
"http://www.snapshotserengeti.org/subjects/standard/5331dc761bccd304b60652ab_2.JPG","ASG0012vq3",3,7,"O04","R2","10 opinions agree upon the species present","leopard","1","1"
"http://www.snapshotserengeti.org/subjects/standard/51e8f507e0053a09c3099a82_0.jpg","ASG00106qy",1,6,"L04","R1","10 opinions agree upon the species present","leopard","1","1"
"http://www.snapshotserengeti.org/subjects/standard/50dc782da2fc8e3789021215_0.jpg","ASG000bl7x",1,4,"F12","R1","10 opinions agree upon the species present","leopard","1","1"
"http://www.snapshotserengeti.org/subjects/standard/50c215878a607540b9047891_0.jpg","ASG0006a35",1,2,"O08","R3","10 opinions agree upon the species present","leopard","1","1"
"http://www.snapshotserengeti.org/subjects/standard/51a2d909e18f49172b02445e_0.jpg","ASG000msrx",1,5,"C03","R2","10 opinions agree upon the species present","leopard","1","1"
"http://zooniverse-static.s3.amazonaws.com/www.snapshotserengeti.org/subjects/standard/56a691a641479b004205a62b_0.JPG","ASG001gxzd",1,9,"Q05","3","","leopard","1","1"
"http://www.snapshotserengeti.org/subjects/standard/51a36a2ae18f49172b138ebb_0.jpg","ASG000rdo3",1,5,"M06","R1","10 opinions agree upon the species present","leopard","1","1"
"http://www.snapshotserengeti.org/subjects/standard/51a36a2ae18f49172b138ebb_1.jpg","ASG000rdo3",2,5,"M06","R1","10 opinions agree upon the species present","leopard","1","1"
"http://www.snapshotserengeti.org/subjects/standard/51a36a2ae18f49172b138ebb_2.jpg","ASG000rdo3",3,5,"M06","R1","10 opinions agree upon the species present","leopard","1","1"
"http://www.snapshotserengeti.org/subjects/standard/5331dda41bccd304b606d0b1_0.JPG","ASG0012j2d",1,7,"T11","R1","10 opinions agree upon the species present","leopard","1","1"
"http://www.snapshotserengeti.org/subjects/standard/51e903e6e0053a09c30b5310_0.jpg","ASG0010ldh",1,6,"N02","R2","10 opinions agree upon the species present","leopard","1","1"
"http://zooniverse-static.s3.amazonaws.com/www.snapshotserengeti.org/subjects/standard/56a666d941479b004202ce7d_0.JPG","ASG001jgva",1,9,"G05","1","","leopard","1","1"
"http://www.snapshotserengeti.org/subjects/standard/50c217378a607540b905a83a_0.jpg","ASG0007y2i",1,3,"C03","R11","10 opinions agree upon the species present","leopard","1","1"
"http://www.snapshotserengeti.org/subjects/standard/50c217388a607540b905a848_0.jpg","ASG0007y2w",1,3,"C03","R11","10 opinions agree upon the species present","leopard","1","1"
"http://www.snapshotserengeti.org/subjects/standard/50c217608a607540b905c958_0.jpg","ASG00084m0",1,3,"H05","R11","10 opinions agree upon the species present","leopard","1","1"
"http://www.snapshotserengeti.org/subjects/standard/50c217608a607540b905c958_1.jpg","ASG00084m0",2,3,"H05","R11","10 opinions agree upon the species present","leopard","1","1"
"http://www.snapshotserengeti.org/subjects/standard/50c217608a607540b905c958_2.jpg","ASG00084m0",3,3,"H05","R11","10 opinions agree upon the species present","leopard","1","1"
"http://zooniverse-static.s3.amazonaws.com/www.snapshotserengeti.org/subjects/standard/54cfc9ed87ee0404d50143bf_0.JPG","ASG0018lnm",1,8,"D06","R3","10 opinions agree upon the species present","leopard","1","1"
"http://www.snapshotserengeti.org/subjects/standard/50c2186f8a607540b906a14f_0.jpg","ASG0009b9r",1,3,"F12","R12","10 opinions agree upon the species present","leopard","1","1"
"http://www.snapshotserengeti.org/subjects/standard/50c2186f8a607540b906a14f_1.jpg","ASG0009b9r",2,3,"F12","R12","10 opinions agree upon the species present","leopard","1","1"
"http://www.snapshotserengeti.org/subjects/standard/50c2186f8a607540b906a14f_2.jpg","ASG0009b9r",3,3,"F12","R12","10 opinions agree upon the species present","leopard","1","1"
"http://www.snapshotserengeti.org/subjects/standard/51a2de0de18f49172b02dd63_0.jpg","ASG000nfq8",1,5,"C06","R2","10 opinions agree upon the species present","leopard","1","1"
"http://zooniverse-static.s3.amazonaws.com/www.snapshotserengeti.org/subjects/standard/54cfd28687ee0404d505798d_0.JPG","ASG00196c9",1,8,"I07","R3","10 opinions agree upon the species present","leopard","1","1"
"http://www.snapshotserengeti.org/subjects/standard/51a2d91fe18f49172b0246f9_0.jpg","ASG000msv7",1,5,"C03","R3","10 opinions agree upon the species present","leopard","1","1"
"http://www.snapshotserengeti.org/subjects/standard/51e92c93e0053a09c30fdcc0_0.jpg","ASG0011lu6",1,6,"T11","R2","10 opinions agree upon the species present","leopard","1","1"
"http://www.snapshotserengeti.org/subjects/standard/50dc722ea2fc8e378900f168_0.jpg","ASG000bby4",1,4,"D02","R1","10 opinions agree upon the species present","leopard","1","1"
"http://www.snapshotserengeti.org/subjects/standard/50c216cf8a607540b9055dbf_0.jpg","ASG0007jcv",1,2,"L07","R2","10 opinions agree upon the species present","leopard","1","1"
"http://www.snapshotserengeti.org/subjects/standard/50c216cf8a607540b9055dbf_1.jpg","ASG0007jcv",2,2,"L07","R2","10 opinions agree upon the species present","leopard","1","1"
"http://www.snapshotserengeti.org/subjects/standard/50c216cf8a607540b9055dbf_2.jpg","ASG0007jcv",3,2,"L07","R2","10 opinions agree upon the species present","leopard","1","1"
"http://zooniverse-static.s3.amazonaws.com/www.snapshotserengeti.org/subjects/standard/5582de8cc4af4e0042002a71_0.JPG","ASG001ghbf",1,0,"H13","R3","10 opinions agree upon the species present","leopard","1","1"
"http://www.snapshotserengeti.org/subjects/standard/50c211e48a607540b9018617_0.jpg","ASG000251z",1,1,"P07","R1","10 opinions agree upon the species present","leopard","1","1"
"http://www.snapshotserengeti.org/subjects/standard/50c211e48a607540b9018617_1.jpg","ASG000251z",2,1,"P07","R1","10 opinions agree upon the species present","leopard","1","1"
"http://www.snapshotserengeti.org/subjects/standard/50c211e48a607540b9018617_2.jpg","ASG000251z",3,1,"P07","R1","10 opinions agree upon the species present","leopard","1","1"
"http://zooniverse-static.s3.amazonaws.com/www.snapshotserengeti.org/subjects/standard/54cfd38c87ee0404d505fd03_0.JPG","ASG00199mp",1,8,"J09","R2","10 opinions agree upon the species present","leopard","1","1"
"http://www.snapshotserengeti.org/subjects/standard/50dc8e84a2fc8e378905b60f_0.jpg","ASG000cerz",1,4,"E06","R2","10 opinions agree upon the species present","leopard","1","1"
"http://www.snapshotserengeti.org/subjects/standard/50c210418a607540b90026a5_0.jpg","ASG00007mt",1,1,"H06","R3","10 opinions agree upon the species present","leopard","1","1"
"http://www.snapshotserengeti.org/subjects/standard/50c210418a607540b90026a5_1.jpg","ASG00007mt",2,1,"H06","R3","10 opinions agree upon the species present","leopard","1","1"
"http://www.snapshotserengeti.org/subjects/standard/50c210418a607540b90026a5_2.jpg","ASG00007mt",3,1,"H06","R3","10 opinions agree upon the species present","leopard","1","1"
"http://www.snapshotserengeti.org/subjects/standard/50c213a28a607540b90300a3_0.jpg","ASG00047tv",1,2,"D10","R1","10 opinions agree upon the species present","leopard","1","1"
"http://www.snapshotserengeti.org/subjects/standard/50c213a28a607540b90300a3_1.jpg","ASG00047tv",2,2,"D10","R1","10 opinions agree upon the species present","leopard","1","1"
"http://www.snapshotserengeti.org/subjects/standard/50c213a28a607540b90300a3_2.jpg","ASG00047tv",3,2,"D10","R1","10 opinions agree upon the species present","leopard","1","1"
"http://www.snapshotserengeti.org/subjects/standard/5331dbd41bccd304b6060f29_0.JPG","ASG00132g9",1,7,"J09","R1","10 opinions agree upon the species present","leopard","1","1"
"http://www.snapshotserengeti.org/subjects/standard/5331dbd41bccd304b6060f29_1.JPG","ASG00132g9",2,7,"J09","R1","10 opinions agree upon the species present","leopard","1","1"
"http://www.snapshotserengeti.org/subjects/standard/5331dbd41bccd304b6060f29_2.JPG","ASG00132g9",3,7,"J09","R1","10 opinions agree upon the species present","leopard","1","1"
"http://www.snapshotserengeti.org/subjects/standard/5331dbd41bccd304b6060f27_0.JPG","ASG00132gz",1,7,"J09","R1","10 opinions agree upon the species present","leopard","1","1"
"http://www.snapshotserengeti.org/subjects/standard/5331dbd41bccd304b6060f27_1.JPG","ASG00132gz",2,7,"J09","R1","10 opinions agree upon the species present","leopard","1","1"
"http://www.snapshotserengeti.org/subjects/standard/5331dbd41bccd304b6060f27_2.JPG","ASG00132gz",3,7,"J09","R1","10 opinions agree upon the species present","leopard","1","1"
"http://www.snapshotserengeti.org/subjects/standard/50dcd8d0a2fc8e378911041f_0.jpg","ASG000f0v2",1,4,"H06","R2","10 opinions agree upon the species present","leopard","1","1"
"http://www.snapshotserengeti.org/subjects/standard/50dcd8d0a2fc8e378911041f_1.jpg","ASG000f0v2",2,4,"H06","R2","10 opinions agree upon the species present","leopard","1","1"
"http://www.snapshotserengeti.org/subjects/standard/50dcd8d0a2fc8e378911041f_2.jpg","ASG000f0v2",3,4,"H06","R2","10 opinions agree upon the species present","leopard","1","1"
"http://www.snapshotserengeti.org/subjects/standard/50dc9d38a2fc8e378909a205_0.jpg","ASG000dcch",1,4,"G05","R1","10 opinions agree upon the species present","leopard","1","1"
"http://www.snapshotserengeti.org/subjects/standard/50dc9d38a2fc8e378909a205_1.jpg","ASG000dcch",2,4,"G05","R1","10 opinions agree upon the species present","leopard","1","1"
"http://www.snapshotserengeti.org/subjects/standard/50dc9d38a2fc8e378909a205_2.jpg","ASG000dcch",3,4,"G05","R1","10 opinions agree upon the species present","leopard","1","1"
"http://www.snapshotserengeti.org/subjects/standard/5331e2611bccd304b608bcb1_0.JPG","ASG0018196",1,7,"J02","R3","10 opinions agree upon the species present","leopard","1","1"
"http://www.snapshotserengeti.org/subjects/standard/5331e2611bccd304b608bcb1_1.JPG","ASG0018196",2,7,"J02","R3","10 opinions agree upon the species present","leopard","1","1"
"http://www.snapshotserengeti.org/subjects/standard/5331e2611bccd304b608bcb1_2.JPG","ASG0018196",3,7,"J02","R3","10 opinions agree upon the species present","leopard","1","1"
"http://www.snapshotserengeti.org/subjects/standard/50c215828a607540b90475f9_0.jpg","ASG00069kp",1,2,"O06","R1","10 opinions agree upon the species present","leopard","1","1"
"http://zooniverse-static.s3.amazonaws.com/www.snapshotserengeti.org/subjects/standard/5582df36c4af4e00420073c7_0.JPG","ASG001gbgp",1,0,"P04","R1","10 opinions agree upon the species present","leopard","1","1"
"http://www.snapshotserengeti.org/subjects/standard/50c219bc8a607540b90797ce_0.jpg","ASG000anym",1,3,"O08","R12","10 opinions agree upon the species present","leopard","1","1"
"http://www.snapshotserengeti.org/subjects/standard/51a30645e18f49172b07aaf5_0.jpg","ASG000okx8",1,5,"E05","R4","10 opinions agree upon the species present","leopard","1","1"
"http://www.snapshotserengeti.org/subjects/standard/51a30645e18f49172b07aaf5_1.jpg","ASG000okx8",2,5,"E05","R4","10 opinions agree upon the species present","leopard","1","1"
"http://www.snapshotserengeti.org/subjects/standard/51a30645e18f49172b07aaf5_2.jpg","ASG000okx8",3,5,"E05","R4","10 opinions agree upon the species present","leopard","1","1"
"http://www.snapshotserengeti.org/subjects/standard/51a394abe18f49172b189d79_0.jpg","ASG000si9h",1,5,"P04","R2","10 opinions agree upon the species present","leopard","1","1"
"http://www.snapshotserengeti.org/subjects/standard/50dc7269a2fc8e3789010b78_0.jpg","ASG000bcqj",1,4,"G01","R1","10 opinions agree upon the species present","leopard","1","1"
"http://www.snapshotserengeti.org/subjects/standard/51a3964ae18f49172b18cf03_0.jpg","ASG000sk27",1,5,"P04","R3","10 opinions agree upon the species present","leopard","1","1"
"http://zooniverse-static.s3.amazonaws.com/www.snapshotserengeti.org/subjects/standard/54cfcba187ee0404d5021151_0.JPG","ASG0018jtr",1,8,"E05","R2","10 opinions agree upon the species present","leopard","1","1"
"http://zooniverse-static.s3.amazonaws.com/www.snapshotserengeti.org/subjects/standard/54cfddd887ee0404d50b0de3_0.JPG","ASG0019rex",1,8,"V10","R3","10 opinions agree upon the species present","leopard","1","1"
"http://www.snapshotserengeti.org/subjects/standard/5331d0d91bccd304b6019403_0.JPG","ASG00167hc",1,7,"E05","R2","10 opinions agree upon the species present","leopard","1","1"
"http://www.snapshotserengeti.org/subjects/standard/5331d0d91bccd304b6019403_1.JPG","ASG00167hc",2,7,"E05","R2","10 opinions agree upon the species present","leopard","1","1"
"http://www.snapshotserengeti.org/subjects/standard/5331d0d91bccd304b6019403_2.JPG","ASG00167hc",3,7,"E05","R2","10 opinions agree upon the species present","leopard","1","1"
"http://www.snapshotserengeti.org/subjects/standard/5331dbdd1bccd304b6061395_0.JPG","ASG00131tk",1,7,"J09","R2","10 opinions agree upon the species present","leopard","1","1"
"http://www.snapshotserengeti.org/subjects/standard/51a35c20e18f49172b11e7b5_0.jpg","ASG000qzlr",1,5,"L01","R3","10 opinions agree upon the species present","leopard","1","1"
"http://www.snapshotserengeti.org/subjects/standard/51a35c20e18f49172b11e7b5_1.jpg","ASG000qzlr",2,5,"L01","R3","10 opinions agree upon the species present","leopard","1","1"
"http://www.snapshotserengeti.org/subjects/standard/51a35c20e18f49172b11e7b5_2.jpg","ASG000qzlr",3,5,"L01","R3","10 opinions agree upon the species present","leopard","1","1"
"http://www.snapshotserengeti.org/subjects/standard/51a35c1fe18f49172b11e795_0.jpg","ASG000qzlh",1,5,"L01","R3","10 opinions agree upon the species present","leopard","1","1"
"http://www.snapshotserengeti.org/subjects/standard/50c2175d8a607540b905c78a_0.jpg","ASG0008496",1,3,"G12","R11","10 opinions agree upon the species present","leopard","1","1"
"http://www.snapshotserengeti.org/subjects/standard/5331da7a1bccd304b6057ccf_0.JPG","ASG0013fwk",1,7,"F06","R3","10 opinions agree upon the species present","leopard","1","1"
"http://www.snapshotserengeti.org/subjects/standard/5331d7361bccd304b6041fdf_0.JPG","ASG0014ecy",1,7,"H13","R3","10 opinions agree upon the species present","leopard","1","1"
"http://www.snapshotserengeti.org/subjects/standard/50dc97e8a2fc8e378908afab_0.jpg","ASG000d4sz",1,4,"D06","R2","10 opinions agree upon the species present","leopard","1","1"
"http://www.snapshotserengeti.org/subjects/standard/50dc97e8a2fc8e378908afab_1.jpg","ASG000d4sz",2,4,"D06","R2","10 opinions agree upon the species present","leopard","1","1"
"http://www.snapshotserengeti.org/subjects/standard/50dc97e8a2fc8e378908afab_2.jpg","ASG000d4sz",3,4,"D06","R2","10 opinions agree upon the species present","leopard","1","1"
"http://www.snapshotserengeti.org/subjects/standard/5331deee1bccd304b6075bd1_0.JPG","ASG00125dh",1,7,"H03","R2","10 opinions agree upon the species present","leopard","1","1"
"http://www.snapshotserengeti.org/subjects/standard/5331deee1bccd304b6075bd1_1.JPG","ASG00125dh",2,7,"H03","R2","10 opinions agree upon the species present","leopard","1","1"
"http://www.snapshotserengeti.org/subjects/standard/5331deee1bccd304b6075bd1_2.JPG","ASG00125dh",3,7,"H03","R2","10 opinions agree upon the species present","leopard","1","1"
"http://www.snapshotserengeti.org/subjects/standard/5331da271bccd304b6055b07_0.JPG","ASG0013j83",1,7,"D06","R2","10 opinions agree upon the species present","leopard","1","1"
"http://zooniverse-static.s3.amazonaws.com/www.snapshotserengeti.org/subjects/standard/54cfd27287ee0404d5056f8d_0.JPG","ASG00196al",1,8,"I07","R2","10 opinions agree upon the species present","leopard","1","1"
"http://zooniverse-static.s3.amazonaws.com/www.snapshotserengeti.org/subjects/standard/54cfd28487ee0404d5057889_0.JPG","ASG00196am",1,8,"I07","R3","10 opinions agree upon the species present","leopard","1","1"
"http://www.snapshotserengeti.org/subjects/standard/50dcb431a2fc8e37890d9f58_0.jpg","ASG000e8vl",1,4,"B05","R1","10 opinions agree upon the species present","leopard","1","1"
"http://www.snapshotserengeti.org/subjects/standard/51a2ce8ee18f49172b01058a_0.jpg","ASG000n7mv",1,5,"B09","R2","10 opinions agree upon the species present","leopard","1","1"
"http://www.snapshotserengeti.org/subjects/standard/51a2ce8ee18f49172b01058a_1.jpg","ASG000n7mv",2,5,"B09","R2","10 opinions agree upon the species present","leopard","1","1"
"http://www.snapshotserengeti.org/subjects/standard/51a2ce8ee18f49172b01058a_2.jpg","ASG000n7mv",3,5,"B09","R2","10 opinions agree upon the species present","leopard","1","1"
"http://zooniverse-static.s3.amazonaws.com/www.snapshotserengeti.org/subjects/standard/54cfc76687ee0404d5000173_0.JPG","ASG001eja9",1,8,"B03","R1","10 opinions agree upon the species present","leopard","1","1"
"http://www.snapshotserengeti.org/subjects/standard/51e93277e0053a09c3108bab_0.jpg","ASG0011rq3",1,6,"U11","R2","10 opinions agree upon the species present","leopard","1","1"
"http://zooniverse-static.s3.amazonaws.com/www.snapshotserengeti.org/subjects/standard/54cfdc0a87ee0404d50a2a0f_0.JPG","ASG0019crj",1,8,"R05","R3","10 opinions agree upon the species present","leopard","1","1"
"http://zooniverse-static.s3.amazonaws.com/www.snapshotserengeti.org/subjects/standard/54cfda5787ee0404d509527d_0.JPG","ASG0018wg1",1,8,"P05","R1","10 opinions agree upon the species present","leopard","1","1"
"http://www.snapshotserengeti.org/subjects/standard/51a31e99e18f49172b0a93df_0.jpg","ASG000p9fc",1,5,"G03","R2","10 opinions agree upon the species present","leopard","1","1"
"http://zooniverse-static.s3.amazonaws.com/www.snapshotserengeti.org/subjects/standard/5582de8cc4af4e0042002ab1_0.JPG","ASG001ghbe",1,0,"K10","R2","10 opinions agree upon the species present","leopard","1","1"
"http://zooniverse-static.s3.amazonaws.com/www.snapshotserengeti.org/subjects/standard/54cfdd2a87ee0404d50ab7e5_0.JPG","ASG0019f3z",1,8,"T09","R2","10 opinions agree upon the species present","leopard","1","1"
"http://www.snapshotserengeti.org/subjects/standard/50c217f58a607540b9064778_0.jpg","ASG0008tiw",1,3,"S09","R11","10 opinions agree upon the species present","leopard","1","1"
"http://www.snapshotserengeti.org/subjects/standard/50c213158a607540b90290e5_0.jpg","ASG0003lr9",1,2,"C03","R3","10 opinions agree upon the species present","leopard","1","1"
"http://www.snapshotserengeti.org/subjects/standard/51a2d4cde18f49172b01c3cf_0.jpg","ASG000mvbj",1,5,"B13","R2","10 opinions agree upon the species present","leopard","1","1"
"http://zooniverse-static.s3.amazonaws.com/www.snapshotserengeti.org/subjects/standard/56a698bf41479b0042061e4b_0.JPG","ASG001gmax",1,9,"S13","3","","leopard","1","3"
"http://zooniverse-static.s3.amazonaws.com/www.snapshotserengeti.org/subjects/standard/54cfd84087ee0404d508542b_0.JPG","ASG0018ts9",1,8,"N05","R1","10 opinions agree upon the species present","leopard","1","1"
"http://www.snapshotserengeti.org/subjects/standard/50c2140a8a607540b9035526_0.jpg","ASG0004oiu",1,2,"F01","R2","10 opinions agree upon the species present","leopard","1","1"
"http://www.snapshotserengeti.org/subjects/standard/50dcb42fa2fc8e37890d9cfe_0.jpg","ASG000e8r6",1,4,"B05","R1","10 opinions agree upon the species present","leopard","1","1"
"http://www.snapshotserengeti.org/subjects/standard/51a31fc4e18f49172b0ab7c1_0.jpg","ASG000pame",1,5,"G04","R3","10 opinions agree upon the species present","leopard","1","1"
"http://www.snapshotserengeti.org/subjects/standard/51a31fc4e18f49172b0ab7c1_1.jpg","ASG000pame",2,5,"G04","R3","10 opinions agree upon the species present","leopard","1","1"
"http://www.snapshotserengeti.org/subjects/standard/51a31fc4e18f49172b0ab7c1_2.jpg","ASG000pame",3,5,"G04","R3","10 opinions agree upon the species present","leopard","1","1"
"http://www.snapshotserengeti.org/subjects/standard/50c2150e8a607540b90423d1_0.jpg","ASG0005tch",1,2,"I07","R4","10 opinions agree upon the species present","leopard","1","1"
"http://www.snapshotserengeti.org/subjects/standard/50c2150e8a607540b90423d1_1.jpg","ASG0005tch",2,2,"I07","R4","10 opinions agree upon the species present","leopard","1","1"
"http://www.snapshotserengeti.org/subjects/standard/50c2150e8a607540b90423d1_2.jpg","ASG0005tch",3,2,"I07","R4","10 opinions agree upon the species present","leopard","1","1"
"http://www.snapshotserengeti.org/subjects/standard/50c215868a607540b9047826_0.jpg","ASG0006a06",1,2,"O08","R2","10 opinions agree upon the species present","leopard","1","1"
"http://www.snapshotserengeti.org/subjects/standard/50c215868a607540b9047826_1.jpg","ASG0006a06",2,2,"O08","R2","10 opinions agree upon the species present","leopard","1","1"
"http://www.snapshotserengeti.org/subjects/standard/50c215868a607540b9047826_2.jpg","ASG0006a06",3,2,"O08","R2","10 opinions agree upon the species present","leopard","1","1"
"http://www.snapshotserengeti.org/subjects/standard/51a379ebe18f49172b156f0b_0.jpg","ASG000rssx",1,5,"N06","R2","10 opinions agree upon the species present","leopard","1","1"
"http://www.snapshotserengeti.org/subjects/standard/5331ccf41bccd304b60003bf_0.JPG","ASG0015zt6",1,7,"B03","R2","10 opinions agree upon the species present","leopard","1","1"
"http://www.snapshotserengeti.org/subjects/standard/5331dd801bccd304b606c0c3_0.JPG","ASG0012knz",1,7,"T08","R1","10 opinions agree upon the species present","leopard","1","1"
"http://www.snapshotserengeti.org/subjects/standard/51a39202e18f49172b184c80_0.jpg","ASG000sf6w",1,5,"P03","R2","10 opinions agree upon the species present","leopard","1","1"
"http://www.snapshotserengeti.org/subjects/standard/50dcb319a2fc8e37890d1885_0.jpg","ASG000e4mj",1,4,"P04","R2","10 opinions agree upon the species present","leopard","1","1"
"http://www.snapshotserengeti.org/subjects/standard/51a3b69fe18f49172b1ca5f4_0.jpg","ASG000test",1,5,"T08","R3","10 opinions agree upon the species present","leopard","1","1"
"http://www.snapshotserengeti.org/subjects/standard/51a3b69fe18f49172b1ca5de_0.jpg","ASG000tesp",1,5,"T08","R3","10 opinions agree upon the species present","leopard","1","1"
"http://www.snapshotserengeti.org/subjects/standard/51a3b69fe18f49172b1ca5de_1.jpg","ASG000tesp",2,5,"T08","R3","10 opinions agree upon the species present","leopard","1","1"
"http://www.snapshotserengeti.org/subjects/standard/51a3b69fe18f49172b1ca5de_2.jpg","ASG000tesp",3,5,"T08","R3","10 opinions agree upon the species present","leopard","1","1"
"http://www.snapshotserengeti.org/subjects/standard/50c2147a8a607540b903b015_0.jpg","ASG00056hh",1,2,"G05","R4","10 opinions agree upon the species present","leopard","1","1"
"http://www.snapshotserengeti.org/subjects/standard/5331de1a1bccd304b60702df_0.JPG","ASG0012e4c",1,7,"U11","R1","10 opinions agree upon the species present","leopard","1","1"
"http://www.snapshotserengeti.org/subjects/standard/51a39428e18f49172b188dc8_0.jpg","ASG000shjt",1,5,"P04","R1","10 opinions agree upon the species present","leopard","1","1"
"http://www.snapshotserengeti.org/subjects/standard/51a39428e18f49172b188dc8_1.jpg","ASG000shjt",2,5,"P04","R1","10 opinions agree upon the species present","leopard","1","1"
"http://www.snapshotserengeti.org/subjects/standard/51a39428e18f49172b188dc8_2.jpg","ASG000shjt",3,5,"P04","R1","10 opinions agree upon the species present","leopard","1","1"
"http://www.snapshotserengeti.org/subjects/standard/50c212338a607540b901c711_0.jpg","ASG0002hw1",1,1,"E06","R4","10 opinions agree upon the species present","leopard","1","1"
"http://www.snapshotserengeti.org/subjects/standard/50c212338a607540b901c711_1.jpg","ASG0002hw1",2,1,"E06","R4","10 opinions agree upon the species present","leopard","1","1"
"http://www.snapshotserengeti.org/subjects/standard/50c212338a607540b901c711_2.jpg","ASG0002hw1",3,1,"E06","R4","10 opinions agree upon the species present","leopard","1","1"
"http://www.snapshotserengeti.org/subjects/standard/50c217628a607540b905cad2_0.jpg","ASG00084wi",1,3,"H07","R11","10 opinions agree upon the species present","leopard","1","1"
"http://www.snapshotserengeti.org/subjects/standard/50c216438a607540b904ff87_0.jpg","ASG00070qv",1,2,"T09","R3","10 opinions agree upon the species present","leopard","1","1"
"http://www.snapshotserengeti.org/subjects/standard/50c216438a607540b904ff87_1.jpg","ASG00070qv",2,2,"T09","R3","10 opinions agree upon the species present","leopard","1","1"
"http://www.snapshotserengeti.org/subjects/standard/50c216438a607540b904ff87_2.jpg","ASG00070qv",3,2,"T09","R3","10 opinions agree upon the species present","leopard","1","1"
"http://www.snapshotserengeti.org/subjects/standard/51a3671ee18f49172b1331a1_0.jpg","ASG000rap4",1,5,"M03","R3","10 opinions agree upon the species present","leopard","1","1"
"http://www.snapshotserengeti.org/subjects/standard/51a35cdbe18f49172b11fdc9_0.jpg","ASG000r0fx",1,5,"L04","R1","10 opinions agree upon the species present","leopard","1","1"
"http://www.snapshotserengeti.org/subjects/standard/51a35cdbe18f49172b11fdc9_1.jpg","ASG000r0fx",2,5,"L04","R1","10 opinions agree upon the species present","leopard","1","1"
"http://www.snapshotserengeti.org/subjects/standard/51a35cdbe18f49172b11fdc9_2.jpg","ASG000r0fx",3,5,"L04","R1","10 opinions agree upon the species present","leopard","1","1"
"http://www.snapshotserengeti.org/subjects/standard/50c211008a607540b900c5c1_0.jpg","ASG0001329",1,1,"H06","R4","10 opinions agree upon the species present","leopard","1","1"
"http://www.snapshotserengeti.org/subjects/standard/50c211008a607540b900c5c1_1.jpg","ASG0001329",2,1,"H06","R4","10 opinions agree upon the species present","leopard","1","1"
"http://www.snapshotserengeti.org/subjects/standard/50c211008a607540b900c5c1_2.jpg","ASG0001329",3,1,"H06","R4","10 opinions agree upon the species present","leopard","1","1"
"http://www.snapshotserengeti.org/subjects/standard/51a2d4a9e18f49172b01bfcf_0.jpg","ASG000mv6x",1,5,"B13","R2","10 opinions agree upon the species present","leopard","1","1"
"http://www.snapshotserengeti.org/subjects/standard/50dcdd15a2fc8e3789123025_0.jpg","ASG000fasd",1,4,"U11","R2","10 opinions agree upon the species present","leopard","1","1"
"http://www.snapshotserengeti.org/subjects/standard/50dcdd15a2fc8e3789123025_1.jpg","ASG000fasd",2,4,"U11","R2","10 opinions agree upon the species present","leopard","1","1"
"http://www.snapshotserengeti.org/subjects/standard/50dcdd15a2fc8e3789123025_2.jpg","ASG000fasd",3,4,"U11","R2","10 opinions agree upon the species present","leopard","1","1"
"http://www.snapshotserengeti.org/subjects/standard/5331ccf41bccd304b60003bd_0.JPG","ASG0015ztw",1,7,"B03","R2","10 opinions agree upon the species present","leopard","1","1"
"http://www.snapshotserengeti.org/subjects/standard/51e92b21e0053a09c30fb1bf_0.jpg","ASG0011ker",1,6,"T09","R2","10 opinions agree upon the species present","leopard","1","1"
"http://zooniverse-static.s3.amazonaws.com/www.snapshotserengeti.org/subjects/standard/56a68a3441479b00420526dd_0.JPG","ASG001hfv0",1,9,"B05","2","","leopard","1","1"
"http://zooniverse-static.s3.amazonaws.com/www.snapshotserengeti.org/subjects/standard/54cfda5687ee0404d509526d_0.JPG","ASG0018wfe",1,8,"P05","R1","10 opinions agree upon the species present","leopard","1","1"
"http://zooniverse-static.s3.amazonaws.com/www.snapshotserengeti.org/subjects/standard/54cfd11b87ee0404d504c4c5_0.JPG","ASG001bga8",1,8,"H06","R3","10 opinions agree upon the species present","leopard","1","1"
"http://zooniverse-static.s3.amazonaws.com/www.snapshotserengeti.org/subjects/standard/54cfc9f287ee0404d5014673_0.JPG","ASG0018lkk",1,8,"D06","R3","10 opinions agree upon the species present","leopard","1","1"
"http://www.snapshotserengeti.org/subjects/standard/5331cd221bccd304b6001713_0.JPG","ASG00178w4",1,7,"B04","R3","10 opinions agree upon the species present","leopard","1","1"
"http://www.snapshotserengeti.org/subjects/standard/50c211e38a607540b90185cb_0.jpg","ASG00024zv",1,1,"P07","R1","10 opinions agree upon the species present","leopard","1","1"
"http://www.snapshotserengeti.org/subjects/standard/50c211e38a607540b90185cb_1.jpg","ASG00024zv",2,1,"P07","R1","10 opinions agree upon the species present","leopard","1","1"
"http://www.snapshotserengeti.org/subjects/standard/50c211e38a607540b90185cb_2.jpg","ASG00024zv",3,1,"P07","R1","10 opinions agree upon the species present","leopard","1","1"
"http://www.snapshotserengeti.org/subjects/standard/50c217378a607540b905a7ca_0.jpg","ASG0007xze",1,3,"C03","R11","10 opinions agree upon the species present","leopard","1","1"
"http://www.snapshotserengeti.org/subjects/standard/50c2192f8a607540b9072ee3_0.jpg","ASG000a38j",1,3,"I12","R12","10 opinions agree upon the species present","leopard","1","1"
"http://www.snapshotserengeti.org/subjects/standard/50c213498a607540b902bbdc_0.jpg","ASG0003u8s",1,2,"C11","R1","10 opinions agree upon the species present","leopard","1","1"
"http://www.snapshotserengeti.org/subjects/standard/50c213498a607540b902bbdc_1.jpg","ASG0003u8s",2,2,"C11","R1","10 opinions agree upon the species present","leopard","1","1"
"http://www.snapshotserengeti.org/subjects/standard/50c213498a607540b902bbdc_2.jpg","ASG0003u8s",3,2,"C11","R1","10 opinions agree upon the species present","leopard","1","1"
"http://www.snapshotserengeti.org/subjects/standard/50c213d98a607540b9032eef_0.jpg","ASG0004gz3",1,2,"E06","R3","10 opinions agree upon the species present","leopard","1","1"
"http://www.snapshotserengeti.org/subjects/standard/51a39f6ae18f49172b19e5cf_0.jpg","ASG000ssoo",1,5,"P13","R2","10 opinions agree upon the species present","leopard","1","1"
"http://zooniverse-static.s3.amazonaws.com/www.snapshotserengeti.org/subjects/standard/54cfda5787ee0404d5095287_0.JPG","ASG0018wec",1,8,"P05","R1","10 opinions agree upon the species present","leopard","1","1"
"http://www.snapshotserengeti.org/subjects/standard/50c2144a8a607540b90388ce_0.jpg","ASG0004yq6",1,2,"F12","R2","10 opinions agree upon the species present","leopard","1","1"
"http://www.snapshotserengeti.org/subjects/standard/50c2144a8a607540b90388ce_1.jpg","ASG0004yq6",2,2,"F12","R2","10 opinions agree upon the species present","leopard","1","1"
"http://www.snapshotserengeti.org/subjects/standard/50c2144a8a607540b90388ce_2.jpg","ASG0004yq6",3,2,"F12","R2","10 opinions agree upon the species present","leopard","1","1"
"http://www.snapshotserengeti.org/subjects/standard/50dcd8d0a2fc8e37891103e9_0.jpg","ASG000f0ut",1,4,"H06","R2","10 opinions agree upon the species present","leopard","1","1"
"http://www.snapshotserengeti.org/subjects/standard/50dcd8d0a2fc8e37891103e9_1.jpg","ASG000f0ut",2,4,"H06","R2","10 opinions agree upon the species present","leopard","1","1"
"http://www.snapshotserengeti.org/subjects/standard/50dcd8d0a2fc8e37891103e9_2.jpg","ASG000f0ut",3,4,"H06","R2","10 opinions agree upon the species present","leopard","1","1"
"http://www.snapshotserengeti.org/subjects/standard/50dcd8d0a2fc8e37891103b7_0.jpg","ASG000f0uk",1,4,"H06","R2","10 opinions agree upon the species present","leopard","1","1"
"http://www.snapshotserengeti.org/subjects/standard/50dcd8d0a2fc8e37891103b7_1.jpg","ASG000f0uk",2,4,"H06","R2","10 opinions agree upon the species present","leopard","1","1"
"http://www.snapshotserengeti.org/subjects/standard/50dcd8d0a2fc8e37891103b7_2.jpg","ASG000f0uk",3,4,"H06","R2","10 opinions agree upon the species present","leopard","1","1"
"http://www.snapshotserengeti.org/subjects/standard/51a35bd1e18f49172b11de20_0.jpg","ASG000qz9k",1,5,"L01","R1","10 opinions agree upon the species present","leopard","1","1"
"http://www.snapshotserengeti.org/subjects/standard/51a2d461e18f49172b01b729_0.jpg","ASG000muxj",1,5,"B13","R1","10 opinions agree upon the species present","leopard","1","1"
"http://www.snapshotserengeti.org/subjects/standard/50c2161c8a607540b904e436_0.jpg","ASG0006vcm",1,2,"M04","R1","Most common opinion from 25 opinions","leopard","1","1"
"http://www.snapshotserengeti.org/subjects/standard/50c212868a607540b90217c9_0.jpg","ASG0002xu1",1,1,"D06","R2","10 opinions agree upon the species present","leopard","1","1"
"http://www.snapshotserengeti.org/subjects/standard/50c212868a607540b90217c9_1.jpg","ASG0002xu1",2,1,"D06","R2","10 opinions agree upon the species present","leopard","1","1"
"http://www.snapshotserengeti.org/subjects/standard/50c212868a607540b90217c9_2.jpg","ASG0002xu1",3,1,"D06","R2","10 opinions agree upon the species present","leopard","1","1"
"http://www.snapshotserengeti.org/subjects/standard/50c214298a607540b9036dca_0.jpg","ASG0004te2",1,2,"F05","R3","10 opinions agree upon the species present","leopard","1","1"
"http://www.snapshotserengeti.org/subjects/standard/50c214298a607540b9036dca_1.jpg","ASG0004te2",2,2,"F05","R3","10 opinions agree upon the species present","leopard","1","1"
"http://www.snapshotserengeti.org/subjects/standard/50c214298a607540b9036dca_2.jpg","ASG0004te2",3,2,"F05","R3","10 opinions agree upon the species present","leopard","1","1"
"http://zooniverse-static.s3.amazonaws.com/www.snapshotserengeti.org/subjects/standard/54cfc98087ee0404d5010ca1_0.JPG","ASG0018mko",1,8,"C11","R2","10 opinions agree upon the species present","leopard","1","1"
"http://www.snapshotserengeti.org/subjects/standard/50c216878a607540b9052de4_0.jpg","ASG00079wk",1,2,"K05","R2","10 opinions agree upon the species present","leopard","1","1"
"http://www.snapshotserengeti.org/subjects/standard/50c216878a607540b9052de4_1.jpg","ASG00079wk",2,2,"K05","R2","10 opinions agree upon the species present","leopard","1","1"
"http://www.snapshotserengeti.org/subjects/standard/50c216878a607540b9052de4_2.jpg","ASG00079wk",3,2,"K05","R2","10 opinions agree upon the species present","leopard","1","1"
"http://zooniverse-static.s3.amazonaws.com/www.snapshotserengeti.org/subjects/standard/56a695a841479b004205e9ff_0.JPG","ASG001gra0",1,9,"D07","1","10 opinions agree upon the species present","leopard","1","1"
"http://www.snapshotserengeti.org/subjects/standard/50dc8e8ba2fc8e378905bb7b_0.jpg","ASG000ceyu",1,4,"E06","R2","10 opinions agree upon the species present","leopard","1","1"
"http://www.snapshotserengeti.org/subjects/standard/50dc8e8aa2fc8e378905bacd_0.jpg","ASG000cey0",1,4,"E06","R2","10 opinions agree upon the species present","leopard","1","1"
"http://www.snapshotserengeti.org/subjects/standard/50dc8d6ea2fc8e3789055d43_0.jpg","ASG000cbtq",1,4,"F05","R1","10 opinions agree upon the species present","leopard","1","1"
"http://www.snapshotserengeti.org/subjects/standard/50dc8d6ea2fc8e3789055d43_1.jpg","ASG000cbtq",2,4,"F05","R1","10 opinions agree upon the species present","leopard","1","1"
"http://www.snapshotserengeti.org/subjects/standard/50dc8d6ea2fc8e3789055d43_2.jpg","ASG000cbtq",3,4,"F05","R1","10 opinions agree upon the species present","leopard","1","1"
"http://www.snapshotserengeti.org/subjects/standard/5331d1d81bccd304b601f60b_0.JPG","ASG0015xu9",1,7,"M05","R3","10 opinions agree upon the species present","leopard","1","1"
"http://www.snapshotserengeti.org/subjects/standard/51a30645e18f49172b07aaf0_0.jpg","ASG000okx7",1,5,"E05","R4","10 opinions agree upon the species present","leopard","1","1"
"http://www.snapshotserengeti.org/subjects/standard/50dc7816a2fc8e3789020945_0.jpg","ASG000bky7",1,4,"F12","R1","10 opinions agree upon the species present","leopard","1","1"
"http://www.snapshotserengeti.org/subjects/standard/50c2198a8a607540b9076f99_0.jpg","ASG000ag0p",1,3,"L06","R12","10 opinions agree upon the species present","leopard","1","1"
"http://www.snapshotserengeti.org/subjects/standard/50c215868a607540b90477c9_0.jpg","ASG00069xl",1,2,"O06","R2","10 opinions agree upon the species present","leopard","1","1"
"http://www.snapshotserengeti.org/subjects/standard/50c2149d8a607540b903cdbf_0.jpg","ASG0005ccf",1,2,"G10","R1","10 opinions agree upon the species present","leopard","1","1"
"http://www.snapshotserengeti.org/subjects/standard/50c217ac8a607540b906097c_0.jpg","ASG0008ha4",1,3,"L04","R11","10 opinions agree upon the species present","leopard","1","1"
"http://www.snapshotserengeti.org/subjects/standard/50c217ac8a607540b906097c_1.jpg","ASG0008ha4",2,3,"L04","R11","10 opinions agree upon the species present","leopard","1","1"
"http://www.snapshotserengeti.org/subjects/standard/50c217ac8a607540b906097c_2.jpg","ASG0008ha4",3,3,"L04","R11","10 opinions agree upon the species present","leopard","1","1"
"http://www.snapshotserengeti.org/subjects/standard/51e93276e0053a09c3108b99_0.jpg","ASG0011rpx",1,6,"U11","R2","10 opinions agree upon the species present","leopard","1","1"
"http://www.snapshotserengeti.org/subjects/standard/51e93276e0053a09c3108b96_0.jpg","ASG0011rpw",1,6,"U11","R2","10 opinions agree upon the species present","leopard","1","1"
"http://www.snapshotserengeti.org/subjects/standard/50c217be8a607540b90618ae_0.jpg","ASG0008ka6",1,3,"M04","R11","10 opinions agree upon the species present","leopard","1","1"
"http://www.snapshotserengeti.org/subjects/standard/51a3300de18f49172b0ca907_0.jpg","ASG000prhv",1,5,"H06","R1","10 opinions agree upon the species present","leopard","1","1"
"http://www.snapshotserengeti.org/subjects/standard/51a3300de18f49172b0ca907_1.jpg","ASG000prhv",2,5,"H06","R1","10 opinions agree upon the species present","leopard","1","1"
"http://www.snapshotserengeti.org/subjects/standard/51a3300de18f49172b0ca907_2.jpg","ASG000prhv",3,5,"H06","R1","10 opinions agree upon the species present","leopard","1","1"
"http://www.snapshotserengeti.org/subjects/standard/5331dd7f1bccd304b606c053_0.JPG","ASG0012kqi",1,7,"T08","R1","10 opinions agree upon the species present","leopard","1","1"
"http://www.snapshotserengeti.org/subjects/standard/50dcac5fa2fc8e37890c1fe9_0.jpg","ASG000dwm1",1,4,"I08","R1","10 opinions agree upon the species present","leopard","1","1"
"http://www.snapshotserengeti.org/subjects/standard/50dcb699a2fc8e37890e7b58_0.jpg","ASG000efqk",1,4,"F07","R2","10 opinions agree upon the species present","leopard","1","1"
"http://www.snapshotserengeti.org/subjects/standard/50c215868a607540b90477d6_0.jpg","ASG00069xy",1,2,"O06","R2","10 opinions agree upon the species present","leopard","1","1"
"http://www.snapshotserengeti.org/subjects/standard/51e8aa62e0053a09c300fee4_0.jpg","ASG000y7hb",1,6,"C03","R2","10 opinions agree upon the species present","leopard","1","1"
"http://www.snapshotserengeti.org/subjects/standard/51e93273e0053a09c3108b46_0.jpg","ASG0011rpi",1,6,"U11","R2","10 opinions agree upon the species present","leopard","1","1"
"http://www.snapshotserengeti.org/subjects/standard/51e93273e0053a09c3108b46_1.jpg","ASG0011rpi",2,6,"U11","R2","10 opinions agree upon the species present","leopard","1","1"
"http://www.snapshotserengeti.org/subjects/standard/51e93273e0053a09c3108b46_2.jpg","ASG0011rpi",3,6,"U11","R2","10 opinions agree upon the species present","leopard","1","1"
