"url","Subject ID","Frame","Season","Site","Roll","Decision Type","Crowd Determination","Number of Species Present","Number of Animals Present"
"http://www.snapshotserengeti.org/subjects/standard/51a363ebe18f49172b12cfe6_0.jpg","ASG000r7iv",1,5,"L10","R2","Most common opinion from 25 opinions","rhinoceros","1","1"
"http://www.snapshotserengeti.org/subjects/standard/51a363ebe18f49172b12cfe6_1.jpg","ASG000r7iv",2,5,"L10","R2","Most common opinion from 25 opinions","rhinoceros","1","1"
"http://www.snapshotserengeti.org/subjects/standard/50dc9418a2fc8e37890730fc_0.jpg","ASG000cs8g",1,4,"M08","R1","10 opinions agree upon the species present","rhinoceros","1","1"
"http://www.snapshotserengeti.org/subjects/standard/50c215158a607540b90429e1_0.jpg","ASG0005ujl",1,2,"I09","R2","10 opinions agree upon the species present","rhinoceros","1","1"
"http://www.snapshotserengeti.org/subjects/standard/50c215158a607540b90429e1_1.jpg","ASG0005ujl",2,2,"I09","R2","10 opinions agree upon the species present","rhinoceros","1","1"
"http://www.snapshotserengeti.org/subjects/standard/50c215158a607540b90429e1_2.jpg","ASG0005ujl",3,2,"I09","R2","10 opinions agree upon the species present","rhinoceros","1","1"
"http://zooniverse-static.s3.amazonaws.com/www.snapshotserengeti.org/subjects/standard/54cfc9a487ee0404d5011ea9_0.JPG","ASG0018m9v",1,8,"C13","R2","Most common opinion from 25 opinions","rhinoceros","1","1"
"http://www.snapshotserengeti.org/subjects/standard/50c217df8a607540b9063410_0.jpg","ASG0008pow",1,3,"P09","R11","10 opinions agree upon the species present","rhinoceros","1","1"
"http://www.snapshotserengeti.org/subjects/standard/50c217df8a607540b9063410_1.jpg","ASG0008pow",2,3,"P09","R11","10 opinions agree upon the species present","rhinoceros","1","1"
"http://www.snapshotserengeti.org/subjects/standard/50c217df8a607540b9063410_2.jpg","ASG0008pow",3,3,"P09","R11","10 opinions agree upon the species present","rhinoceros","1","1"
"http://www.snapshotserengeti.org/subjects/standard/51a3250ae18f49172b0b580e_0.jpg","ASG000pfo5",1,5,"G12","R3","10 opinions agree upon the species present","rhinoceros","1","1"
"http://www.snapshotserengeti.org/subjects/standard/51a3250ae18f49172b0b580e_1.jpg","ASG000pfo5",2,5,"G12","R3","10 opinions agree upon the species present","rhinoceros","1","1"
"http://www.snapshotserengeti.org/subjects/standard/51a3250ae18f49172b0b580e_2.jpg","ASG000pfo5",3,5,"G12","R3","10 opinions agree upon the species present","rhinoceros","1","1"
"http://zooniverse-static.s3.amazonaws.com/www.snapshotserengeti.org/subjects/standard/54cfd02887ee0404d5044c87_0.JPG","ASG001brap",1,8,"G12","R1","10 opinions agree upon the species present","rhinoceros","1","1"
"http://www.snapshotserengeti.org/subjects/standard/51a3af2ee18f49172b1bc2dd_0.jpg","ASG000t7oj",1,5,"R06","R3","10 opinions agree upon the species present","rhinoceros","1","1"
"http://www.snapshotserengeti.org/subjects/standard/51a3af2ee18f49172b1bc2dd_1.jpg","ASG000t7oj",2,5,"R06","R3","10 opinions agree upon the species present","rhinoceros","1","1"
"http://zooniverse-static.s3.amazonaws.com/www.snapshotserengeti.org/subjects/standard/54cfc9d787ee0404d50138af_0.JPG","ASG001ervx",1,8,"D04","R3","10 opinions agree upon the species present","rhinoceros","1","1"
"http://www.snapshotserengeti.org/subjects/standard/50c2156d8a607540b90467dc_0.jpg","ASG00066sc",1,2,"J10","R2","10 opinions agree upon the species present","rhinoceros","1","1"
"http://www.snapshotserengeti.org/subjects/standard/50c2156d8a607540b90467dc_1.jpg","ASG00066sc",2,2,"J10","R2","10 opinions agree upon the species present","rhinoceros","1","1"
"http://www.snapshotserengeti.org/subjects/standard/50c2156d8a607540b90467dc_2.jpg","ASG00066sc",3,2,"J10","R2","10 opinions agree upon the species present","rhinoceros","1","1"
"http://www.snapshotserengeti.org/subjects/standard/51a36adde18f49172b13a3ea_0.jpg","ASG000red5",1,5,"M08","R2","Most common opinion from 25 opinions","rhinoceros","1","1"
"http://www.snapshotserengeti.org/subjects/standard/51a31578e18f49172b097c17_0.jpg","ASG000ozm0",1,5,"F03","R1","Most common opinion from 25 opinions","rhinoceros","1","1"
"http://www.snapshotserengeti.org/subjects/standard/5331d7e01bccd304b604663f_0.JPG","ASG00147ku",1,7,"S11","R1","Most common opinion from 25 opinions","rhinoceros","1","1"
"http://www.snapshotserengeti.org/subjects/standard/5331d7e01bccd304b604663f_1.JPG","ASG00147ku",2,7,"S11","R1","Most common opinion from 25 opinions","rhinoceros","1","1"
"http://www.snapshotserengeti.org/subjects/standard/5331d7e01bccd304b604663f_2.JPG","ASG00147ku",3,7,"S11","R1","Most common opinion from 25 opinions","rhinoceros","1","1"
"http://zooniverse-static.s3.amazonaws.com/www.snapshotserengeti.org/subjects/standard/54cfd02887ee0404d5044c8b_0.JPG","ASG001br8k",1,8,"G12","R1","10 opinions agree upon the species present","rhinoceros","1","1"
"http://zooniverse-static.s3.amazonaws.com/www.snapshotserengeti.org/subjects/standard/54cfd02887ee0404d5044c89_0.JPG","ASG001brf2",1,8,"G12","R1","10 opinions agree upon the species present","rhinoceros","1","1"
"http://www.snapshotserengeti.org/subjects/standard/50c214ad8a607540b903da46_0.jpg","ASG0005eti",1,2,"G12","R3","10 opinions agree upon the species present","rhinoceros","1","1"
"http://www.snapshotserengeti.org/subjects/standard/50c214ad8a607540b903da46_1.jpg","ASG0005eti",2,2,"G12","R3","10 opinions agree upon the species present","rhinoceros","1","1"
"http://www.snapshotserengeti.org/subjects/standard/50c214ad8a607540b903da46_2.jpg","ASG0005eti",3,2,"G12","R3","10 opinions agree upon the species present","rhinoceros","1","1"
"http://www.snapshotserengeti.org/subjects/standard/50c214ad8a607540b903da47_0.jpg","ASG0005etj",1,2,"G12","R3","10 opinions agree upon the species present","rhinoceros","1","1"
"http://www.snapshotserengeti.org/subjects/standard/51a32506e18f49172b0b577e_0.jpg","ASG000pfn9",1,5,"G12","R2","10 opinions agree upon the species present","rhinoceros","1","1"
"http://zooniverse-static.s3.amazonaws.com/www.snapshotserengeti.org/subjects/standard/56a68ab941479b004205312b_0.JPG","ASG001heu8",1,9,"C12","3","","rhinoceros","1","1"
"http://www.snapshotserengeti.org/subjects/standard/5331dd881bccd304b606c441_0.JPG","ASG0012kge",1,7,"T09","R1","10 opinions agree upon the species present","rhinoceros","1","1"
"http://www.snapshotserengeti.org/subjects/standard/5331dd881bccd304b606c441_1.JPG","ASG0012kge",2,7,"T09","R1","10 opinions agree upon the species present","rhinoceros","1","1"
"http://www.snapshotserengeti.org/subjects/standard/5331dd881bccd304b606c441_2.JPG","ASG0012kge",3,7,"T09","R1","10 opinions agree upon the species present","rhinoceros","1","1"
"http://www.snapshotserengeti.org/subjects/standard/50c215a68a607540b9048e85_0.jpg","ASG0006ef9",1,2,"P10","R3","10 opinions agree upon the species present","rhinoceros","1","1"
"http://www.snapshotserengeti.org/subjects/standard/50c215a68a607540b9048e85_1.jpg","ASG0006ef9",2,2,"P10","R3","10 opinions agree upon the species present","rhinoceros","1","1"
"http://www.snapshotserengeti.org/subjects/standard/50c215a68a607540b9048e85_2.jpg","ASG0006ef9",3,2,"P10","R3","10 opinions agree upon the species present","rhinoceros","1","1"
"http://zooniverse-static.s3.amazonaws.com/www.snapshotserengeti.org/subjects/standard/56a6936941479b004205c3ed_0.JPG","ASG001gv1x",1,9,"R11","2","","rhinoceros","1","2"
"http://www.snapshotserengeti.org/subjects/standard/50c213198a607540b90294c9_0.jpg","ASG0003mix",1,2,"C04","R2","10 opinions agree upon the species present","rhinoceros","1","2"
"http://zooniverse-static.s3.amazonaws.com/www.snapshotserengeti.org/subjects/standard/56a6d36f41479b004209fcfd_0.JPG","ASG001nl7v",1,9,"N06","2","","rhinoceros","1","1"
"http://www.snapshotserengeti.org/subjects/standard/50c214ac8a607540b903da1b_0.jpg","ASG0005esb",1,2,"G12","R3","10 opinions agree upon the species present","rhinoceros","1","1"
"http://www.snapshotserengeti.org/subjects/standard/50c214ac8a607540b903da1b_1.jpg","ASG0005esb",2,2,"G12","R3","10 opinions agree upon the species present","rhinoceros","1","1"
"http://www.snapshotserengeti.org/subjects/standard/50c214ac8a607540b903da1b_2.jpg","ASG0005esb",3,2,"G12","R3","10 opinions agree upon the species present","rhinoceros","1","1"
"http://www.snapshotserengeti.org/subjects/standard/50c214ad8a607540b903da2f_0.jpg","ASG0005esv",1,2,"G12","R3","10 opinions agree upon the species present","rhinoceros","1","1"
"http://www.snapshotserengeti.org/subjects/standard/50c214ad8a607540b903da2f_1.jpg","ASG0005esv",2,2,"G12","R3","10 opinions agree upon the species present","rhinoceros","1","1"
"http://www.snapshotserengeti.org/subjects/standard/50c214ad8a607540b903da2f_2.jpg","ASG0005esv",3,2,"G12","R3","10 opinions agree upon the species present","rhinoceros","1","1"
"http://www.snapshotserengeti.org/subjects/standard/50c214ac8a607540b903da16_0.jpg","ASG0005es6",1,2,"G12","R3","10 opinions agree upon the species present","rhinoceros","1","1"
"http://www.snapshotserengeti.org/subjects/standard/50c214ac8a607540b903da16_1.jpg","ASG0005es6",2,2,"G12","R3","10 opinions agree upon the species present","rhinoceros","1","1"
"http://www.snapshotserengeti.org/subjects/standard/50c214ac8a607540b903da16_2.jpg","ASG0005es6",3,2,"G12","R3","10 opinions agree upon the species present","rhinoceros","1","1"
"http://www.snapshotserengeti.org/subjects/standard/50c219af8a607540b9078d0b_0.jpg","ASG000alu3",1,3,"M08","R12","Most common opinion from 25 opinions","rhinoceros","1","1"
"http://www.snapshotserengeti.org/subjects/standard/50c219af8a607540b9078d0b_1.jpg","ASG000alu3",2,3,"M08","R12","Most common opinion from 25 opinions","rhinoceros","1","1"
"http://www.snapshotserengeti.org/subjects/standard/50c219af8a607540b9078d0b_2.jpg","ASG000alu3",3,3,"M08","R12","Most common opinion from 25 opinions","rhinoceros","1","1"
"http://www.snapshotserengeti.org/subjects/standard/51a32501e18f49172b0b56eb_0.jpg","ASG000pfmi",1,5,"G12","R2","10 opinions agree upon the species present","rhinoceros","1","1"
"http://www.snapshotserengeti.org/subjects/standard/51a338f4e18f49172b0db514_0.jpg","ASG000q008",1,5,"H11","R3","10 opinions agree upon the species present","rhinoceros","1","1"
"http://www.snapshotserengeti.org/subjects/standard/51a338f4e18f49172b0db514_1.jpg","ASG000q008",2,5,"H11","R3","10 opinions agree upon the species present","rhinoceros","1","1"
"http://www.snapshotserengeti.org/subjects/standard/51a338f4e18f49172b0db514_2.jpg","ASG000q008",3,5,"H11","R3","10 opinions agree upon the species present","rhinoceros","1","1"
"http://zooniverse-static.s3.amazonaws.com/www.snapshotserengeti.org/subjects/standard/54cfd02587ee0404d5044b25_0.JPG","ASG001brbg",1,8,"G12","R1","10 opinions agree upon the species present","rhinoceros","1","1"
"http://www.snapshotserengeti.org/subjects/standard/51e8cf67e0053a09c3054336_0.jpg","ASG000z6g2",1,6,"F12","R1","10 opinions agree upon the species present","rhinoceros","1","1"
"http://www.snapshotserengeti.org/subjects/standard/50c214498a607540b90387eb_0.jpg","ASG0004yjv",1,2,"F12","R1","10 opinions agree upon the species present","rhinoceros","1","1"
"http://www.snapshotserengeti.org/subjects/standard/50c211e38a607540b90185ce_0.jpg","ASG00024zy",1,1,"P07","R1","10 opinions agree upon the species present","rhinoceros","1","1"
"http://www.snapshotserengeti.org/subjects/standard/50c211e38a607540b90185ce_1.jpg","ASG00024zy",2,1,"P07","R1","10 opinions agree upon the species present","rhinoceros","1","1"
"http://www.snapshotserengeti.org/subjects/standard/50c211e38a607540b90185ce_2.jpg","ASG00024zy",3,1,"P07","R1","10 opinions agree upon the species present","rhinoceros","1","1"
"http://www.snapshotserengeti.org/subjects/standard/50c214ad8a607540b903da80_0.jpg","ASG0005ev4",1,2,"G12","R3","10 opinions agree upon the species present","rhinoceros","1","1"
"http://zooniverse-static.s3.amazonaws.com/www.snapshotserengeti.org/subjects/standard/54cfd02887ee0404d5044c81_0.JPG","ASG001br8o",1,8,"G12","R1","10 opinions agree upon the species present","rhinoceros","1","1"
"http://www.snapshotserengeti.org/subjects/standard/50c214b18a607540b903decd_0.jpg","ASG0005fpp",1,2,"G13","R2","10 opinions agree upon the species present","rhinoceros","1","1"
"http://www.snapshotserengeti.org/subjects/standard/50c214b18a607540b903decd_1.jpg","ASG0005fpp",2,2,"G13","R2","10 opinions agree upon the species present","rhinoceros","1","1"
"http://www.snapshotserengeti.org/subjects/standard/50c214b18a607540b903decd_2.jpg","ASG0005fpp",3,2,"G13","R2","10 opinions agree upon the species present","rhinoceros","1","1"
"http://zooniverse-static.s3.amazonaws.com/www.snapshotserengeti.org/subjects/standard/54cfd02887ee0404d5044c85_0.JPG","ASG001brdi",1,8,"G12","R1","10 opinions agree upon the species present","rhinoceros","1","1"
"http://www.snapshotserengeti.org/subjects/standard/50c213b48a607540b9030ecd_0.jpg","ASG0004aml",1,2,"D13","R3","10 opinions agree upon the species present","rhinoceros","1","1"
"http://www.snapshotserengeti.org/subjects/standard/50dc77f9a2fc8e378901fb4a_0.jpg","ASG000bkf3",1,4,"Q08","R1","10 opinions agree upon the species present","rhinoceros","1","1"
"http://www.snapshotserengeti.org/subjects/standard/50dc77f9a2fc8e378901fb4a_1.jpg","ASG000bkf3",2,4,"Q08","R1","10 opinions agree upon the species present","rhinoceros","1","1"
"http://www.snapshotserengeti.org/subjects/standard/50dc77f9a2fc8e378901fb4a_2.jpg","ASG000bkf3",3,4,"Q08","R1","10 opinions agree upon the species present","rhinoceros","1","1"
