"url","Subject ID","Frame","Season","Site","Roll","Decision Type","Crowd Determination"
"http://www.snapshotserengeti.org/subjects/standard/50c213748a607540b902e0c6_0.jpg","ASG00041ja",1,2,"D03","R2","10 opinions agree upon the species present","aardwolf"
"http://www.snapshotserengeti.org/subjects/standard/50c213748a607540b902e0c6_1.jpg","ASG00041ja",2,2,"D03","R2","10 opinions agree upon the species present","aardwolf"
"http://www.snapshotserengeti.org/subjects/standard/50c213748a607540b902e0c6_2.jpg","ASG00041ja",3,2,"D03","R2","10 opinions agree upon the species present","aardwolf"
"http://zooniverse-static.s3.amazonaws.com/www.snapshotserengeti.org/subjects/standard/54cfc9ce87ee0404d5013447_0.JPG","ASG0018m0o",1,8,"D03","R2","10 opinions agree upon the species present","aardwolf"
"http://www.snapshotserengeti.org/subjects/standard/5331ddb01bccd304b606d5d7_0.JPG","ASG0012ije",1,7,"T12","R2","10 opinions agree upon the species present","aardwolf"
"http://zooniverse-static.s3.amazonaws.com/www.snapshotserengeti.org/subjects/standard/54cfd06287ee0404d504692b_0.JPG","ASG00192x0",1,8,"H02","R3","10 opinions agree upon the species present","aardwolf"
"http://zooniverse-static.s3.amazonaws.com/www.snapshotserengeti.org/subjects/standard/54cfcbcb87ee0404d502241f_0.JPG","ASG0018jmp",1,8,"E06","R3","10 opinions agree upon the species present","aardwolf"
"http://www.snapshotserengeti.org/subjects/standard/50c210508a607540b9003501_0.jpg","ASG0000agx",1,1,"N10","R1","10 opinions agree upon the species present","aardwolf"
"http://www.snapshotserengeti.org/subjects/standard/50c210508a607540b9003501_1.jpg","ASG0000agx",2,1,"N10","R1","10 opinions agree upon the species present","aardwolf"
"http://www.snapshotserengeti.org/subjects/standard/50c210508a607540b9003501_2.jpg","ASG0000agx",3,1,"N10","R1","10 opinions agree upon the species present","aardwolf"
"http://www.snapshotserengeti.org/subjects/standard/50c211fe8a607540b9019b96_0.jpg","ASG00029au",1,1,"R11","R2","10 opinions agree upon the species present","aardwolf"
"http://www.snapshotserengeti.org/subjects/standard/50c211fe8a607540b9019b96_1.jpg","ASG00029au",2,1,"R11","R2","10 opinions agree upon the species present","aardwolf"
"http://www.snapshotserengeti.org/subjects/standard/50c211fe8a607540b9019b96_2.jpg","ASG00029au",3,1,"R11","R2","10 opinions agree upon the species present","aardwolf"
"http://www.snapshotserengeti.org/subjects/standard/51a3035ae18f49172b0751bd_0.jpg","ASG000ohpi",1,5,"E03","R3","10 opinions agree upon the species present","aardwolf"
"http://www.snapshotserengeti.org/subjects/standard/5331e2ac1bccd304b608dccb_0.JPG","ASG00184ar",1,7,"P12","R3","10 opinions agree upon the species present","aardwolf"
"http://www.snapshotserengeti.org/subjects/standard/51a3c345e18f49172b1e293c_0.jpg","ASG000tqsp",1,5,"U09","R2","10 opinions agree upon the species present","aardwolf"
"http://zooniverse-static.s3.amazonaws.com/www.snapshotserengeti.org/subjects/standard/54cfd40f87ee0404d5063df5_0.JPG","ASG0019a6m",1,8,"K06","R2","10 opinions agree upon the species present","aardwolf"
"http://www.snapshotserengeti.org/subjects/standard/50c215478a607540b9044ce3_0.jpg","ASG00061gj",1,2,"J03","R1","10 opinions agree upon the species present","aardwolf"
"http://www.snapshotserengeti.org/subjects/standard/50c215478a607540b9044ce3_1.jpg","ASG00061gj",2,2,"J03","R1","10 opinions agree upon the species present","aardwolf"
"http://www.snapshotserengeti.org/subjects/standard/50c215478a607540b9044ce3_2.jpg","ASG00061gj",3,2,"J03","R1","10 opinions agree upon the species present","aardwolf"
"http://www.snapshotserengeti.org/subjects/standard/50c211198a607540b900db1b_0.jpg","ASG00017a3",1,1,"I02","R1","10 opinions agree upon the species present","aardwolf"
"http://www.snapshotserengeti.org/subjects/standard/50c211198a607540b900db1b_1.jpg","ASG00017a3",2,1,"I02","R1","10 opinions agree upon the species present","aardwolf"
"http://www.snapshotserengeti.org/subjects/standard/50c211198a607540b900db1b_2.jpg","ASG00017a3",3,1,"I02","R1","10 opinions agree upon the species present","aardwolf"
"http://www.snapshotserengeti.org/subjects/standard/50dc9124a2fc8e3789064b65_0.jpg","ASG000cla6",1,4,"U09","R2","10 opinions agree upon the species present","aardwolf"
"http://www.snapshotserengeti.org/subjects/standard/50c216ab8a607540b905492a_0.jpg","ASG0007fai",1,2,"K13","R1","10 opinions agree upon the species present","aardwolf"
"http://www.snapshotserengeti.org/subjects/standard/50c216ab8a607540b905492a_1.jpg","ASG0007fai",2,2,"K13","R1","10 opinions agree upon the species present","aardwolf"
"http://www.snapshotserengeti.org/subjects/standard/50c216ab8a607540b905492a_2.jpg","ASG0007fai",3,2,"K13","R1","10 opinions agree upon the species present","aardwolf"
"http://zooniverse-static.s3.amazonaws.com/www.snapshotserengeti.org/subjects/standard/56a6451941479b004200a5dd_0.JPG","ASG001h5gv",1,9,"Q13","3","","aardwolf"
"http://www.snapshotserengeti.org/subjects/standard/50c211e58a607540b901874d_0.jpg","ASG00025al",1,1,"Q07","R1","10 opinions agree upon the species present","aardwolf"
"http://www.snapshotserengeti.org/subjects/standard/50c211e58a607540b901874d_1.jpg","ASG00025al",2,1,"Q07","R1","10 opinions agree upon the species present","aardwolf"
"http://www.snapshotserengeti.org/subjects/standard/50c211e58a607540b901874d_2.jpg","ASG00025al",3,1,"Q07","R1","10 opinions agree upon the species present","aardwolf"
"http://zooniverse-static.s3.amazonaws.com/www.snapshotserengeti.org/subjects/standard/56a6488741479b004200dbb9_0.JPG","ASG001igfp",1,9,"E06","3","","aardwolf"
"http://www.snapshotserengeti.org/subjects/standard/51a3bb8fe18f49172b1d3ca6_0.jpg","ASG000tjll",1,5,"T12","R1","10 opinions agree upon the species present","aardwolf"
"http://www.snapshotserengeti.org/subjects/standard/51e8bfc3e0053a09c303755d_0.jpg","ASG000yr97",1,6,"E03","R2","10 opinions agree upon the species present","aardwolf"
"http://www.snapshotserengeti.org/subjects/standard/51e8bfc7e0053a09c30375e2_0.jpg","ASG000yr9s",1,6,"E03","R2","10 opinions agree upon the species present","aardwolf"
"http://www.snapshotserengeti.org/subjects/standard/50dc940ea2fc8e3789072830_0.jpg","ASG000cryh",1,4,"O06","R2","10 opinions agree upon the species present","aardwolf"
"http://zooniverse-static.s3.amazonaws.com/www.snapshotserengeti.org/subjects/standard/54cfda3987ee0404d5094475_0.JPG","ASG0018wya",1,8,"P03","R3","10 opinions agree upon the species present","aardwolf"
"http://www.snapshotserengeti.org/subjects/standard/50c216928a607540b9053678_0.jpg","ASG0007blk",1,2,"K06","R2","10 opinions agree upon the species present","aardwolf"
"http://www.snapshotserengeti.org/subjects/standard/50c216928a607540b9053678_1.jpg","ASG0007blk",2,2,"K06","R2","10 opinions agree upon the species present","aardwolf"
"http://www.snapshotserengeti.org/subjects/standard/50c216928a607540b9053678_2.jpg","ASG0007blk",3,2,"K06","R2","10 opinions agree upon the species present","aardwolf"
"http://zooniverse-static.s3.amazonaws.com/www.snapshotserengeti.org/subjects/standard/56a68f3941479b0042057cfd_0.JPG","ASG001h7cl",1,9,"R08","3","","aardwolf"
"http://zooniverse-static.s3.amazonaws.com/www.snapshotserengeti.org/subjects/standard/56a6948641479b004205d6bd_0.JPG","ASG001gt6t",1,9,"K06","3","","aardwolf"
"http://zooniverse-static.s3.amazonaws.com/www.snapshotserengeti.org/subjects/standard/56a6948641479b004205d6bb_0.JPG","ASG001gt6l",1,9,"K06","3","","aardwolf"
"http://zooniverse-static.s3.amazonaws.com/www.snapshotserengeti.org/subjects/standard/54cfd41687ee0404d5064149_0.JPG","ASG0019a91",1,8,"K07","R2","10 opinions agree upon the species present","aardwolf"
"http://zooniverse-static.s3.amazonaws.com/www.snapshotserengeti.org/subjects/standard/54cfd42087ee0404d50646b9_0.JPG","ASG0019a9x",1,8,"K07","R2","10 opinions agree upon the species present","aardwolf"
"http://www.snapshotserengeti.org/subjects/standard/50c211b28a607540b9015b9d_0.jpg","ASG0001wnx",1,1,"N04","R1","10 opinions agree upon the species present","aardwolf"
"http://www.snapshotserengeti.org/subjects/standard/50c211b28a607540b9015b9d_1.jpg","ASG0001wnx",2,1,"N04","R1","10 opinions agree upon the species present","aardwolf"
"http://www.snapshotserengeti.org/subjects/standard/50c211b28a607540b9015b9d_2.jpg","ASG0001wnx",3,1,"N04","R1","10 opinions agree upon the species present","aardwolf"
"http://www.snapshotserengeti.org/subjects/standard/51a35cb3e18f49172b11f900_0.jpg","ASG000r0ac",1,5,"L04","R1","10 opinions agree upon the species present","aardwolf"
"http://www.snapshotserengeti.org/subjects/standard/50c215ea8a607540b904bf9e_0.jpg","ASG0006o4e",1,2,"R09","R3","10 opinions agree upon the species present","aardwolf"
"http://www.snapshotserengeti.org/subjects/standard/51a2c8bee18f49172b0055ad_0.jpg","ASG000n20g",1,5,"B06","R1","Most common opinion from 25 opinions","aardwolf"
"http://zooniverse-static.s3.amazonaws.com/www.snapshotserengeti.org/subjects/standard/56a6ab5e41479b0042075cd5_0.JPG","ASG001lqu6",1,9,"C07","3","","aardwolf"
"http://www.snapshotserengeti.org/subjects/standard/5331d8ae1bccd304b604bc63_0.JPG","ASG0013yvn",1,7,"C07","R1","Most common opinion from 25 opinions","aardwolf"
"http://www.snapshotserengeti.org/subjects/standard/5331de051bccd304b606f94d_0.JPG","ASG0012f1e",1,7,"U09","R1","10 opinions agree upon the species present","aardwolf"
"http://www.snapshotserengeti.org/subjects/standard/50dc9c7ba2fc8e3789094b18_0.jpg","ASG000d9lj",1,4,"F02","R1","10 opinions agree upon the species present","aardwolf"
"http://www.snapshotserengeti.org/subjects/standard/51a35a28e18f49172b11ab29_0.jpg","ASG000qxq4",1,5,"K12","R2","10 opinions agree upon the species present","aardwolf"
"http://www.snapshotserengeti.org/subjects/standard/5331d0ad1bccd304b6018307_0.JPG","ASG0016904",1,7,"E03","R2","10 opinions agree upon the species present","aardwolf"
"http://www.snapshotserengeti.org/subjects/standard/50c214648a607540b9039e33_0.jpg","ASG00052yb",1,2,"G02","R2","10 opinions agree upon the species present","aardwolf"
"http://www.snapshotserengeti.org/subjects/standard/50c214648a607540b9039e33_1.jpg","ASG00052yb",2,2,"G02","R2","10 opinions agree upon the species present","aardwolf"
"http://www.snapshotserengeti.org/subjects/standard/50c214648a607540b9039e33_2.jpg","ASG00052yb",3,2,"G02","R2","10 opinions agree upon the species present","aardwolf"
"http://zooniverse-static.s3.amazonaws.com/www.snapshotserengeti.org/subjects/standard/54cfd41687ee0404d50641af_0.JPG","ASG001as0j",1,8,"K07","R2","10 opinions agree upon the species present","aardwolf"
"http://zooniverse-static.s3.amazonaws.com/www.snapshotserengeti.org/subjects/standard/54cfcb3f87ee0404d501e555_0.JPG","ASG00190vs",1,8,"E03","R1","10 opinions agree upon the species present","aardwolf"
"http://zooniverse-static.s3.amazonaws.com/www.snapshotserengeti.org/subjects/standard/56a69dfb41479b0042067869_0.JPG","ASG001livs",1,9,"R12","1","","aardwolf"
"http://www.snapshotserengeti.org/subjects/standard/5331d0bc1bccd304b601893d_0.JPG","ASG00168dq",1,7,"E03","R3","10 opinions agree upon the species present","aardwolf"
"http://www.snapshotserengeti.org/subjects/standard/5331d0bc1bccd304b6018943_0.JPG","ASG00168ds",1,7,"E03","R3","10 opinions agree upon the species present","aardwolf"
"http://www.snapshotserengeti.org/subjects/standard/5331d0bc1bccd304b601892f_0.JPG","ASG00168da",1,7,"E03","R3","10 opinions agree upon the species present","aardwolf"
"http://zooniverse-static.s3.amazonaws.com/www.snapshotserengeti.org/subjects/standard/54cfd47087ee0404d5066e53_0.JPG","ASG0019ln3",1,8,"K09","R2","10 opinions agree upon the species present","aardwolf"
"http://zooniverse-static.s3.amazonaws.com/www.snapshotserengeti.org/subjects/standard/5582dea5c4af4e00420035af_0.JPG","ASG001gg86",1,0,"E01","R11","10 opinions agree upon the species present","aardwolf"
"http://zooniverse-static.s3.amazonaws.com/www.snapshotserengeti.org/subjects/standard/54cfc97a87ee0404d5010963_0.JPG","ASG0018mna",1,8,"C11","R2","10 opinions agree upon the species present","aardwolf"
"http://www.snapshotserengeti.org/subjects/standard/50c213bb8a607540b9031611_0.jpg","ASG0004c29",1,2,"E02","R3","10 opinions agree upon the species present","aardwolf"
"http://www.snapshotserengeti.org/subjects/standard/50c213bb8a607540b9031611_1.jpg","ASG0004c29",2,2,"E02","R3","10 opinions agree upon the species present","aardwolf"
"http://www.snapshotserengeti.org/subjects/standard/50c213bb8a607540b9031611_2.jpg","ASG0004c29",3,2,"E02","R3","10 opinions agree upon the species present","aardwolf"
"http://www.snapshotserengeti.org/subjects/standard/50c2164b8a607540b9050580_0.jpg","ASG00071xc",1,2,"T12","R2","10 opinions agree upon the species present","aardwolf"
"http://www.snapshotserengeti.org/subjects/standard/50c2164b8a607540b9050580_1.jpg","ASG00071xc",2,2,"T12","R2","10 opinions agree upon the species present","aardwolf"
"http://www.snapshotserengeti.org/subjects/standard/50c2164b8a607540b9050580_2.jpg","ASG00071xc",3,2,"T12","R2","10 opinions agree upon the species present","aardwolf"
"http://zooniverse-static.s3.amazonaws.com/www.snapshotserengeti.org/subjects/standard/56a6d64b41479b00420a2d99_0.JPG","ASG001npzq",1,9,"B06","1","","aardwolf"
"http://zooniverse-static.s3.amazonaws.com/www.snapshotserengeti.org/subjects/standard/54cfda4287ee0404d5094907_0.JPG","ASG0018wzb",1,8,"P03","R3","10 opinions agree upon the species present","aardwolf"
"http://zooniverse-static.s3.amazonaws.com/www.snapshotserengeti.org/subjects/standard/54cfda4487ee0404d5094987_0.JPG","ASG0018wzh",1,8,"P03","R3","10 opinions agree upon the species present","aardwolf"
"http://zooniverse-static.s3.amazonaws.com/www.snapshotserengeti.org/subjects/standard/54cfda4287ee0404d5094909_0.JPG","ASG0018wz7",1,8,"P03","R3","10 opinions agree upon the species present","aardwolf"
"http://www.snapshotserengeti.org/subjects/standard/50c215448a607540b9044a23_0.jpg","ASG00060wz",1,2,"J03","R1","Most common opinion from 25 opinions","aardwolf"
"http://www.snapshotserengeti.org/subjects/standard/50c215448a607540b9044a23_1.jpg","ASG00060wz",2,2,"J03","R1","Most common opinion from 25 opinions","aardwolf"
"http://www.snapshotserengeti.org/subjects/standard/50c215448a607540b9044a23_2.jpg","ASG00060wz",3,2,"J03","R1","Most common opinion from 25 opinions","aardwolf"
"http://www.snapshotserengeti.org/subjects/standard/50c210758a607540b9005385_0.jpg","ASG0000ghx",1,1,"R10","R1","10 opinions agree upon the species present","aardwolf"
"http://www.snapshotserengeti.org/subjects/standard/50c210758a607540b9005385_1.jpg","ASG0000ghx",2,1,"R10","R1","10 opinions agree upon the species present","aardwolf"
"http://www.snapshotserengeti.org/subjects/standard/50c210758a607540b9005385_2.jpg","ASG0000ghx",3,1,"R10","R1","10 opinions agree upon the species present","aardwolf"
"http://zooniverse-static.s3.amazonaws.com/www.snapshotserengeti.org/subjects/standard/54cfce0a87ee0404d5034161_0.JPG","ASG0019h36",1,8,"F04","R2","10 opinions agree upon the species present","aardwolf"
"http://www.snapshotserengeti.org/subjects/standard/50c217df8a607540b906336f_0.jpg","ASG0008pkf",1,3,"P08","R11","10 opinions agree upon the species present","aardwolf"
"http://www.snapshotserengeti.org/subjects/standard/50c217df8a607540b906336f_1.jpg","ASG0008pkf",2,3,"P08","R11","10 opinions agree upon the species present","aardwolf"
"http://www.snapshotserengeti.org/subjects/standard/50c217df8a607540b906336f_2.jpg","ASG0008pkf",3,3,"P08","R11","10 opinions agree upon the species present","aardwolf"
"http://www.snapshotserengeti.org/subjects/standard/50c211028a607540b900c7e1_0.jpg","ASG00013hd",1,1,"H09","R1","10 opinions agree upon the species present","aardwolf"
"http://www.snapshotserengeti.org/subjects/standard/50c211028a607540b900c7e1_1.jpg","ASG00013hd",2,1,"H09","R1","10 opinions agree upon the species present","aardwolf"
"http://www.snapshotserengeti.org/subjects/standard/50c211028a607540b900c7e1_2.jpg","ASG00013hd",3,1,"H09","R1","10 opinions agree upon the species present","aardwolf"
"http://zooniverse-static.s3.amazonaws.com/www.snapshotserengeti.org/subjects/standard/54cfcbda87ee0404d5022a81_0.JPG","ASG0018jm4",1,8,"E06","R3","10 opinions agree upon the species present","aardwolf"
"http://zooniverse-static.s3.amazonaws.com/www.snapshotserengeti.org/subjects/standard/54cfcbcd87ee0404d50224ed_0.JPG","ASG0018jmq",1,8,"E06","R3","10 opinions agree upon the species present","aardwolf"
"http://zooniverse-static.s3.amazonaws.com/www.snapshotserengeti.org/subjects/standard/54cfcbcd87ee0404d50224ef_0.JPG","ASG0018jmo",1,8,"E06","R3","10 opinions agree upon the species present","aardwolf"
"http://www.snapshotserengeti.org/subjects/standard/5331d9631bccd304b60509d3_0.JPG","ASG0013r78",1,7,"C11","R3","10 opinions agree upon the species present","aardwolf"
"http://zooniverse-static.s3.amazonaws.com/www.snapshotserengeti.org/subjects/standard/54cfd61587ee0404d5073e29_0.JPG","ASG0018pt7",1,8,"L09","R3","Most common opinion from 25 opinions","aardwolf"
"http://www.snapshotserengeti.org/subjects/standard/50c2161c8a607540b904e457_0.jpg","ASG0006vdj",1,2,"M04","R1","10 opinions agree upon the species present","aardwolf"
"http://zooniverse-static.s3.amazonaws.com/www.snapshotserengeti.org/subjects/standard/54cfdab687ee0404d5098275_0.JPG","ASG0018x9w",1,8,"P08","R2","Most common opinion from 25 opinions","aardwolf"
"http://www.snapshotserengeti.org/subjects/standard/50c211e38a607540b901859f_0.jpg","ASG00024yn",1,1,"P07","R1","10 opinions agree upon the species present","aardwolf"
"http://www.snapshotserengeti.org/subjects/standard/50c211e38a607540b901859f_1.jpg","ASG00024yn",2,1,"P07","R1","10 opinions agree upon the species present","aardwolf"
"http://www.snapshotserengeti.org/subjects/standard/50c211e38a607540b901859f_2.jpg","ASG00024yn",3,1,"P07","R1","10 opinions agree upon the species present","aardwolf"
"http://zooniverse-static.s3.amazonaws.com/www.snapshotserengeti.org/subjects/standard/54cfd51a87ee0404d506c237_0.JPG","ASG0019ntk",1,8,"K13","R3","10 opinions agree upon the species present","aardwolf"
"http://www.snapshotserengeti.org/subjects/standard/51a3a3c3e18f49172b1a6ad4_0.jpg","ASG000sx8o",1,5,"Q11","R2","10 opinions agree upon the species present","aardwolf"
"http://zooniverse-static.s3.amazonaws.com/www.snapshotserengeti.org/subjects/standard/56a68c8041479b0042054f1d_0.JPG","ASG001hbvs",1,9,"K06","3","","aardwolf"
"http://www.snapshotserengeti.org/subjects/standard/51e916fbe0053a09c30d7ae3_0.jpg","ASG00112nt",1,6,"P13","R1","10 opinions agree upon the species present","aardwolf"
"http://www.snapshotserengeti.org/subjects/standard/50c211e68a607540b90187c4_0.jpg","ASG00025dw",1,1,"Q08","R1","Most common opinion from 25 opinions","aardwolf"
"http://www.snapshotserengeti.org/subjects/standard/50c211e68a607540b90187c4_1.jpg","ASG00025dw",2,1,"Q08","R1","Most common opinion from 25 opinions","aardwolf"
"http://www.snapshotserengeti.org/subjects/standard/50c211e68a607540b90187c4_2.jpg","ASG00025dw",3,1,"Q08","R1","Most common opinion from 25 opinions","aardwolf"
"http://www.snapshotserengeti.org/subjects/standard/50c2107a8a607540b9005766_0.jpg","ASG0000h9i",1,1,"S13","R1","10 opinions agree upon the species present","aardwolf"
"http://www.snapshotserengeti.org/subjects/standard/50c2107a8a607540b9005766_1.jpg","ASG0000h9i",2,1,"S13","R1","10 opinions agree upon the species present","aardwolf"
"http://www.snapshotserengeti.org/subjects/standard/50c2107a8a607540b9005766_2.jpg","ASG0000h9i",3,1,"S13","R1","10 opinions agree upon the species present","aardwolf"
"http://www.snapshotserengeti.org/subjects/standard/50c2107a8a607540b9005767_0.jpg","ASG0000h9j",1,1,"S13","R1","10 opinions agree upon the species present","aardwolf"
"http://www.snapshotserengeti.org/subjects/standard/50c2107a8a607540b9005767_1.jpg","ASG0000h9j",2,1,"S13","R1","10 opinions agree upon the species present","aardwolf"
"http://www.snapshotserengeti.org/subjects/standard/50c2107a8a607540b9005767_2.jpg","ASG0000h9j",3,1,"S13","R1","10 opinions agree upon the species present","aardwolf"
"http://www.snapshotserengeti.org/subjects/standard/51a38c2fe18f49172b179afd_0.jpg","ASG000s9vz",1,5,"O09","R3","Most common opinion from 25 opinions","aardwolf"
"http://www.snapshotserengeti.org/subjects/standard/50c213768a607540b902e22f_0.jpg","ASG00041tb",1,2,"D03","R2","10 opinions agree upon the species present","aardwolf"
"http://www.snapshotserengeti.org/subjects/standard/50c213768a607540b902e22f_1.jpg","ASG00041tb",2,2,"D03","R2","10 opinions agree upon the species present","aardwolf"
"http://www.snapshotserengeti.org/subjects/standard/50c213768a607540b902e22f_2.jpg","ASG00041tb",3,2,"D03","R2","10 opinions agree upon the species present","aardwolf"
"http://www.snapshotserengeti.org/subjects/standard/51a2eb07e18f49172b0469cd_0.jpg","ASG000nsp8",1,5,"D03","R3","10 opinions agree upon the species present","aardwolf"
"http://zooniverse-static.s3.amazonaws.com/www.snapshotserengeti.org/subjects/standard/54cfcb5087ee0404d501ed43_0.JPG","ASG0018kec",1,8,"E03","R2","10 opinions agree upon the species present","aardwolf"
"http://zooniverse-static.s3.amazonaws.com/www.snapshotserengeti.org/subjects/standard/54cfcb5087ee0404d501ed3d_0.JPG","ASG0018ked",1,8,"E03","R2","10 opinions agree upon the species present","aardwolf"
"http://zooniverse-static.s3.amazonaws.com/www.snapshotserengeti.org/subjects/standard/54cfdcb787ee0404d50a7ff5_0.JPG","ASG0019ecx",1,8,"S08","R2","10 opinions agree upon the species present","aardwolf"
"http://zooniverse-static.s3.amazonaws.com/www.snapshotserengeti.org/subjects/standard/54cfc91b87ee0404d500dc7f_0.JPG","ASG00190nk",1,8,"C07","R3","10 opinions agree upon the species present","aardwolf"
"http://zooniverse-static.s3.amazonaws.com/www.snapshotserengeti.org/subjects/standard/56a6c7e641479b0042093951_0.JPG","ASG001n1uv",1,9,"C07","1","","aardwolf"
"http://www.snapshotserengeti.org/subjects/standard/50dc97fea2fc8e378908b8e0_0.jpg","ASG000d54h",1,4,"D06","R2","10 opinions agree upon the species present","aardwolf"
"http://www.snapshotserengeti.org/subjects/standard/50c216398a607540b904f819_0.jpg","ASG0006za1",1,2,"N05","R3","10 opinions agree upon the species present","aardwolf"
"http://zooniverse-static.s3.amazonaws.com/www.snapshotserengeti.org/subjects/standard/54cfd06187ee0404d5046883_0.JPG","ASG00192wu",1,8,"H02","R3","10 opinions agree upon the species present","aardwolf"
"http://zooniverse-static.s3.amazonaws.com/www.snapshotserengeti.org/subjects/standard/54cfd06087ee0404d5046833_0.JPG","ASG00192wk",1,8,"H02","R3","10 opinions agree upon the species present","aardwolf"
"http://www.snapshotserengeti.org/subjects/standard/51e8c00ae0053a09c3037dc2_0.jpg","ASG000yrjk",1,6,"E03","R2","10 opinions agree upon the species present","aardwolf"
"http://www.snapshotserengeti.org/subjects/standard/50c218a98a607540b906ccf4_0.jpg","ASG0009jw4",1,3,"G02","R11","10 opinions agree upon the species present","aardwolf"
"http://zooniverse-static.s3.amazonaws.com/www.snapshotserengeti.org/subjects/standard/56a6976a41479b004206087f_0.JPG","ASG001gogm",1,9,"N10","1","","aardwolf"
"http://www.snapshotserengeti.org/subjects/standard/50c216498a607540b90503b2_0.jpg","ASG00071ki",1,2,"T12","R1","Most common opinion from 25 opinions","aardwolf"
"http://www.snapshotserengeti.org/subjects/standard/50c216498a607540b90503b5_0.jpg","ASG00071kl",1,2,"T12","R1","Most common opinion from 25 opinions","aardwolf"
"http://www.snapshotserengeti.org/subjects/standard/50c2159b8a607540b90488dc_0.jpg","ASG0006db0",1,2,"O12","R2","10 opinions agree upon the species present","aardwolf"
"http://www.snapshotserengeti.org/subjects/standard/50c2159b8a607540b90488dc_1.jpg","ASG0006db0",2,2,"O12","R2","10 opinions agree upon the species present","aardwolf"
"http://www.snapshotserengeti.org/subjects/standard/50c2159b8a607540b90488dc_2.jpg","ASG0006db0",3,2,"O12","R2","10 opinions agree upon the species present","aardwolf"
"http://www.snapshotserengeti.org/subjects/standard/50dcd2c1a2fc8e37890ee25d_0.jpg","ASG000eix3",1,4,"L10","R1","Most common opinion from 25 opinions","aardwolf"
"http://zooniverse-static.s3.amazonaws.com/www.snapshotserengeti.org/subjects/standard/54cfdcd687ee0404d50a8ea5_0.JPG","ASG0019egj",1,8,"S08","R3","10 opinions agree upon the species present","aardwolf"
"http://www.snapshotserengeti.org/subjects/standard/50c216498a607540b9050359_0.jpg","ASG00071i1",1,2,"T12","R1","10 opinions agree upon the species present","aardwolf"
"http://www.snapshotserengeti.org/subjects/standard/51a3a524e18f49172b1a93e1_0.jpg","ASG000syj0",1,5,"Q11","R4","Most common opinion from 25 opinions","aardwolf"
"http://www.snapshotserengeti.org/subjects/standard/51e8e7b6e0053a09c3080ff9_0.jpg","ASG000ztm8",1,6,"J05","R1","10 opinions agree upon the species present","aardwolf"
"http://www.snapshotserengeti.org/subjects/standard/5331d0ba1bccd304b6018803_0.JPG","ASG00168hd",1,7,"E03","R3","10 opinions agree upon the species present","aardwolf"
"http://zooniverse-static.s3.amazonaws.com/www.snapshotserengeti.org/subjects/standard/54cfd72887ee0404d507c8c7_0.JPG","ASG0018rez",1,8,"M05","R2","10 opinions agree upon the species present","aardwolf"
"http://zooniverse-static.s3.amazonaws.com/www.snapshotserengeti.org/subjects/standard/54cfda3e87ee0404d5094709_0.JPG","ASG0018wyk",1,8,"P03","R3","10 opinions agree upon the species present","aardwolf"
"http://www.snapshotserengeti.org/subjects/standard/5331de0a1bccd304b606fbd9_0.JPG","ASG0012esv",1,7,"U09","R3","10 opinions agree upon the species present","aardwolf"
"http://zooniverse-static.s3.amazonaws.com/www.snapshotserengeti.org/subjects/standard/54cfc8c287ee0404d500b11b_0.JPG","ASG0018zbj",1,8,"C04","R3","10 opinions agree upon the species present","aardwolf"
"http://zooniverse-static.s3.amazonaws.com/www.snapshotserengeti.org/subjects/standard/56a64dfa41479b0042013359_0.JPG","ASG001klik",1,9,"D08","3","","aardwolf"
"http://www.snapshotserengeti.org/subjects/standard/50c215468a607540b9044bd2_0.jpg","ASG000618y",1,2,"J03","R1","10 opinions agree upon the species present","aardwolf"
"http://www.snapshotserengeti.org/subjects/standard/50c215468a607540b9044bd2_1.jpg","ASG000618y",2,2,"J03","R1","10 opinions agree upon the species present","aardwolf"
"http://www.snapshotserengeti.org/subjects/standard/50c215468a607540b9044bd2_2.jpg","ASG000618y",3,2,"J03","R1","10 opinions agree upon the species present","aardwolf"
"http://www.snapshotserengeti.org/subjects/standard/50c212788a607540b902071e_0.jpg","ASG0002uji",1,1,"D04","R6","10 opinions agree upon the species present","aardwolf"
"http://www.snapshotserengeti.org/subjects/standard/50c212788a607540b902071e_1.jpg","ASG0002uji",2,1,"D04","R6","10 opinions agree upon the species present","aardwolf"
"http://www.snapshotserengeti.org/subjects/standard/50c212788a607540b902071e_2.jpg","ASG0002uji",3,1,"D04","R6","10 opinions agree upon the species present","aardwolf"
"http://www.snapshotserengeti.org/subjects/standard/50c215b48a607540b9049867_0.jpg","ASG0006gdj",1,2,"P09","R3","10 opinions agree upon the species present","aardwolf"
"http://www.snapshotserengeti.org/subjects/standard/50dc909ba2fc8e3789062a83_0.jpg","ASG000ckdq",1,4,"C13","R1","10 opinions agree upon the species present","aardwolf"
"http://www.snapshotserengeti.org/subjects/standard/5331d98d1bccd304b6051b37_0.JPG","ASG0013pie",1,7,"C13","R3","10 opinions agree upon the species present","aardwolf"
"http://zooniverse-static.s3.amazonaws.com/www.snapshotserengeti.org/subjects/standard/56a6443e41479b00420097fb_0.JPG","ASG001ijlw",1,9,"E06","1","","aardwolf"
"http://www.snapshotserengeti.org/subjects/standard/51a380c5e18f49172b163f5d_0.jpg","ASG000rz0v",1,5,"N11","R3","10 opinions agree upon the species present","aardwolf"
"http://www.snapshotserengeti.org/subjects/standard/50c211fc8a607540b9019a28_0.jpg","ASG000290o",1,1,"R10","R2","10 opinions agree upon the species present","aardwolf"
"http://www.snapshotserengeti.org/subjects/standard/50c211fc8a607540b9019a28_1.jpg","ASG000290o",2,1,"R10","R2","10 opinions agree upon the species present","aardwolf"
"http://www.snapshotserengeti.org/subjects/standard/50c211fc8a607540b9019a28_2.jpg","ASG000290o",3,1,"R10","R2","10 opinions agree upon the species present","aardwolf"
"http://www.snapshotserengeti.org/subjects/standard/5331d8361bccd304b60489b9_0.JPG","ASG00143uy",1,7,"O12","R3","10 opinions agree upon the species present","aardwolf"
"http://www.snapshotserengeti.org/subjects/standard/50c210408a607540b90025da_0.jpg","ASG00007h6",1,1,"H06","R1","Most common opinion from 25 opinions","aardwolf"
"http://zooniverse-static.s3.amazonaws.com/www.snapshotserengeti.org/subjects/standard/54cfcca487ee0404d5028b6b_0.JPG","ASG0018jfp",1,8,"E10","R3","10 opinions agree upon the species present","aardwolf"
"http://www.snapshotserengeti.org/subjects/standard/50c2159d8a607540b9048a44_0.jpg","ASG0006dl0",1,2,"O12","R2","10 opinions agree upon the species present","aardwolf"
"http://www.snapshotserengeti.org/subjects/standard/50c2159d8a607540b9048a44_1.jpg","ASG0006dl0",2,2,"O12","R2","10 opinions agree upon the species present","aardwolf"
"http://www.snapshotserengeti.org/subjects/standard/50c2159d8a607540b9048a44_2.jpg","ASG0006dl0",3,2,"O12","R2","10 opinions agree upon the species present","aardwolf"
"http://www.snapshotserengeti.org/subjects/standard/50c2107a8a607540b900578f_0.jpg","ASG0000han",1,1,"S13","R1","10 opinions agree upon the species present","aardwolf"
"http://www.snapshotserengeti.org/subjects/standard/50c2107a8a607540b900578f_1.jpg","ASG0000han",2,1,"S13","R1","10 opinions agree upon the species present","aardwolf"
"http://www.snapshotserengeti.org/subjects/standard/50c2107a8a607540b900578f_2.jpg","ASG0000han",3,1,"S13","R1","10 opinions agree upon the species present","aardwolf"
"http://www.snapshotserengeti.org/subjects/standard/51a3c704e18f49172b1e9bc4_0.jpg","ASG000tufn",1,5,"U12","R3","10 opinions agree upon the species present","aardwolf"
"http://www.snapshotserengeti.org/subjects/standard/51a35ccae18f49172b11fbb2_0.jpg","ASG000r0di",1,5,"L04","R1","10 opinions agree upon the species present","aardwolf"
"http://www.snapshotserengeti.org/subjects/standard/51a35ccde18f49172b11fc09_0.jpg","ASG000r0dz",1,5,"L04","R1","10 opinions agree upon the species present","aardwolf"
"http://zooniverse-static.s3.amazonaws.com/www.snapshotserengeti.org/subjects/standard/54cfd06587ee0404d5046ad3_0.JPG","ASG00192y3",1,8,"H02","R3","10 opinions agree upon the species present","aardwolf"
"http://www.snapshotserengeti.org/subjects/standard/51a3a3aae18f49172b1a67e1_0.jpg","ASG000sx5f",1,5,"Q11","R2","10 opinions agree upon the species present","aardwolf"
"http://www.snapshotserengeti.org/subjects/standard/5331d0bc1bccd304b6018901_0.JPG","ASG00168ek",1,7,"E03","R3","10 opinions agree upon the species present","aardwolf"
"http://zooniverse-static.s3.amazonaws.com/www.snapshotserengeti.org/subjects/standard/56a6453941479b004200a88f_0.JPG","ASG001h4mb",1,9,"C07","1","10 opinions agree upon the species present","aardwolf"
"http://www.snapshotserengeti.org/subjects/standard/50c214cc8a607540b903f581_0.jpg","ASG0005k75",1,2,"H04","R3","10 opinions agree upon the species present","aardwolf"
"http://www.snapshotserengeti.org/subjects/standard/50c214cc8a607540b903f581_1.jpg","ASG0005k75",2,2,"H04","R3","10 opinions agree upon the species present","aardwolf"
"http://www.snapshotserengeti.org/subjects/standard/50c214cc8a607540b903f581_2.jpg","ASG0005k75",3,2,"H04","R3","10 opinions agree upon the species present","aardwolf"
"http://www.snapshotserengeti.org/subjects/standard/50c2157f8a607540b90474cc_0.jpg","ASG00069cc",1,2,"O07","R3","10 opinions agree upon the species present","aardwolf"
"http://www.snapshotserengeti.org/subjects/standard/51e8befbe0053a09c3035e47_0.jpg","ASG000yqgl",1,6,"E02","R2","10 opinions agree upon the species present","aardwolf"
"http://www.snapshotserengeti.org/subjects/standard/50dc762fa2fc8e37890129c1_0.jpg","ASG000bdrw",1,4,"Q11","R2","10 opinions agree upon the species present","aardwolf"
"http://www.snapshotserengeti.org/subjects/standard/51e8bfb6e0053a09c30373e8_0.jpg","ASG000yr7g",1,6,"E03","R2","10 opinions agree upon the species present","aardwolf"
"http://zooniverse-static.s3.amazonaws.com/www.snapshotserengeti.org/subjects/standard/54cfdd0e87ee0404d50aaa7d_0.JPG","ASG0019ey0",1,8,"T08","R2","10 opinions agree upon the species present","aardwolf"
"http://www.snapshotserengeti.org/subjects/standard/51a35ce5e18f49172b11feea_0.jpg","ASG000r0h8",1,5,"L04","R1","10 opinions agree upon the species present","aardwolf"
"http://www.snapshotserengeti.org/subjects/standard/50c211728a607540b90125fd_0.jpg","ASG0001m2l",1,1,"L04","R1","10 opinions agree upon the species present","aardwolf"
"http://www.snapshotserengeti.org/subjects/standard/50c211728a607540b90125fd_1.jpg","ASG0001m2l",2,1,"L04","R1","10 opinions agree upon the species present","aardwolf"
"http://www.snapshotserengeti.org/subjects/standard/50c211728a607540b90125fd_2.jpg","ASG0001m2l",3,1,"L04","R1","10 opinions agree upon the species present","aardwolf"
"http://zooniverse-static.s3.amazonaws.com/www.snapshotserengeti.org/subjects/standard/56a6e12b41479b00420ae1d3_0.JPG","ASG001o7rc",1,9,"B10","2","","aardwolf"
"http://www.snapshotserengeti.org/subjects/standard/50c215b48a607540b904981d_0.jpg","ASG0006gbh",1,2,"P09","R!","10 opinions agree upon the species present","aardwolf"
"http://www.snapshotserengeti.org/subjects/standard/50c215828a607540b90475b0_0.jpg","ASG00069io",1,2,"O06","R1","10 opinions agree upon the species present","aardwolf"
"http://www.snapshotserengeti.org/subjects/standard/51a2e761e18f49172b03fa3d_0.jpg","ASG000np4s",1,5,"C13","R2","10 opinions agree upon the species present","aardwolf"
"http://zooniverse-static.s3.amazonaws.com/www.snapshotserengeti.org/subjects/standard/54cfcbbc87ee0404d5021da5_0.JPG","ASG0018jnn",1,8,"E06","R3","10 opinions agree upon the species present","aardwolf"
"http://www.snapshotserengeti.org/subjects/standard/51a3a3eee18f49172b1a6ff1_0.jpg","ASG000sxei",1,5,"Q11","R3","10 opinions agree upon the species present","aardwolf"
"http://www.snapshotserengeti.org/subjects/standard/51e8bfa0e0053a09c303714a_0.jpg","ASG000yr3g",1,6,"E03","R2","10 opinions agree upon the species present","aardwolf"
"http://www.snapshotserengeti.org/subjects/standard/50c211198a607540b900daef_0.jpg","ASG000178v",1,1,"I02","R1","Most common opinion from 25 opinions","aardwolf"
"http://www.snapshotserengeti.org/subjects/standard/50c211198a607540b900daef_1.jpg","ASG000178v",2,1,"I02","R1","Most common opinion from 25 opinions","aardwolf"
"http://www.snapshotserengeti.org/subjects/standard/50c211198a607540b900daef_2.jpg","ASG000178v",3,1,"I02","R1","Most common opinion from 25 opinions","aardwolf"
"http://zooniverse-static.s3.amazonaws.com/www.snapshotserengeti.org/subjects/standard/56a6b34041479b004207e17b_0.JPG","ASG001m3wo",1,9,"M06","4","","aardwolf"
"http://www.snapshotserengeti.org/subjects/standard/51e8c037e0053a09c30382c8_0.jpg","ASG000yrpy",1,6,"E04","R1","10 opinions agree upon the species present","aardwolf"
"http://www.snapshotserengeti.org/subjects/standard/5331d8cc1bccd304b604c9d1_0.JPG","ASG0013xkk",1,7,"C07","R2","10 opinions agree upon the species present","aardwolf"
"http://www.snapshotserengeti.org/subjects/standard/50c2163e8a607540b904fbdc_0.jpg","ASG000700s",1,2,"N09","R3","10 opinions agree upon the species present","aardwolf"
"http://zooniverse-static.s3.amazonaws.com/www.snapshotserengeti.org/subjects/standard/56a693d141479b004205cb7f_0.JPG","ASG001guaf",1,9,"C04","2","","aardwolf"
"http://www.snapshotserengeti.org/subjects/standard/5331d0ad1bccd304b6018311_0.JPG","ASG001691j",1,7,"E03","R2","10 opinions agree upon the species present","aardwolf"
"http://www.snapshotserengeti.org/subjects/standard/50c213428a607540b902b4ed_0.jpg","ASG0003svh",1,2,"C10","R2","Most common opinion from 25 opinions","aardwolf"
"http://www.snapshotserengeti.org/subjects/standard/50c213428a607540b902b4ed_1.jpg","ASG0003svh",2,2,"C10","R2","Most common opinion from 25 opinions","aardwolf"
"http://www.snapshotserengeti.org/subjects/standard/50c213428a607540b902b4ed_2.jpg","ASG0003svh",3,2,"C10","R2","Most common opinion from 25 opinions","aardwolf"
"http://www.snapshotserengeti.org/subjects/standard/50c216988a607540b9053ace_0.jpg","ASG0007cge",1,2,"K06","R1","10 opinions agree upon the species present","aardwolf"
"http://www.snapshotserengeti.org/subjects/standard/50c216988a607540b9053ace_1.jpg","ASG0007cge",2,2,"K06","R1","10 opinions agree upon the species present","aardwolf"
"http://www.snapshotserengeti.org/subjects/standard/50c216988a607540b9053ace_2.jpg","ASG0007cge",3,2,"K06","R1","10 opinions agree upon the species present","aardwolf"
"http://www.snapshotserengeti.org/subjects/standard/50c215b48a607540b9049803_0.jpg","ASG0006gar",1,2,"P09","R!","10 opinions agree upon the species present","aardwolf"
"http://zooniverse-static.s3.amazonaws.com/www.snapshotserengeti.org/subjects/standard/54cfd90c87ee0404d508b8b3_0.JPG","ASG0018uxk",1,8,"N10","R3","10 opinions agree upon the species present","aardwolf"
"http://www.snapshotserengeti.org/subjects/standard/5331d9901bccd304b6051ca9_0.JPG","ASG0013pdg",1,7,"C13","R3","10 opinions agree upon the species present","aardwolf"
"http://zooniverse-static.s3.amazonaws.com/www.snapshotserengeti.org/subjects/standard/54cfd03287ee0404d504514f_0.JPG","ASG001926v",1,8,"G13","R3","Most common opinion from 25 opinions","aardwolf"
"http://www.snapshotserengeti.org/subjects/standard/50c215478a607540b9044c97_0.jpg","ASG00061ef",1,2,"J03","R1","10 opinions agree upon the species present","aardwolf"
"http://www.snapshotserengeti.org/subjects/standard/50c215478a607540b9044c97_1.jpg","ASG00061ef",2,2,"J03","R1","10 opinions agree upon the species present","aardwolf"
"http://www.snapshotserengeti.org/subjects/standard/50c215478a607540b9044c97_2.jpg","ASG00061ef",3,2,"J03","R1","10 opinions agree upon the species present","aardwolf"
"http://www.snapshotserengeti.org/subjects/standard/50c211e48a607540b901867f_0.jpg","ASG000254v",1,1,"P08","R1","Most common opinion from 25 opinions","aardwolf"
"http://www.snapshotserengeti.org/subjects/standard/50c211e48a607540b901867f_1.jpg","ASG000254v",2,1,"P08","R1","Most common opinion from 25 opinions","aardwolf"
"http://www.snapshotserengeti.org/subjects/standard/50c211e48a607540b901867f_2.jpg","ASG000254v",3,1,"P08","R1","Most common opinion from 25 opinions","aardwolf"
"http://www.snapshotserengeti.org/subjects/standard/50c211e48a607540b9018680_0.jpg","ASG000254w",1,1,"P08","R1","Most common opinion from 25 opinions","aardwolf"
"http://www.snapshotserengeti.org/subjects/standard/50c211e48a607540b9018680_1.jpg","ASG000254w",2,1,"P08","R1","Most common opinion from 25 opinions","aardwolf"
"http://www.snapshotserengeti.org/subjects/standard/50c211e48a607540b9018680_2.jpg","ASG000254w",3,1,"P08","R1","Most common opinion from 25 opinions","aardwolf"
"http://www.snapshotserengeti.org/subjects/standard/50dca009a2fc8e37890aa58d_0.jpg","ASG000dl28",1,4,"K12","R2","Most common opinion from 25 opinions","aardwolf"
"http://www.snapshotserengeti.org/subjects/standard/50dca009a2fc8e37890aa58d_1.jpg","ASG000dl28",2,4,"K12","R2","Most common opinion from 25 opinions","aardwolf"
"http://www.snapshotserengeti.org/subjects/standard/50dca009a2fc8e37890aa58d_2.jpg","ASG000dl28",3,4,"K12","R2","Most common opinion from 25 opinions","aardwolf"
"http://www.snapshotserengeti.org/subjects/standard/50dca242a2fc8e37890b145e_0.jpg","ASG000do9d",1,4,"T12","R2","10 opinions agree upon the species present","aardwolf"
"http://www.snapshotserengeti.org/subjects/standard/50c2138e8a607540b902f460_0.jpg","ASG00045eo",1,2,"D05","R1","10 opinions agree upon the species present","aardwolf"
"http://www.snapshotserengeti.org/subjects/standard/50c2138e8a607540b902f460_1.jpg","ASG00045eo",2,2,"D05","R1","10 opinions agree upon the species present","aardwolf"
"http://www.snapshotserengeti.org/subjects/standard/50c2138e8a607540b902f460_2.jpg","ASG00045eo",3,2,"D05","R1","10 opinions agree upon the species present","aardwolf"
"http://www.snapshotserengeti.org/subjects/standard/50c2114a8a607540b901048b_0.jpg","ASG0001fgr",1,1,"K03","R1","10 opinions agree upon the species present","aardwolf"
"http://www.snapshotserengeti.org/subjects/standard/50c2114a8a607540b901048b_1.jpg","ASG0001fgr",2,1,"K03","R1","10 opinions agree upon the species present","aardwolf"
"http://www.snapshotserengeti.org/subjects/standard/50c2114a8a607540b901048b_2.jpg","ASG0001fgr",3,1,"K03","R1","10 opinions agree upon the species present","aardwolf"
"http://www.snapshotserengeti.org/subjects/standard/50c217558a607540b905c09e_0.jpg","ASG00082vy",1,3,"G11","R11","10 opinions agree upon the species present","aardwolf"
"http://www.snapshotserengeti.org/subjects/standard/50c2148a8a607540b903be8c_0.jpg","ASG00059cc",1,2,"G07","R3","10 opinions agree upon the species present","aardwolf"
"http://www.snapshotserengeti.org/subjects/standard/50dcb3cfa2fc8e37890d6f9b_0.jpg","ASG000e7b3",1,4,"C08","R1","10 opinions agree upon the species present","aardwolf"
"http://zooniverse-static.s3.amazonaws.com/www.snapshotserengeti.org/subjects/standard/54cfcdd487ee0404d5032617_0.JPG","ASG0019h6q",1,8,"F03","R2","Most common opinion from 25 opinions","aardwolf"
"http://zooniverse-static.s3.amazonaws.com/www.snapshotserengeti.org/subjects/standard/54cfdc9387ee0404d50a6d83_0.JPG","ASG0019e8p",1,8,"R10","R2","10 opinions agree upon the species present","aardwolf"
"http://www.snapshotserengeti.org/subjects/standard/50c2147e8a607540b903b390_0.jpg","ASG0005768",1,2,"G06","R2","Most common opinion from 25 opinions","aardwolf"
"http://www.snapshotserengeti.org/subjects/standard/50c2147e8a607540b903b390_1.jpg","ASG0005768",2,2,"G06","R2","Most common opinion from 25 opinions","aardwolf"
"http://www.snapshotserengeti.org/subjects/standard/50c2147e8a607540b903b390_2.jpg","ASG0005768",3,2,"G06","R2","Most common opinion from 25 opinions","aardwolf"
"http://www.snapshotserengeti.org/subjects/standard/50c2147e8a607540b903b371_0.jpg","ASG000575d",1,2,"G06","R2","10 opinions agree upon the species present","aardwolf"
"http://www.snapshotserengeti.org/subjects/standard/50c2147e8a607540b903b371_1.jpg","ASG000575d",2,2,"G06","R2","10 opinions agree upon the species present","aardwolf"
"http://www.snapshotserengeti.org/subjects/standard/50c2147e8a607540b903b371_2.jpg","ASG000575d",3,2,"G06","R2","10 opinions agree upon the species present","aardwolf"
"http://www.snapshotserengeti.org/subjects/standard/50c214f68a607540b90414b0_0.jpg","ASG0005qcw",1,2,"H10","R1","10 opinions agree upon the species present","aardwolf"
"http://www.snapshotserengeti.org/subjects/standard/50c214f68a607540b90414b0_1.jpg","ASG0005qcw",2,2,"H10","R1","10 opinions agree upon the species present","aardwolf"
"http://www.snapshotserengeti.org/subjects/standard/50c214f68a607540b90414b0_2.jpg","ASG0005qcw",3,2,"H10","R1","10 opinions agree upon the species present","aardwolf"
"http://www.snapshotserengeti.org/subjects/standard/51a3a439e18f49172b1a78c1_0.jpg","ASG000sxq8",1,5,"Q11","R4","10 opinions agree upon the species present","aardwolf"
"http://www.snapshotserengeti.org/subjects/standard/51a3b833e18f49172b1cd626_0.jpg","ASG000tgdt",1,5,"T10","R4","10 opinions agree upon the species present","aardwolf"
"http://www.snapshotserengeti.org/subjects/standard/5331d0ac1bccd304b6018253_0.JPG","ASG001692e",1,7,"E03","R2","10 opinions agree upon the species present","aardwolf"
"http://zooniverse-static.s3.amazonaws.com/www.snapshotserengeti.org/subjects/standard/56a6b76141479b0042082497_0.JPG","ASG001mall",1,9,"F09","2","","aardwolf"
"http://www.snapshotserengeti.org/subjects/standard/50c213b08a607540b9030bb6_0.jpg","ASG0004a0m",1,2,"D12","R2","10 opinions agree upon the species present","aardwolf"
"http://www.snapshotserengeti.org/subjects/standard/50c213b08a607540b9030bb6_1.jpg","ASG0004a0m",2,2,"D12","R2","10 opinions agree upon the species present","aardwolf"
"http://www.snapshotserengeti.org/subjects/standard/50c213b08a607540b9030bb6_2.jpg","ASG0004a0m",3,2,"D12","R2","10 opinions agree upon the species present","aardwolf"
"http://www.snapshotserengeti.org/subjects/standard/51e8f4bde0053a09c30991f1_0.jpg","ASG00106h6",1,6,"L04","R1","10 opinions agree upon the species present","aardwolf"
"http://www.snapshotserengeti.org/subjects/standard/51e8f4bfe0053a09c309921d_0.jpg","ASG00106he",1,6,"L04","R1","10 opinions agree upon the species present","aardwolf"
"http://www.snapshotserengeti.org/subjects/standard/50dcb605a2fc8e37890e4b97_0.jpg","ASG000eebh",1,4,"E04","R1","10 opinions agree upon the species present","aardwolf"
"http://www.snapshotserengeti.org/subjects/standard/51a35ce0e18f49172b11fe4e_0.jpg","ASG000r0gi",1,5,"L04","R1","10 opinions agree upon the species present","aardwolf"
"http://www.snapshotserengeti.org/subjects/standard/51a3a3b1e18f49172b1a68b4_0.jpg","ASG000sx6c",1,5,"Q11","R2","10 opinions agree upon the species present","aardwolf"
"http://www.snapshotserengeti.org/subjects/standard/50c215ee8a607540b904c2f7_0.jpg","ASG0006os7",1,2,"S09","R2","10 opinions agree upon the species present","aardwolf"
"http://zooniverse-static.s3.amazonaws.com/www.snapshotserengeti.org/subjects/standard/54cfd48f87ee0404d5067d5b_0.JPG","ASG0019jeq",1,8,"K09","R3","Most common opinion from 25 opinions","aardwolf"
"http://www.snapshotserengeti.org/subjects/standard/51e921f5e0053a09c30ea212_0.jpg","ASG0011bmm",1,6,"R12","R2","10 opinions agree upon the species present","aardwolf"
"http://www.snapshotserengeti.org/subjects/standard/51e921f5e0053a09c30ea212_1.jpg","ASG0011bmm",2,6,"R12","R2","10 opinions agree upon the species present","aardwolf"
"http://www.snapshotserengeti.org/subjects/standard/51e921f5e0053a09c30ea212_2.jpg","ASG0011bmm",3,6,"R12","R2","10 opinions agree upon the species present","aardwolf"
"http://www.snapshotserengeti.org/subjects/standard/51a310f1e18f49172b08f1b1_0.jpg","ASG000ov0s",1,5,"E12","R2","10 opinions agree upon the species present","aardwolf"
"http://www.snapshotserengeti.org/subjects/standard/50dcd8d0a2fc8e3789110474_0.jpg","ASG000f0vg",1,4,"H06","R2","10 opinions agree upon the species present","aardwolf"
"http://www.snapshotserengeti.org/subjects/standard/51a3a60ce18f49172b1aae42_0.jpg","ASG000sze2",1,5,"Q12","R1","10 opinions agree upon the species present","aardwolf"
"http://www.snapshotserengeti.org/subjects/standard/50c2114c8a607540b90105a8_0.jpg","ASG0001foo",1,1,"K03","R1","Most common opinion from 25 opinions","aardwolf"
"http://www.snapshotserengeti.org/subjects/standard/50c2114c8a607540b90105a8_1.jpg","ASG0001foo",2,1,"K03","R1","Most common opinion from 25 opinions","aardwolf"
"http://www.snapshotserengeti.org/subjects/standard/50c2114c8a607540b90105a8_2.jpg","ASG0001foo",3,1,"K03","R1","Most common opinion from 25 opinions","aardwolf"
"http://www.snapshotserengeti.org/subjects/standard/50dc8924a2fc8e378904379e_0.jpg","ASG000c2dc",1,4,"D05","R2","10 opinions agree upon the species present","aardwolf"
"http://www.snapshotserengeti.org/subjects/standard/5331d8d51bccd304b604cded_0.JPG","ASG0013x5a",1,7,"C07","R3","10 opinions agree upon the species present","aardwolf"
"http://www.snapshotserengeti.org/subjects/standard/5331d0bb1bccd304b60188b7_0.JPG","ASG00168fo",1,7,"E03","R3","10 opinions agree upon the species present","aardwolf"
"http://www.snapshotserengeti.org/subjects/standard/50c215bd8a607540b9049ef8_0.jpg","ASG0006ho8",1,2,"Q07","R2","10 opinions agree upon the species present","aardwolf"
"http://zooniverse-static.s3.amazonaws.com/www.snapshotserengeti.org/subjects/standard/54cfcb5087ee0404d501ed41_0.JPG","ASG0018kdm",1,8,"E03","R2","10 opinions agree upon the species present","aardwolf"
"http://zooniverse-static.s3.amazonaws.com/www.snapshotserengeti.org/subjects/standard/54cfd47287ee0404d5066f3f_0.JPG","ASG0019ll0",1,8,"K09","R2","10 opinions agree upon the species present","aardwolf"
"http://zooniverse-static.s3.amazonaws.com/www.snapshotserengeti.org/subjects/standard/56a68b3b41479b0042053995_0.JPG","ASG001hdzl",1,9,"H02","1","","aardwolf"
"http://zooniverse-static.s3.amazonaws.com/www.snapshotserengeti.org/subjects/standard/56a6e5f341479b00420b2ddf_0.JPG","ASG001ofa9",1,9,"N06","3","","aardwolf"
"http://www.snapshotserengeti.org/subjects/standard/50c210778a607540b90054ba_0.jpg","ASG0000gqi",1,1,"R11","R1","10 opinions agree upon the species present","aardwolf"
"http://www.snapshotserengeti.org/subjects/standard/50c210778a607540b90054ba_1.jpg","ASG0000gqi",2,1,"R11","R1","10 opinions agree upon the species present","aardwolf"
"http://www.snapshotserengeti.org/subjects/standard/50c210778a607540b90054ba_2.jpg","ASG0000gqi",3,1,"R11","R1","10 opinions agree upon the species present","aardwolf"
"http://www.snapshotserengeti.org/subjects/standard/50c217df8a607540b90633b9_0.jpg","ASG0008pmh",1,3,"P09","R11","10 opinions agree upon the species present","aardwolf"
"http://www.snapshotserengeti.org/subjects/standard/50dc9cd8a2fc8e3789096fcb_0.jpg","ASG000dapi",1,4,"P12","R2","10 opinions agree upon the species present","aardwolf"
"http://www.snapshotserengeti.org/subjects/standard/50dc9cd8a2fc8e3789096fcb_1.jpg","ASG000dapi",2,4,"P12","R2","10 opinions agree upon the species present","aardwolf"
"http://www.snapshotserengeti.org/subjects/standard/50dc9cd8a2fc8e3789096fcb_2.jpg","ASG000dapi",3,4,"P12","R2","10 opinions agree upon the species present","aardwolf"
"http://www.snapshotserengeti.org/subjects/standard/50c214dc8a607540b90400e9_0.jpg","ASG0005mg9",1,2,"H06","R3","10 opinions agree upon the species present","aardwolf"
"http://www.snapshotserengeti.org/subjects/standard/51e8acd0e0053a09c30146c4_0.jpg","ASG000y9sr",1,6,"C07","R2","10 opinions agree upon the species present","aardwolf"
"http://www.snapshotserengeti.org/subjects/standard/50c213788a607540b902e289_0.jpg","ASG00041vt",1,2,"D03","R3","Most common opinion from 25 opinions","aardwolf"
"http://www.snapshotserengeti.org/subjects/standard/50c213788a607540b902e289_1.jpg","ASG00041vt",2,2,"D03","R3","Most common opinion from 25 opinions","aardwolf"
"http://www.snapshotserengeti.org/subjects/standard/50c213788a607540b902e289_2.jpg","ASG00041vt",3,2,"D03","R3","Most common opinion from 25 opinions","aardwolf"
"http://www.snapshotserengeti.org/subjects/standard/51a3b290e18f49172b1c2a31_0.jpg","ASG000tawz",1,5,"S08","R2","10 opinions agree upon the species present","aardwolf"
"http://www.snapshotserengeti.org/subjects/standard/51a3a59be18f49172b1aa176_0.jpg","ASG000syyc",1,5,"Q11","R4","10 opinions agree upon the species present","aardwolf"
"http://www.snapshotserengeti.org/subjects/standard/5331d0ae1bccd304b601835d_0.JPG","ASG00168y1",1,7,"E03","R2","10 opinions agree upon the species present","aardwolf"
"http://zooniverse-static.s3.amazonaws.com/www.snapshotserengeti.org/subjects/standard/56a63e2d41479b0042002ef5_0.JPG","ASG001ho8e",1,9,"C07","1","","aardwolf"
"http://zooniverse-static.s3.amazonaws.com/www.snapshotserengeti.org/subjects/standard/54cfd48d87ee0404d5067c5f_0.JPG","ASG0019jie",1,8,"K09","R3","10 opinions agree upon the species present","aardwolf"
"http://www.snapshotserengeti.org/subjects/standard/50c211bf8a607540b9016745_0.jpg","ASG0001yyt",1,1,"N06","R1","10 opinions agree upon the species present","aardwolf"
"http://www.snapshotserengeti.org/subjects/standard/50c211bf8a607540b9016745_1.jpg","ASG0001yyt",2,1,"N06","R1","10 opinions agree upon the species present","aardwolf"
"http://www.snapshotserengeti.org/subjects/standard/50c211bf8a607540b9016745_2.jpg","ASG0001yyt",3,1,"N06","R1","10 opinions agree upon the species present","aardwolf"
"http://www.snapshotserengeti.org/subjects/standard/50c2143e8a607540b903809f_0.jpg","ASG0004x3z",1,2,"F10","R1","Most common opinion from 25 opinions","aardwolf"
"http://www.snapshotserengeti.org/subjects/standard/50c2143e8a607540b903809f_1.jpg","ASG0004x3z",2,2,"F10","R1","Most common opinion from 25 opinions","aardwolf"
"http://www.snapshotserengeti.org/subjects/standard/50c2143e8a607540b903809f_2.jpg","ASG0004x3z",3,2,"F10","R1","Most common opinion from 25 opinions","aardwolf"
"http://www.snapshotserengeti.org/subjects/standard/51a3b6d9e18f49172b1cac9a_0.jpg","ASG000tf0s",1,5,"T09","R3","10 opinions agree upon the species present","aardwolf"
"http://www.snapshotserengeti.org/subjects/standard/5331d5421bccd304b6035277_0.JPG","ASG0014yn8",1,7,"R13","R3","10 opinions agree upon the species present","aardwolf"
"http://www.snapshotserengeti.org/subjects/standard/50c2145d8a607540b903992b_0.jpg","ASG00051yj",1,2,"G02","R1","Most common opinion from 25 opinions","aardwolf"
"http://www.snapshotserengeti.org/subjects/standard/50c2145d8a607540b903992b_1.jpg","ASG00051yj",2,2,"G02","R1","Most common opinion from 25 opinions","aardwolf"
"http://www.snapshotserengeti.org/subjects/standard/50c2145d8a607540b903992b_2.jpg","ASG00051yj",3,2,"G02","R1","Most common opinion from 25 opinions","aardwolf"
"http://zooniverse-static.s3.amazonaws.com/www.snapshotserengeti.org/subjects/standard/54cfc9db87ee0404d5013b11_0.JPG","ASG0018lrf",1,8,"D05","R2","10 opinions agree upon the species present","aardwolf"
"http://zooniverse-static.s3.amazonaws.com/www.snapshotserengeti.org/subjects/standard/56a69ac941479b00420642ab_0.JPG","ASG001lo7g",1,9,"M06","3","","aardwolf"
"http://www.snapshotserengeti.org/subjects/standard/50c216418a607540b904fdd3_0.jpg","ASG00070er",1,2,"N11","R1","10 opinions agree upon the species present","aardwolf"
"http://www.snapshotserengeti.org/subjects/standard/50c216418a607540b904fdd3_1.jpg","ASG00070er",2,2,"N11","R1","10 opinions agree upon the species present","aardwolf"
"http://www.snapshotserengeti.org/subjects/standard/50c216418a607540b904fdd3_2.jpg","ASG00070er",3,2,"N11","R1","10 opinions agree upon the species present","aardwolf"
"http://zooniverse-static.s3.amazonaws.com/www.snapshotserengeti.org/subjects/standard/54cfc97887ee0404d50108a3_0.JPG","ASG0018mp3",1,8,"C11","R2","10 opinions agree upon the species present","aardwolf"
"http://www.snapshotserengeti.org/subjects/standard/50c2139c8a607540b902fdc9_0.jpg","ASG000479l",1,2,"D08","R1","10 opinions agree upon the species present","aardwolf"
"http://www.snapshotserengeti.org/subjects/standard/50c2139c8a607540b902fdc9_1.jpg","ASG000479l",2,2,"D08","R1","10 opinions agree upon the species present","aardwolf"
"http://www.snapshotserengeti.org/subjects/standard/50c2139c8a607540b902fdc9_2.jpg","ASG000479l",3,2,"D08","R1","10 opinions agree upon the species present","aardwolf"
"http://zooniverse-static.s3.amazonaws.com/www.snapshotserengeti.org/subjects/standard/56a6720341479b0042038ba3_0.JPG","ASG001iy78",1,9,"Q13","1","","aardwolf"
"http://www.snapshotserengeti.org/subjects/standard/51a3b9c8e18f49172b1d0638_0.jpg","ASG000thy3",1,5,"T11","R4","10 opinions agree upon the species present","aardwolf"
"http://www.snapshotserengeti.org/subjects/standard/50c217f58a607540b9064777_0.jpg","ASG0008tiv",1,3,"S09","R11","10 opinions agree upon the species present","aardwolf"
"http://www.snapshotserengeti.org/subjects/standard/51a3b7a7e18f49172b1cc53d_0.jpg","ASG000tfui",1,5,"T10","R3","Most common opinion from 25 opinions","aardwolf"
"http://www.snapshotserengeti.org/subjects/standard/51a3827de18f49172b1673a9_0.jpg","ASG000s0mr",1,5,"N13","R3","10 opinions agree upon the species present","aardwolf"
"http://zooniverse-static.s3.amazonaws.com/www.snapshotserengeti.org/subjects/standard/56a68b3a41479b004205391d_0.JPG","ASG001he10",1,9,"Q07","3","","aardwolf"
"http://zooniverse-static.s3.amazonaws.com/www.snapshotserengeti.org/subjects/standard/54cfd84187ee0404d5085485_0.JPG","ASG0018tsn",1,8,"N05","R2","Most common opinion from 25 opinions","aardwolf"
"http://www.snapshotserengeti.org/subjects/standard/51a35cb8e18f49172b11f995_0.jpg","ASG000r0b1",1,5,"L04","R1","10 opinions agree upon the species present","aardwolf"
"http://www.snapshotserengeti.org/subjects/standard/51a35cbce18f49172b11fa0d_0.jpg","ASG000r0bn",1,5,"L04","R1","10 opinions agree upon the species present","aardwolf"
"http://www.snapshotserengeti.org/subjects/standard/50c215478a607540b9044d03_0.jpg","ASG00061hf",1,2,"J03","R1","10 opinions agree upon the species present","aardwolf"
"http://www.snapshotserengeti.org/subjects/standard/50c215478a607540b9044d03_1.jpg","ASG00061hf",2,2,"J03","R1","10 opinions agree upon the species present","aardwolf"
"http://www.snapshotserengeti.org/subjects/standard/50c215478a607540b9044d03_2.jpg","ASG00061hf",3,2,"J03","R1","10 opinions agree upon the species present","aardwolf"
"http://zooniverse-static.s3.amazonaws.com/www.snapshotserengeti.org/subjects/standard/54cfd47087ee0404d5066e4f_0.JPG","ASG0019lwj",1,8,"K09","R2","10 opinions agree upon the species present","aardwolf"
"http://zooniverse-static.s3.amazonaws.com/www.snapshotserengeti.org/subjects/standard/54cfc98987ee0404d501110b_0.JPG","ASG0018mgz",1,8,"C11","R2","10 opinions agree upon the species present","aardwolf"
"http://www.snapshotserengeti.org/subjects/standard/50c215478a607540b9044cb0_0.jpg","ASG00061f4",1,2,"J03","R1","10 opinions agree upon the species present","aardwolf"
"http://www.snapshotserengeti.org/subjects/standard/50c215478a607540b9044cb0_1.jpg","ASG00061f4",2,2,"J03","R1","10 opinions agree upon the species present","aardwolf"
"http://www.snapshotserengeti.org/subjects/standard/50c215478a607540b9044cb0_2.jpg","ASG00061f4",3,2,"J03","R1","10 opinions agree upon the species present","aardwolf"
"http://www.snapshotserengeti.org/subjects/standard/51e8b476e0053a09c302287c_0.jpg","ASG000ygy7",1,6,"D03","R2","10 opinions agree upon the species present","aardwolf"
"http://zooniverse-static.s3.amazonaws.com/www.snapshotserengeti.org/subjects/standard/54cfdd8087ee0404d50ae275_0.JPG","ASG0019fla",1,8,"U10","R3","10 opinions agree upon the species present","aardwolf"
"http://www.snapshotserengeti.org/subjects/standard/51a3a43fe18f49172b1a7992_0.jpg","ASG000sxr3",1,5,"Q11","R4","10 opinions agree upon the species present","aardwolf"
"http://zooniverse-static.s3.amazonaws.com/www.snapshotserengeti.org/subjects/standard/54cfcbc287ee0404d5022073_0.JPG","ASG0018jn6",1,8,"E06","R3","Most common opinion from 25 opinions","aardwolf"
"http://www.snapshotserengeti.org/subjects/standard/51a304bae18f49172b077b64_0.jpg","ASG000oj2r",1,5,"E04","R3","10 opinions agree upon the species present","aardwolf"
"http://www.snapshotserengeti.org/subjects/standard/50c215468a607540b9044bd5_0.jpg","ASG0006191",1,2,"J03","R1","10 opinions agree upon the species present","aardwolf"
"http://www.snapshotserengeti.org/subjects/standard/50c215468a607540b9044bd5_1.jpg","ASG0006191",2,2,"J03","R1","10 opinions agree upon the species present","aardwolf"
"http://www.snapshotserengeti.org/subjects/standard/50c215468a607540b9044bd5_2.jpg","ASG0006191",3,2,"J03","R1","10 opinions agree upon the species present","aardwolf"
"http://www.snapshotserengeti.org/subjects/standard/50c216938a607540b905371a_0.jpg","ASG0007bq2",1,2,"K06","R2","10 opinions agree upon the species present","aardwolf"
"http://www.snapshotserengeti.org/subjects/standard/50c216938a607540b905371a_1.jpg","ASG0007bq2",2,2,"K06","R2","10 opinions agree upon the species present","aardwolf"
"http://www.snapshotserengeti.org/subjects/standard/50c216938a607540b905371a_2.jpg","ASG0007bq2",3,2,"K06","R2","10 opinions agree upon the species present","aardwolf"
"http://zooniverse-static.s3.amazonaws.com/www.snapshotserengeti.org/subjects/standard/54cfdcf587ee0404d50a9dbf_0.JPG","ASG0019el0",1,8,"S10","R2","10 opinions agree upon the species present","aardwolf"
"http://www.snapshotserengeti.org/subjects/standard/5331d0161bccd304b6014827_0.JPG","ASG0016esw",1,7,"D12","R1","10 opinions agree upon the species present","aardwolf"
"http://www.snapshotserengeti.org/subjects/standard/50c217c08a607540b9061a6d_0.jpg","ASG0008kml",1,3,"M07","R11","Most common opinion from 25 opinions","aardwolf"
"http://zooniverse-static.s3.amazonaws.com/www.snapshotserengeti.org/subjects/standard/54cfd41687ee0404d5064137_0.JPG","ASG0019a8u",1,8,"K06","R3","Most common opinion from 25 opinions","aardwolf"
"http://zooniverse-static.s3.amazonaws.com/www.snapshotserengeti.org/subjects/standard/54cfd90287ee0404d508b445_0.JPG","ASG0018uwj",1,8,"N10","R2","10 opinions agree upon the species present","aardwolf"
"http://www.snapshotserengeti.org/subjects/standard/50c2135f8a607540b902cd7c_0.jpg","ASG0003xq4",1,2,"H07","R2","10 opinions agree upon the species present","aardwolf"
"http://www.snapshotserengeti.org/subjects/standard/50c2135f8a607540b902cd7c_1.jpg","ASG0003xq4",2,2,"H07","R2","10 opinions agree upon the species present","aardwolf"
"http://www.snapshotserengeti.org/subjects/standard/50c2135f8a607540b902cd7c_2.jpg","ASG0003xq4",3,2,"H07","R2","10 opinions agree upon the species present","aardwolf"
"http://www.snapshotserengeti.org/subjects/standard/50c214768a607540b903ac81_0.jpg","ASG00055s1",1,2,"G05","R1","10 opinions agree upon the species present","aardwolf"
"http://www.snapshotserengeti.org/subjects/standard/50c211678a607540b9011cf2_0.jpg","ASG0001kaa",1,1,"K12","R1","Most common opinion from 25 opinions","aardwolf"
"http://www.snapshotserengeti.org/subjects/standard/50c211678a607540b9011cf2_1.jpg","ASG0001kaa",2,1,"K12","R1","Most common opinion from 25 opinions","aardwolf"
"http://www.snapshotserengeti.org/subjects/standard/50c211678a607540b9011cf2_2.jpg","ASG0001kaa",3,1,"K12","R1","Most common opinion from 25 opinions","aardwolf"
"http://www.snapshotserengeti.org/subjects/standard/50c2145d8a607540b90398d7_0.jpg","ASG00051w7",1,2,"G02","R1","10 opinions agree upon the species present","aardwolf"
"http://www.snapshotserengeti.org/subjects/standard/50c2145d8a607540b90398d7_1.jpg","ASG00051w7",2,2,"G02","R1","10 opinions agree upon the species present","aardwolf"
"http://www.snapshotserengeti.org/subjects/standard/50c2145d8a607540b90398d7_2.jpg","ASG00051w7",3,2,"G02","R1","10 opinions agree upon the species present","aardwolf"
"http://www.snapshotserengeti.org/subjects/standard/5331d93a1bccd304b604f87d_0.JPG","ASG0013sw0",1,7,"C11","R1","10 opinions agree upon the species present","aardwolf"
"http://zooniverse-static.s3.amazonaws.com/www.snapshotserengeti.org/subjects/standard/56a6ccfe41479b0042098f4f_0.JPG","ASG001nadv",1,9,"E06","2","","aardwolf"
"http://www.snapshotserengeti.org/subjects/standard/5331db3b1bccd304b605cf4f_0.JPG","ASG00138mt",1,7,"J06","R1","10 opinions agree upon the species present","aardwolf"
"http://zooniverse-static.s3.amazonaws.com/www.snapshotserengeti.org/subjects/standard/54cfdd4e87ee0404d50aca37_0.JPG","ASG0019fb3",1,8,"T11","R2","10 opinions agree upon the species present","aardwolf"
"http://www.snapshotserengeti.org/subjects/standard/5331d4601bccd304b602f51b_0.JPG","ASG00157tz",1,7,"Q11","R2","10 opinions agree upon the species present","aardwolf"
"http://www.snapshotserengeti.org/subjects/standard/51a3a3dee18f49172b1a6e18_0.jpg","ASG000sxcg",1,5,"Q11","R3","10 opinions agree upon the species present","aardwolf"
"http://www.snapshotserengeti.org/subjects/standard/51a3a3dce18f49172b1a6de9_0.jpg","ASG000sxc7",1,5,"Q11","R3","Most common opinion from 25 opinions","aardwolf"
"http://www.snapshotserengeti.org/subjects/standard/51a3a3dce18f49172b1a6dd1_0.jpg","ASG000sxc1",1,5,"Q11","R3","10 opinions agree upon the species present","aardwolf"
"http://www.snapshotserengeti.org/subjects/standard/5331dada1bccd304b605a4c1_0.JPG","ASG0013by4",1,7,"G01","R3","10 opinions agree upon the species present","aardwolf"
"http://www.snapshotserengeti.org/subjects/standard/50c216268a607540b904e940_0.jpg","ASG0006wcg",1,2,"N04","R1","10 opinions agree upon the species present","aardwolf"
"http://www.snapshotserengeti.org/subjects/standard/50c216268a607540b904e940_1.jpg","ASG0006wcg",2,2,"N04","R1","10 opinions agree upon the species present","aardwolf"
"http://www.snapshotserengeti.org/subjects/standard/50c216268a607540b904e940_2.jpg","ASG0006wcg",3,2,"N04","R1","10 opinions agree upon the species present","aardwolf"
"http://zooniverse-static.s3.amazonaws.com/www.snapshotserengeti.org/subjects/standard/54cfd93387ee0404d508cb75_0.JPG","ASG0018v24",1,8,"O03","R3","10 opinions agree upon the species present","aardwolf"
"http://www.snapshotserengeti.org/subjects/standard/50c213528a607540b902c4bc_0.jpg","ASG0003vzw",1,2,"H07","R3","10 opinions agree upon the species present","aardwolf"
"http://www.snapshotserengeti.org/subjects/standard/50c213528a607540b902c4bc_1.jpg","ASG0003vzw",2,2,"H07","R3","10 opinions agree upon the species present","aardwolf"
"http://www.snapshotserengeti.org/subjects/standard/50c213528a607540b902c4bc_2.jpg","ASG0003vzw",3,2,"H07","R3","10 opinions agree upon the species present","aardwolf"
"http://www.snapshotserengeti.org/subjects/standard/50c211738a607540b90126b5_0.jpg","ASG0001m7p",1,1,"L04","R1","10 opinions agree upon the species present","aardwolf"
"http://www.snapshotserengeti.org/subjects/standard/50c211738a607540b90126b5_1.jpg","ASG0001m7p",2,1,"L04","R1","10 opinions agree upon the species present","aardwolf"
"http://www.snapshotserengeti.org/subjects/standard/50c211738a607540b90126b5_2.jpg","ASG0001m7p",3,1,"L04","R1","10 opinions agree upon the species present","aardwolf"
"http://zooniverse-static.s3.amazonaws.com/www.snapshotserengeti.org/subjects/standard/56a6b34041479b004207e17f_0.JPG","ASG001m3xn",1,9,"M06","4","","aardwolf"
"http://www.snapshotserengeti.org/subjects/standard/50c2120d8a607540b901a7ea_0.jpg","ASG0002bqi",1,1,"D12","R1","10 opinions agree upon the species present","aardwolf"
"http://www.snapshotserengeti.org/subjects/standard/50c2120d8a607540b901a7ea_1.jpg","ASG0002bqi",2,1,"D12","R1","10 opinions agree upon the species present","aardwolf"
"http://www.snapshotserengeti.org/subjects/standard/50c2120d8a607540b901a7ea_2.jpg","ASG0002bqi",3,1,"D12","R1","10 opinions agree upon the species present","aardwolf"
"http://zooniverse-static.s3.amazonaws.com/www.snapshotserengeti.org/subjects/standard/54cfd72387ee0404d507c63f_0.JPG","ASG0018re3",1,8,"M05","R2","10 opinions agree upon the species present","aardwolf"
"http://zooniverse-static.s3.amazonaws.com/www.snapshotserengeti.org/subjects/standard/56a656ce41479b004201c673_0.JPG","ASG001k6zb",1,9,"K06","1","","aardwolf"
"http://zooniverse-static.s3.amazonaws.com/www.snapshotserengeti.org/subjects/standard/54cfdd0987ee0404d50aa80f_0.JPG","ASG0019ev7",1,8,"T08","R2","10 opinions agree upon the species present","aardwolf"
"http://www.snapshotserengeti.org/subjects/standard/50c213498a607540b902bbcf_0.jpg","ASG0003u8f",1,2,"C11","R1","10 opinions agree upon the species present","aardwolf"
"http://www.snapshotserengeti.org/subjects/standard/50c213498a607540b902bbcf_1.jpg","ASG0003u8f",2,2,"C11","R1","10 opinions agree upon the species present","aardwolf"
"http://www.snapshotserengeti.org/subjects/standard/50c213498a607540b902bbcf_2.jpg","ASG0003u8f",3,2,"C11","R1","10 opinions agree upon the species present","aardwolf"
"http://www.snapshotserengeti.org/subjects/standard/50c2129b8a607540b9022c06_0.jpg","ASG00031ty",1,1,"F02","R3","10 opinions agree upon the species present","aardwolf"
"http://www.snapshotserengeti.org/subjects/standard/50c2129b8a607540b9022c06_1.jpg","ASG00031ty",2,1,"F02","R3","10 opinions agree upon the species present","aardwolf"
"http://www.snapshotserengeti.org/subjects/standard/50c2129b8a607540b9022c06_2.jpg","ASG00031ty",3,1,"F02","R3","10 opinions agree upon the species present","aardwolf"
"http://www.snapshotserengeti.org/subjects/standard/50c2126f8a607540b901ff7c_0.jpg","ASG0002t18",1,1,"D02","R1","10 opinions agree upon the species present","aardwolf"
"http://www.snapshotserengeti.org/subjects/standard/50c2126f8a607540b901ff7c_1.jpg","ASG0002t18",2,1,"D02","R1","10 opinions agree upon the species present","aardwolf"
"http://www.snapshotserengeti.org/subjects/standard/50c2126f8a607540b901ff7c_2.jpg","ASG0002t18",3,1,"D02","R1","10 opinions agree upon the species present","aardwolf"
"http://zooniverse-static.s3.amazonaws.com/www.snapshotserengeti.org/subjects/standard/56a6948641479b004205d6b5_0.JPG","ASG001gt6v",1,9,"K06","3","","aardwolf"
"http://www.snapshotserengeti.org/subjects/standard/50c217378a607540b905a759_0.jpg","ASG0007xw9",1,3,"D03","R11","10 opinions agree upon the species present","aardwolf"
"http://www.snapshotserengeti.org/subjects/standard/50c215e88a607540b904bdd1_0.jpg","ASG0006nrl",1,2,"R08","R2","10 opinions agree upon the species present","aardwolf"
"http://www.snapshotserengeti.org/subjects/standard/50c211738a607540b9012716_0.jpg","ASG0001mae",1,1,"L04","R1","10 opinions agree upon the species present","aardwolf"
"http://www.snapshotserengeti.org/subjects/standard/50c211738a607540b9012716_1.jpg","ASG0001mae",2,1,"L04","R1","10 opinions agree upon the species present","aardwolf"
"http://www.snapshotserengeti.org/subjects/standard/50c211738a607540b9012716_2.jpg","ASG0001mae",3,1,"L04","R1","10 opinions agree upon the species present","aardwolf"
"http://zooniverse-static.s3.amazonaws.com/www.snapshotserengeti.org/subjects/standard/54cfda7087ee0404d5095f69_0.JPG","ASG0018wbg",1,8,"P05","R4","10 opinions agree upon the species present","aardwolf"
"http://www.snapshotserengeti.org/subjects/standard/51a3a3fbe18f49172b1a717c_0.jpg","ASG000sxgj",1,5,"Q11","R3","Most common opinion from 25 opinions","aardwolf"
"http://www.snapshotserengeti.org/subjects/standard/5331d64c1bccd304b603bea3_0.JPG","ASG0014nyc",1,7,"H06","R2","10 opinions agree upon the species present","aardwolf"
"http://www.snapshotserengeti.org/subjects/standard/50c217c48a607540b9061dbc_0.jpg","ASG0008la4",1,3,"N05","R11","10 opinions agree upon the species present","aardwolf"
"http://www.snapshotserengeti.org/subjects/standard/5331d0bd1bccd304b60189a7_0.JPG","ASG00168cu",1,7,"E03","R3","10 opinions agree upon the species present","aardwolf"
"http://www.snapshotserengeti.org/subjects/standard/50c219b88a607540b9079465_0.jpg","ASG000anad",1,3,"O07","R12","10 opinions agree upon the species present","aardwolf"
"http://zooniverse-static.s3.amazonaws.com/www.snapshotserengeti.org/subjects/standard/54cfc98087ee0404d5010c63_0.JPG","ASG0018mkz",1,8,"C11","R2","10 opinions agree upon the species present","aardwolf"
"http://www.snapshotserengeti.org/subjects/standard/50c2164a8a607540b9050508_0.jpg","ASG00071u0",1,2,"T12","R2","10 opinions agree upon the species present","aardwolf"
"http://www.snapshotserengeti.org/subjects/standard/50c2164a8a607540b9050508_1.jpg","ASG00071u0",2,2,"T12","R2","10 opinions agree upon the species present","aardwolf"
"http://www.snapshotserengeti.org/subjects/standard/50c2164a8a607540b9050508_2.jpg","ASG00071u0",3,2,"T12","R2","10 opinions agree upon the species present","aardwolf"
"http://www.snapshotserengeti.org/subjects/standard/5331d0ae1bccd304b601835f_0.JPG","ASG00168xn",1,7,"E03","R2","10 opinions agree upon the species present","aardwolf"
"http://www.snapshotserengeti.org/subjects/standard/50c214db8a607540b903ffd3_0.jpg","ASG0005m8j",1,2,"H06","R2","10 opinions agree upon the species present","aardwolf"
"http://www.snapshotserengeti.org/subjects/standard/51e8b462e0053a09c302262e_0.jpg","ASG000ygut",1,6,"D03","R1","10 opinions agree upon the species present","aardwolf"
"http://www.snapshotserengeti.org/subjects/standard/51e916fde0053a09c30d7b0f_0.jpg","ASG00112o1",1,6,"P13","R1","10 opinions agree upon the species present","aardwolf"
"http://www.snapshotserengeti.org/subjects/standard/50c215858a607540b9047707_0.jpg","ASG00069s7",1,2,"O06","R2","10 opinions agree upon the species present","aardwolf"
"http://www.snapshotserengeti.org/subjects/standard/51a2eae6e18f49172b0465c5_0.jpg","ASG000nsjk",1,5,"D03","R2","10 opinions agree upon the species present","aardwolf"
"http://www.snapshotserengeti.org/subjects/standard/51a2eae4e18f49172b04659c_0.jpg","ASG000nsjb",1,5,"D03","R2","10 opinions agree upon the species present","aardwolf"
"http://www.snapshotserengeti.org/subjects/standard/50c214cc8a607540b903f5a9_0.jpg","ASG0005k89",1,2,"H04","R3","10 opinions agree upon the species present","aardwolf"
"http://www.snapshotserengeti.org/subjects/standard/50c214cc8a607540b903f5a9_1.jpg","ASG0005k89",2,2,"H04","R3","10 opinions agree upon the species present","aardwolf"
"http://www.snapshotserengeti.org/subjects/standard/50c214cc8a607540b903f5a9_2.jpg","ASG0005k89",3,2,"H04","R3","10 opinions agree upon the species present","aardwolf"
"http://www.snapshotserengeti.org/subjects/standard/50c2114c8a607540b90105bc_0.jpg","ASG0001fp8",1,1,"K03","R1","10 opinions agree upon the species present","aardwolf"
"http://www.snapshotserengeti.org/subjects/standard/50c2114c8a607540b90105bc_1.jpg","ASG0001fp8",2,1,"K03","R1","10 opinions agree upon the species present","aardwolf"
"http://www.snapshotserengeti.org/subjects/standard/50c2114c8a607540b90105bc_2.jpg","ASG0001fp8",3,1,"K03","R1","10 opinions agree upon the species present","aardwolf"
"http://zooniverse-static.s3.amazonaws.com/www.snapshotserengeti.org/subjects/standard/5582de5bc4af4e00420014a3_0.JPG","ASG001gd2p",1,0,"U10","R1","10 opinions agree upon the species present","aardwolf"
"http://www.snapshotserengeti.org/subjects/standard/5331d0ae1bccd304b6018353_0.JPG","ASG00168z3",1,7,"E03","R2","10 opinions agree upon the species present","aardwolf"
"http://www.snapshotserengeti.org/subjects/standard/50c215b48a607540b904984d_0.jpg","ASG0006gct",1,2,"P09","R3","10 opinions agree upon the species present","aardwolf"
"http://www.snapshotserengeti.org/subjects/standard/50c2159a8a607540b9048792_0.jpg","ASG0006d1u",1,2,"O12","R2","10 opinions agree upon the species present","aardwolf"
"http://www.snapshotserengeti.org/subjects/standard/50c2159a8a607540b9048792_1.jpg","ASG0006d1u",2,2,"O12","R2","10 opinions agree upon the species present","aardwolf"
"http://www.snapshotserengeti.org/subjects/standard/50c2159a8a607540b9048792_2.jpg","ASG0006d1u",3,2,"O12","R2","10 opinions agree upon the species present","aardwolf"
"http://www.snapshotserengeti.org/subjects/standard/51a318f9e18f49172b09e773_0.jpg","ASG000p32e",1,5,"F04","R3","10 opinions agree upon the species present","aardwolf"
"http://zooniverse-static.s3.amazonaws.com/www.snapshotserengeti.org/subjects/standard/54cfcdd287ee0404d50324c3_0.JPG","ASG0019h8k",1,8,"F03","R2","10 opinions agree upon the species present","aardwolf"
