"url","Subject ID","Frame","Season","Site","Roll","Decision Type","Crowd Determination"
"http://www.snapshotserengeti.org/subjects/standard/50c217168a607540b905912a_0.jpg","ASG0007tii",1,2,"M08","R4","10 opinions agree upon the species present","caracal"
"http://www.snapshotserengeti.org/subjects/standard/5331cf921bccd304b6011257_0.JPG","ASG0016k72",1,7,"D10","R3","10 opinions agree upon the species present","caracal"
"http://www.snapshotserengeti.org/subjects/standard/5331cf921bccd304b6011257_1.JPG","ASG0016k72",2,7,"D10","R3","10 opinions agree upon the species present","caracal"
"http://www.snapshotserengeti.org/subjects/standard/5331cf921bccd304b6011257_2.JPG","ASG0016k72",3,7,"D10","R3","10 opinions agree upon the species present","caracal"
"http://www.snapshotserengeti.org/subjects/standard/50c210d28a607540b9009f50_0.jpg","ASG0000vgw",1,1,"J13","R1","10 opinions agree upon the species present","caracal"
"http://www.snapshotserengeti.org/subjects/standard/50c210d28a607540b9009f50_1.jpg","ASG0000vgw",2,1,"J13","R1","10 opinions agree upon the species present","caracal"
"http://www.snapshotserengeti.org/subjects/standard/50c210d28a607540b9009f50_2.jpg","ASG0000vgw",3,1,"J13","R1","10 opinions agree upon the species present","caracal"
"http://www.snapshotserengeti.org/subjects/standard/50c211a98a607540b9015460_0.jpg","ASG0001v8g",1,1,"M09","R1","10 opinions agree upon the species present","caracal"
"http://www.snapshotserengeti.org/subjects/standard/50c211a98a607540b9015460_1.jpg","ASG0001v8g",2,1,"M09","R1","10 opinions agree upon the species present","caracal"
"http://www.snapshotserengeti.org/subjects/standard/50c211a98a607540b9015460_2.jpg","ASG0001v8g",3,1,"M09","R1","10 opinions agree upon the species present","caracal"
"http://www.snapshotserengeti.org/subjects/standard/51a3a3a5e18f49172b1a6748_0.jpg","ASG000sx4s",1,5,"Q11","R2","10 opinions agree upon the species present","caracal"
"http://www.snapshotserengeti.org/subjects/standard/51a3a3a5e18f49172b1a6748_1.jpg","ASG000sx4s",2,5,"Q11","R2","10 opinions agree upon the species present","caracal"
"http://www.snapshotserengeti.org/subjects/standard/51a3a3a5e18f49172b1a6748_2.jpg","ASG000sx4s",3,5,"Q11","R2","10 opinions agree upon the species present","caracal"
"http://www.snapshotserengeti.org/subjects/standard/5331dbdf1bccd304b6061437_0.JPG","ASG00131rx",1,7,"J09","R2","10 opinions agree upon the species present","caracal"
"http://www.snapshotserengeti.org/subjects/standard/5331dbdf1bccd304b6061433_0.JPG","ASG00131r6",1,7,"J09","R2","10 opinions agree upon the species present","caracal"
"http://www.snapshotserengeti.org/subjects/standard/50c2171a8a607540b90593a1_0.jpg","ASG0007u01",1,2,"M09","R3","10 opinions agree upon the species present","caracal"
"http://www.snapshotserengeti.org/subjects/standard/5331dc601bccd304b60648d7_0.JPG","ASG0012wjq",1,7,"N09","R1","10 opinions agree upon the species present","caracal"
"http://zooniverse-static.s3.amazonaws.com/www.snapshotserengeti.org/subjects/standard/5582df0cc4af4e00420061e3_0.JPG","ASG001g9qt",1,0,"L11","R1","10 opinions agree upon the species present","caracal"
"http://www.snapshotserengeti.org/subjects/standard/50c217d68a607540b9062cb7_0.jpg","ASG0008o8n",1,3,"O06","R11","10 opinions agree upon the species present","caracal"
"http://www.snapshotserengeti.org/subjects/standard/50c211e38a607540b9018593_0.jpg","ASG00024yb",1,1,"P07","R1","10 opinions agree upon the species present","caracal"
"http://www.snapshotserengeti.org/subjects/standard/50c211e38a607540b9018593_1.jpg","ASG00024yb",2,1,"P07","R1","10 opinions agree upon the species present","caracal"
"http://www.snapshotserengeti.org/subjects/standard/50c211e38a607540b9018593_2.jpg","ASG00024yb",3,1,"P07","R1","10 opinions agree upon the species present","caracal"
"http://zooniverse-static.s3.amazonaws.com/www.snapshotserengeti.org/subjects/standard/54cfc8f887ee0404d500cba5_0.JPG","ASG001cal4",1,8,"C07","R2","10 opinions agree upon the species present","caracal"
"http://www.snapshotserengeti.org/subjects/standard/50c2106c8a607540b9004c04_0.jpg","ASG0000f0k",1,1,"P10","R1","10 opinions agree upon the species present","caracal"
"http://www.snapshotserengeti.org/subjects/standard/50c2106c8a607540b9004c04_1.jpg","ASG0000f0k",2,1,"P10","R1","10 opinions agree upon the species present","caracal"
"http://www.snapshotserengeti.org/subjects/standard/50c2106c8a607540b9004c04_2.jpg","ASG0000f0k",3,1,"P10","R1","10 opinions agree upon the species present","caracal"
"http://www.snapshotserengeti.org/subjects/standard/50dc8ab6a2fc8e3789047d17_0.jpg","ASG000c4ea",1,4,"T13","R2","10 opinions agree upon the species present","caracal"
"http://www.snapshotserengeti.org/subjects/standard/50c211e58a607540b90186e3_0.jpg","ASG000257n",1,1,"P10","R2","10 opinions agree upon the species present","caracal"
"http://www.snapshotserengeti.org/subjects/standard/50c211e58a607540b90186e3_1.jpg","ASG000257n",2,1,"P10","R2","10 opinions agree upon the species present","caracal"
"http://www.snapshotserengeti.org/subjects/standard/50c211e58a607540b90186e3_2.jpg","ASG000257n",3,1,"P10","R2","10 opinions agree upon the species present","caracal"
"http://www.snapshotserengeti.org/subjects/standard/50c2107a8a607540b9005754_0.jpg","ASG0000h90",1,1,"S13","R1","10 opinions agree upon the species present","caracal"
"http://www.snapshotserengeti.org/subjects/standard/50c2107a8a607540b9005754_1.jpg","ASG0000h90",2,1,"S13","R1","10 opinions agree upon the species present","caracal"
"http://www.snapshotserengeti.org/subjects/standard/50c2107a8a607540b9005754_2.jpg","ASG0000h90",3,1,"S13","R1","10 opinions agree upon the species present","caracal"
"http://www.snapshotserengeti.org/subjects/standard/50c217188a607540b9059232_0.jpg","ASG0007tpu",1,2,"M08","R3","10 opinions agree upon the species present","caracal"
"http://www.snapshotserengeti.org/subjects/standard/50c215a28a607540b9048beb_0.jpg","ASG0006dwr",1,2,"P11","R1","10 opinions agree upon the species present","caracal"
"http://www.snapshotserengeti.org/subjects/standard/50c215a28a607540b9048beb_1.jpg","ASG0006dwr",2,2,"P11","R1","10 opinions agree upon the species present","caracal"
"http://www.snapshotserengeti.org/subjects/standard/50c215a28a607540b9048beb_2.jpg","ASG0006dwr",3,2,"P11","R1","10 opinions agree upon the species present","caracal"
"http://www.snapshotserengeti.org/subjects/standard/50dcd2c2a2fc8e37890ee2d6_0.jpg","ASG000eixu",1,4,"L10","R1","10 opinions agree upon the species present","caracal"
"http://www.snapshotserengeti.org/subjects/standard/50c217168a607540b905913e_0.jpg","ASG0007tj2",1,2,"M08","R4","10 opinions agree upon the species present","caracal"
"http://www.snapshotserengeti.org/subjects/standard/50c215a68a607540b9048e4a_0.jpg","ASG0006edm",1,2,"P10","R2","10 opinions agree upon the species present","caracal"
"http://www.snapshotserengeti.org/subjects/standard/50c216408a607540b904fd03_0.jpg","ASG000708z",1,2,"N10","R1","10 opinions agree upon the species present","caracal"
"http://www.snapshotserengeti.org/subjects/standard/50c216408a607540b904fd03_1.jpg","ASG000708z",2,2,"N10","R1","10 opinions agree upon the species present","caracal"
"http://www.snapshotserengeti.org/subjects/standard/50c216408a607540b904fd03_2.jpg","ASG000708z",3,2,"N10","R1","10 opinions agree upon the species present","caracal"
"http://www.snapshotserengeti.org/subjects/standard/51a345f9e18f49172b0f4308_0.jpg","ASG000qd4h",1,5,"I13","R2","10 opinions agree upon the species present","caracal"
"http://www.snapshotserengeti.org/subjects/standard/50c2163b8a607540b904f957_0.jpg","ASG0006ziv",1,2,"N08","R3","10 opinions agree upon the species present","caracal"
"http://www.snapshotserengeti.org/subjects/standard/50c211d78a607540b9017af7_0.jpg","ASG00022uv",1,1,"O07","R1","10 opinions agree upon the species present","caracal"
"http://www.snapshotserengeti.org/subjects/standard/50c211d78a607540b9017af7_1.jpg","ASG00022uv",2,1,"O07","R1","10 opinions agree upon the species present","caracal"
"http://www.snapshotserengeti.org/subjects/standard/50c211d78a607540b9017af7_2.jpg","ASG00022uv",3,1,"O07","R1","10 opinions agree upon the species present","caracal"
"http://www.snapshotserengeti.org/subjects/standard/50c2121a8a607540b901b244_0.jpg","ASG0002ds4",1,1,"J12","R1","10 opinions agree upon the species present","caracal"
"http://www.snapshotserengeti.org/subjects/standard/50c2121a8a607540b901b244_1.jpg","ASG0002ds4",2,1,"J12","R1","10 opinions agree upon the species present","caracal"
"http://www.snapshotserengeti.org/subjects/standard/50c2121a8a607540b901b244_2.jpg","ASG0002ds4",3,1,"J12","R1","10 opinions agree upon the species present","caracal"
"http://www.snapshotserengeti.org/subjects/standard/50c2121a8a607540b901b243_0.jpg","ASG0002ds3",1,1,"J12","R1","10 opinions agree upon the species present","caracal"
"http://www.snapshotserengeti.org/subjects/standard/50c2121a8a607540b901b243_1.jpg","ASG0002ds3",2,1,"J12","R1","10 opinions agree upon the species present","caracal"
"http://www.snapshotserengeti.org/subjects/standard/50c2121a8a607540b901b243_2.jpg","ASG0002ds3",3,1,"J12","R1","10 opinions agree upon the species present","caracal"
"http://www.snapshotserengeti.org/subjects/standard/50c216a68a607540b905447e_0.jpg","ASG0007eda",1,2,"K11","R2","10 opinions agree upon the species present","caracal"
"http://www.snapshotserengeti.org/subjects/standard/50c216a68a607540b905447e_1.jpg","ASG0007eda",2,2,"K11","R2","10 opinions agree upon the species present","caracal"
"http://www.snapshotserengeti.org/subjects/standard/50c216a68a607540b905447e_2.jpg","ASG0007eda",3,2,"K11","R2","10 opinions agree upon the species present","caracal"
"http://www.snapshotserengeti.org/subjects/standard/50c215a68a607540b9048e4e_0.jpg","ASG0006edq",1,2,"P10","R2","10 opinions agree upon the species present","caracal"
"http://www.snapshotserengeti.org/subjects/standard/50c2176a8a607540b905d29d_0.jpg","ASG00086fx",1,3,"H08","R11","10 opinions agree upon the species present","caracal"
"http://www.snapshotserengeti.org/subjects/standard/50c2117f8a607540b9013175_0.jpg","ASG0001oc5",1,1,"L06","R1","10 opinions agree upon the species present","caracal"
"http://www.snapshotserengeti.org/subjects/standard/50c2117f8a607540b9013175_1.jpg","ASG0001oc5",2,1,"L06","R1","10 opinions agree upon the species present","caracal"
"http://www.snapshotserengeti.org/subjects/standard/50c2117f8a607540b9013175_2.jpg","ASG0001oc5",3,1,"L06","R1","10 opinions agree upon the species present","caracal"
"http://www.snapshotserengeti.org/subjects/standard/50dc8574a2fc8e378903da27_0.jpg","ASG000bzkc",1,4,"S12","R2","10 opinions agree upon the species present","caracal"
"http://www.snapshotserengeti.org/subjects/standard/50dc8574a2fc8e378903da27_1.jpg","ASG000bzkc",2,4,"S12","R2","10 opinions agree upon the species present","caracal"
"http://www.snapshotserengeti.org/subjects/standard/50dc8574a2fc8e378903da27_2.jpg","ASG000bzkc",3,4,"S12","R2","10 opinions agree upon the species present","caracal"
"http://www.snapshotserengeti.org/subjects/standard/50c2107a8a607540b900574c_0.jpg","ASG0000h8s",1,1,"S13","R1","10 opinions agree upon the species present","caracal"
"http://www.snapshotserengeti.org/subjects/standard/50c2107a8a607540b900574c_1.jpg","ASG0000h8s",2,1,"S13","R1","10 opinions agree upon the species present","caracal"
"http://www.snapshotserengeti.org/subjects/standard/50c2107a8a607540b900574c_2.jpg","ASG0000h8s",3,1,"S13","R1","10 opinions agree upon the species present","caracal"
"http://www.snapshotserengeti.org/subjects/standard/50c216098a607540b904d623_0.jpg","ASG0006skj",1,2,"S12","R3","10 opinions agree upon the species present","caracal"
"http://www.snapshotserengeti.org/subjects/standard/50c216098a607540b904d623_1.jpg","ASG0006skj",2,2,"S12","R3","10 opinions agree upon the species present","caracal"
"http://www.snapshotserengeti.org/subjects/standard/50c216098a607540b904d623_2.jpg","ASG0006skj",3,2,"S12","R3","10 opinions agree upon the species present","caracal"
"http://www.snapshotserengeti.org/subjects/standard/50c215a68a607540b9048e4b_0.jpg","ASG0006edn",1,2,"P10","R2","10 opinions agree upon the species present","caracal"
"http://www.snapshotserengeti.org/subjects/standard/50c214e48a607540b90406cd_0.jpg","ASG0005nm5",1,2,"H08","R3","10 opinions agree upon the species present","caracal"
"http://www.snapshotserengeti.org/subjects/standard/50dc9407a2fc8e37890720c1_0.jpg","ASG000crnv",1,4,"O06","R1","10 opinions agree upon the species present","caracal"
"http://www.snapshotserengeti.org/subjects/standard/5331de261bccd304b6070733_0.JPG","ASG0012dpt",1,7,"U11","R2","10 opinions agree upon the species present","caracal"
"http://www.snapshotserengeti.org/subjects/standard/51a391f7e18f49172b184b20_0.jpg","ASG000sf57",1,5,"P03","R1","10 opinions agree upon the species present","caracal"
"http://www.snapshotserengeti.org/subjects/standard/51a391f7e18f49172b184b20_1.jpg","ASG000sf57",2,5,"P03","R1","10 opinions agree upon the species present","caracal"
"http://www.snapshotserengeti.org/subjects/standard/51a391f7e18f49172b184b20_2.jpg","ASG000sf57",3,5,"P03","R1","10 opinions agree upon the species present","caracal"
"http://www.snapshotserengeti.org/subjects/standard/50c2106c8a607540b9004bac_0.jpg","ASG0000ey4",1,1,"P10","R1","10 opinions agree upon the species present","caracal"
"http://www.snapshotserengeti.org/subjects/standard/50c2106c8a607540b9004bac_1.jpg","ASG0000ey4",2,1,"P10","R1","10 opinions agree upon the species present","caracal"
"http://www.snapshotserengeti.org/subjects/standard/50c2106c8a607540b9004bac_2.jpg","ASG0000ey4",3,1,"P10","R1","10 opinions agree upon the species present","caracal"
"http://zooniverse-static.s3.amazonaws.com/www.snapshotserengeti.org/subjects/standard/54cfc93587ee0404d500e8ad_0.JPG","ASG001c80t",1,8,"C08","R2","10 opinions agree upon the species present","caracal"
"http://www.snapshotserengeti.org/subjects/standard/50c217188a607540b9059280_0.jpg","ASG0007ts0",1,2,"M09","R1","10 opinions agree upon the species present","caracal"
"http://www.snapshotserengeti.org/subjects/standard/5331d5071bccd304b60339d1_0.JPG","ASG001514n",1,7,"R12","R2","10 opinions agree upon the species present","caracal"
"http://www.snapshotserengeti.org/subjects/standard/5331d5071bccd304b60339d1_1.JPG","ASG001514n",2,7,"R12","R2","10 opinions agree upon the species present","caracal"
"http://www.snapshotserengeti.org/subjects/standard/5331d5071bccd304b60339d1_2.JPG","ASG001514n",3,7,"R12","R2","10 opinions agree upon the species present","caracal"
"http://www.snapshotserengeti.org/subjects/standard/50c211aa8a607540b90154e5_0.jpg","ASG0001vc5",1,1,"M09","R1","Most common opinion from 25 opinions","caracal"
"http://www.snapshotserengeti.org/subjects/standard/50c211aa8a607540b90154e5_1.jpg","ASG0001vc5",2,1,"M09","R1","Most common opinion from 25 opinions","caracal"
"http://www.snapshotserengeti.org/subjects/standard/50c211aa8a607540b90154e5_2.jpg","ASG0001vc5",3,1,"M09","R1","Most common opinion from 25 opinions","caracal"
"http://www.snapshotserengeti.org/subjects/standard/50c218018a607540b906517a_0.jpg","ASG0008vi2",1,3,"B08","R11","Most common opinion from 25 opinions","caracal"
"http://www.snapshotserengeti.org/subjects/standard/50c216408a607540b904fd05_0.jpg","ASG0007091",1,2,"N10","R1","10 opinions agree upon the species present","caracal"
"http://www.snapshotserengeti.org/subjects/standard/50c216408a607540b904fd05_1.jpg","ASG0007091",2,2,"N10","R1","10 opinions agree upon the species present","caracal"
"http://www.snapshotserengeti.org/subjects/standard/50c216408a607540b904fd05_2.jpg","ASG0007091",3,2,"N10","R1","10 opinions agree upon the species present","caracal"
"http://www.snapshotserengeti.org/subjects/standard/50dc9f4ea2fc8e37890a58a2_0.jpg","ASG000di7t",1,4,"S13","R2","10 opinions agree upon the species present","caracal"
"http://www.snapshotserengeti.org/subjects/standard/50dc9f4ea2fc8e37890a58a2_1.jpg","ASG000di7t",2,4,"S13","R2","10 opinions agree upon the species present","caracal"
"http://www.snapshotserengeti.org/subjects/standard/50dc9f4ea2fc8e37890a58a2_2.jpg","ASG000di7t",3,4,"S13","R2","10 opinions agree upon the species present","caracal"
"http://www.snapshotserengeti.org/subjects/standard/50c210cd8a607540b9009b33_0.jpg","ASG0000unn",1,1,"J13","R1","10 opinions agree upon the species present","caracal"
"http://www.snapshotserengeti.org/subjects/standard/50c210cd8a607540b9009b33_1.jpg","ASG0000unn",2,1,"J13","R1","10 opinions agree upon the species present","caracal"
"http://www.snapshotserengeti.org/subjects/standard/50c210cd8a607540b9009b33_2.jpg","ASG0000unn",3,1,"J13","R1","10 opinions agree upon the species present","caracal"
"http://www.snapshotserengeti.org/subjects/standard/51e9170ce0053a09c30d7ca8_0.jpg","ASG00112q2",1,6,"P13","R2","10 opinions agree upon the species present","caracal"
"http://www.snapshotserengeti.org/subjects/standard/51e9170ce0053a09c30d7ca8_1.jpg","ASG00112q2",2,6,"P13","R2","10 opinions agree upon the species present","caracal"
"http://www.snapshotserengeti.org/subjects/standard/51e9170ce0053a09c30d7ca8_2.jpg","ASG00112q2",3,6,"P13","R2","10 opinions agree upon the species present","caracal"
"http://www.snapshotserengeti.org/subjects/standard/50c211e58a607540b90186ca_0.jpg","ASG000256y",1,1,"P10","R2","10 opinions agree upon the species present","caracal"
"http://www.snapshotserengeti.org/subjects/standard/50c211e58a607540b90186ca_1.jpg","ASG000256y",2,1,"P10","R2","10 opinions agree upon the species present","caracal"
"http://www.snapshotserengeti.org/subjects/standard/50c211e58a607540b90186ca_2.jpg","ASG000256y",3,1,"P10","R2","10 opinions agree upon the species present","caracal"
"http://www.snapshotserengeti.org/subjects/standard/50c217168a607540b90590d0_0.jpg","ASG0007tg0",1,2,"M08","R2","10 opinions agree upon the species present","caracal"
"http://www.snapshotserengeti.org/subjects/standard/50c2143c8a607540b9037da4_0.jpg","ASG0004wis",1,2,"F10","R1","10 opinions agree upon the species present","caracal"
"http://www.snapshotserengeti.org/subjects/standard/50c2143c8a607540b9037da4_1.jpg","ASG0004wis",2,2,"F10","R1","10 opinions agree upon the species present","caracal"
"http://www.snapshotserengeti.org/subjects/standard/50c2143c8a607540b9037da4_2.jpg","ASG0004wis",3,2,"F10","R1","10 opinions agree upon the species present","caracal"
"http://zooniverse-static.s3.amazonaws.com/www.snapshotserengeti.org/subjects/standard/54cfdbb887ee0404d50a0169_0.JPG","ASG0018yjh",1,8,"Q09","R3","10 opinions agree upon the species present","caracal"
"http://www.snapshotserengeti.org/subjects/standard/50c2171b8a607540b905948d_0.jpg","ASG0007u6l",1,2,"M09","R2","10 opinions agree upon the species present","caracal"
"http://www.snapshotserengeti.org/subjects/standard/50c219e08a607540b907b3ad_0.jpg","ASG000atgt",1,3,"P10","R12","10 opinions agree upon the species present","caracal"
"http://zooniverse-static.s3.amazonaws.com/www.snapshotserengeti.org/subjects/standard/54cfd42187ee0404d506472f_0.JPG","ASG0019aa0",1,8,"K07","R2","10 opinions agree upon the species present","caracal"
"http://www.snapshotserengeti.org/subjects/standard/50c2107a8a607540b90057b7_0.jpg","ASG0000hbr",1,1,"S13","R1","10 opinions agree upon the species present","caracal"
"http://www.snapshotserengeti.org/subjects/standard/50c2107a8a607540b90057b7_1.jpg","ASG0000hbr",2,1,"S13","R1","10 opinions agree upon the species present","caracal"
"http://www.snapshotserengeti.org/subjects/standard/50c2107a8a607540b90057b7_2.jpg","ASG0000hbr",3,1,"S13","R1","10 opinions agree upon the species present","caracal"
"http://www.snapshotserengeti.org/subjects/standard/50c211a98a607540b901547e_0.jpg","ASG0001v9a",1,1,"M09","R1","10 opinions agree upon the species present","caracal"
"http://www.snapshotserengeti.org/subjects/standard/50c211a98a607540b901547e_1.jpg","ASG0001v9a",2,1,"M09","R1","10 opinions agree upon the species present","caracal"
"http://www.snapshotserengeti.org/subjects/standard/50c211a98a607540b901547e_2.jpg","ASG0001v9a",3,1,"M09","R1","10 opinions agree upon the species present","caracal"
"http://www.snapshotserengeti.org/subjects/standard/50c2163c8a607540b904fa29_0.jpg","ASG0006zop",1,2,"N08","R4","10 opinions agree upon the species present","caracal"
"http://www.snapshotserengeti.org/subjects/standard/50c217e18a607540b9063571_0.jpg","ASG0008pyp",1,3,"P10","R11","10 opinions agree upon the species present","caracal"
"http://www.snapshotserengeti.org/subjects/standard/50c216408a607540b904fd1e_0.jpg","ASG000709q",1,2,"N10","R1","10 opinions agree upon the species present","caracal"
"http://www.snapshotserengeti.org/subjects/standard/50c216408a607540b904fd1e_1.jpg","ASG000709q",2,2,"N10","R1","10 opinions agree upon the species present","caracal"
"http://www.snapshotserengeti.org/subjects/standard/50c216408a607540b904fd1e_2.jpg","ASG000709q",3,2,"N10","R1","10 opinions agree upon the species present","caracal"
"http://www.snapshotserengeti.org/subjects/standard/50c211e38a607540b90185b6_0.jpg","ASG00024za",1,1,"P07","R1","10 opinions agree upon the species present","caracal"
"http://www.snapshotserengeti.org/subjects/standard/50c211e38a607540b90185b6_1.jpg","ASG00024za",2,1,"P07","R1","10 opinions agree upon the species present","caracal"
"http://www.snapshotserengeti.org/subjects/standard/50c211e38a607540b90185b6_2.jpg","ASG00024za",3,1,"P07","R1","10 opinions agree upon the species present","caracal"
"http://zooniverse-static.s3.amazonaws.com/www.snapshotserengeti.org/subjects/standard/56a6924841479b004205b03f_0.JPG","ASG001gwzu",1,9,"K11","2","10 opinions agree upon the species present","caracal"
"http://www.snapshotserengeti.org/subjects/standard/50c2163e8a607540b904fb9f_0.jpg","ASG0006zz3",1,2,"N09","R3","10 opinions agree upon the species present","caracal"
"http://zooniverse-static.s3.amazonaws.com/www.snapshotserengeti.org/subjects/standard/54cfd47b87ee0404d5067373_0.JPG","ASG0019kw7",1,8,"K09","R2","10 opinions agree upon the species present","caracal"
"http://www.snapshotserengeti.org/subjects/standard/51e9170be0053a09c30d7c93_0.jpg","ASG00112pz",1,6,"P13","R2","10 opinions agree upon the species present","caracal"
"http://www.snapshotserengeti.org/subjects/standard/51e9170be0053a09c30d7c93_1.jpg","ASG00112pz",2,6,"P13","R2","10 opinions agree upon the species present","caracal"
"http://www.snapshotserengeti.org/subjects/standard/51e9170be0053a09c30d7c93_2.jpg","ASG00112pz",3,6,"P13","R2","10 opinions agree upon the species present","caracal"
"http://www.snapshotserengeti.org/subjects/standard/51e9170be0053a09c30d7c85_0.jpg","ASG00112px",1,6,"P13","R2","10 opinions agree upon the species present","caracal"
"http://www.snapshotserengeti.org/subjects/standard/51e9170be0053a09c30d7c85_1.jpg","ASG00112px",2,6,"P13","R2","10 opinions agree upon the species present","caracal"
"http://www.snapshotserengeti.org/subjects/standard/51e9170be0053a09c30d7c85_2.jpg","ASG00112px",3,6,"P13","R2","10 opinions agree upon the species present","caracal"
"http://www.snapshotserengeti.org/subjects/standard/51e9170be0053a09c30d7c7e_0.jpg","ASG00112pw",1,6,"P13","R2","10 opinions agree upon the species present","caracal"
"http://www.snapshotserengeti.org/subjects/standard/51e9170be0053a09c30d7c7e_1.jpg","ASG00112pw",2,6,"P13","R2","10 opinions agree upon the species present","caracal"
"http://www.snapshotserengeti.org/subjects/standard/51e9170be0053a09c30d7c7e_2.jpg","ASG00112pw",3,6,"P13","R2","10 opinions agree upon the species present","caracal"
"http://www.snapshotserengeti.org/subjects/standard/51e9170ae0053a09c30d7c77_0.jpg","ASG00112pv",1,6,"P13","R2","10 opinions agree upon the species present","caracal"
"http://www.snapshotserengeti.org/subjects/standard/51e9170ae0053a09c30d7c77_1.jpg","ASG00112pv",2,6,"P13","R2","10 opinions agree upon the species present","caracal"
"http://www.snapshotserengeti.org/subjects/standard/51e9170ae0053a09c30d7c77_2.jpg","ASG00112pv",3,6,"P13","R2","10 opinions agree upon the species present","caracal"
"http://www.snapshotserengeti.org/subjects/standard/51e9170ae0053a09c30d7c70_0.jpg","ASG00112pu",1,6,"P13","R2","10 opinions agree upon the species present","caracal"
"http://www.snapshotserengeti.org/subjects/standard/51e9170ae0053a09c30d7c70_1.jpg","ASG00112pu",2,6,"P13","R2","10 opinions agree upon the species present","caracal"
"http://www.snapshotserengeti.org/subjects/standard/51e9170ae0053a09c30d7c70_2.jpg","ASG00112pu",3,6,"P13","R2","10 opinions agree upon the species present","caracal"
"http://www.snapshotserengeti.org/subjects/standard/51e9170ae0053a09c30d7c69_0.jpg","ASG00112pt",1,6,"P13","R2","10 opinions agree upon the species present","caracal"
"http://www.snapshotserengeti.org/subjects/standard/51e9170ae0053a09c30d7c69_1.jpg","ASG00112pt",2,6,"P13","R2","10 opinions agree upon the species present","caracal"
"http://www.snapshotserengeti.org/subjects/standard/51e9170ae0053a09c30d7c69_2.jpg","ASG00112pt",3,6,"P13","R2","10 opinions agree upon the species present","caracal"
"http://www.snapshotserengeti.org/subjects/standard/51e91709e0053a09c30d7c45_0.jpg","ASG00112pn",1,6,"P13","R2","10 opinions agree upon the species present","caracal"
"http://www.snapshotserengeti.org/subjects/standard/51e91709e0053a09c30d7c45_1.jpg","ASG00112pn",2,6,"P13","R2","10 opinions agree upon the species present","caracal"
"http://www.snapshotserengeti.org/subjects/standard/51e91709e0053a09c30d7c45_2.jpg","ASG00112pn",3,6,"P13","R2","10 opinions agree upon the species present","caracal"
"http://www.snapshotserengeti.org/subjects/standard/51e91709e0053a09c30d7c3f_0.jpg","ASG00112pm",1,6,"P13","R2","10 opinions agree upon the species present","caracal"
"http://www.snapshotserengeti.org/subjects/standard/51e91709e0053a09c30d7c3f_1.jpg","ASG00112pm",2,6,"P13","R2","10 opinions agree upon the species present","caracal"
"http://www.snapshotserengeti.org/subjects/standard/51e91709e0053a09c30d7c3b_0.jpg","ASG00112pl",1,6,"P13","R2","10 opinions agree upon the species present","caracal"
"http://www.snapshotserengeti.org/subjects/standard/51e91708e0053a09c30d7c36_0.jpg","ASG00112pk",1,6,"P13","R2","10 opinions agree upon the species present","caracal"
"http://www.snapshotserengeti.org/subjects/standard/51e91708e0053a09c30d7c36_1.jpg","ASG00112pk",2,6,"P13","R2","10 opinions agree upon the species present","caracal"
"http://www.snapshotserengeti.org/subjects/standard/51e91708e0053a09c30d7c36_2.jpg","ASG00112pk",3,6,"P13","R2","10 opinions agree upon the species present","caracal"
"http://www.snapshotserengeti.org/subjects/standard/51e91706e0053a09c30d7c2f_0.jpg","ASG00112pj",1,6,"P13","R2","10 opinions agree upon the species present","caracal"
"http://www.snapshotserengeti.org/subjects/standard/51e91706e0053a09c30d7c2f_1.jpg","ASG00112pj",2,6,"P13","R2","10 opinions agree upon the species present","caracal"
"http://www.snapshotserengeti.org/subjects/standard/51e91706e0053a09c30d7c2f_2.jpg","ASG00112pj",3,6,"P13","R2","10 opinions agree upon the species present","caracal"
"http://www.snapshotserengeti.org/subjects/standard/51e91706e0053a09c30d7c28_0.jpg","ASG00112pi",1,6,"P13","R2","10 opinions agree upon the species present","caracal"
"http://www.snapshotserengeti.org/subjects/standard/51e91706e0053a09c30d7c28_1.jpg","ASG00112pi",2,6,"P13","R2","10 opinions agree upon the species present","caracal"
"http://www.snapshotserengeti.org/subjects/standard/51e91706e0053a09c30d7c28_2.jpg","ASG00112pi",3,6,"P13","R2","10 opinions agree upon the species present","caracal"
"http://www.snapshotserengeti.org/subjects/standard/51e91706e0053a09c30d7c21_0.jpg","ASG00112ph",1,6,"P13","R2","10 opinions agree upon the species present","caracal"
"http://www.snapshotserengeti.org/subjects/standard/51e91706e0053a09c30d7c21_1.jpg","ASG00112ph",2,6,"P13","R2","10 opinions agree upon the species present","caracal"
"http://www.snapshotserengeti.org/subjects/standard/51e91706e0053a09c30d7c21_2.jpg","ASG00112ph",3,6,"P13","R2","10 opinions agree upon the species present","caracal"
"http://zooniverse-static.s3.amazonaws.com/www.snapshotserengeti.org/subjects/standard/56a6685141479b004202e797_0.JPG","ASG001jed9",1,9,"K11","1","","caracal"
"http://www.snapshotserengeti.org/subjects/standard/50c217168a607540b905914a_0.jpg","ASG0007tje",1,2,"M08","R4","10 opinions agree upon the species present","caracal"
"http://www.snapshotserengeti.org/subjects/standard/50c215018a607540b9041b70_0.jpg","ASG0005row",1,2,"I04","R1","10 opinions agree upon the species present","caracal"
"http://www.snapshotserengeti.org/subjects/standard/50c2179c8a607540b905fc72_0.jpg","ASG0008epe",1,3,"J11","R11","10 opinions agree upon the species present","caracal"
"http://zooniverse-static.s3.amazonaws.com/www.snapshotserengeti.org/subjects/standard/54cfdbb887ee0404d50a0163_0.JPG","ASG0018yip",1,8,"Q09","R3","10 opinions agree upon the species present","caracal"
"http://www.snapshotserengeti.org/subjects/standard/50c214618a607540b9039b8e_0.jpg","ASG00052fi",1,2,"G02","R3","10 opinions agree upon the species present","caracal"
"http://www.snapshotserengeti.org/subjects/standard/50c214618a607540b9039b8e_1.jpg","ASG00052fi",2,2,"G02","R3","10 opinions agree upon the species present","caracal"
"http://www.snapshotserengeti.org/subjects/standard/50c214618a607540b9039b8e_2.jpg","ASG00052fi",3,2,"G02","R3","10 opinions agree upon the species present","caracal"
"http://www.snapshotserengeti.org/subjects/standard/51a2d6d3e18f49172b02013e_0.jpg","ASG000mxe4",1,5,"C01","R3","10 opinions agree upon the species present","caracal"
"http://www.snapshotserengeti.org/subjects/standard/50c215868a607540b90477d1_0.jpg","ASG00069xt",1,2,"O06","R2","10 opinions agree upon the species present","caracal"
"http://www.snapshotserengeti.org/subjects/standard/50dc9408a2fc8e3789072279_0.jpg","ASG000crqj",1,4,"O06","R1","10 opinions agree upon the species present","caracal"
"http://www.snapshotserengeti.org/subjects/standard/50dc9408a2fc8e378907228e_0.jpg","ASG000crqo",1,4,"O06","R1","10 opinions agree upon the species present","caracal"
"http://www.snapshotserengeti.org/subjects/standard/50c2176d8a607540b905d35d_0.jpg","ASG00086l9",1,3,"H11","R11","10 opinions agree upon the species present","caracal"
"http://www.snapshotserengeti.org/subjects/standard/5331cf4b1bccd304b600f53b_0.JPG","ASG0016n3d",1,7,"D08","R3","10 opinions agree upon the species present","caracal"
"http://www.snapshotserengeti.org/subjects/standard/5331cf4b1bccd304b600f53b_1.JPG","ASG0016n3d",2,7,"D08","R3","10 opinions agree upon the species present","caracal"
"http://www.snapshotserengeti.org/subjects/standard/5331cf4b1bccd304b600f53b_2.JPG","ASG0016n3d",3,7,"D08","R3","10 opinions agree upon the species present","caracal"
"http://www.snapshotserengeti.org/subjects/standard/50c215858a607540b90477ba_0.jpg","ASG00069x6",1,2,"O06","R2","10 opinions agree upon the species present","caracal"
