"url","Subject ID","Frame","Season","Site","Roll","Decision Type","Crowd Determination"
"http://zooniverse-static.s3.amazonaws.com/www.snapshotserengeti.org/subjects/standard/56a6c5c641479b004209162b_0.JPG","ASG001myfc",1,9,"E02","2","","civet"
"http://www.snapshotserengeti.org/subjects/standard/50c214f48a607540b9041319_0.jpg","ASG0005q1l",1,2,"H10","R1","10 opinions agree upon the species present","civet"
"http://www.snapshotserengeti.org/subjects/standard/50c214f48a607540b9041319_1.jpg","ASG0005q1l",2,2,"H10","R1","10 opinions agree upon the species present","civet"
"http://www.snapshotserengeti.org/subjects/standard/50c214f48a607540b9041319_2.jpg","ASG0005q1l",3,2,"H10","R1","10 opinions agree upon the species present","civet"
"http://www.snapshotserengeti.org/subjects/standard/50c210d98a607540b900a562_0.jpg","ASG0000wo2",1,1,"G03","R4","10 opinions agree upon the species present","civet"
"http://www.snapshotserengeti.org/subjects/standard/50c210d98a607540b900a562_1.jpg","ASG0000wo2",2,1,"G03","R4","10 opinions agree upon the species present","civet"
"http://www.snapshotserengeti.org/subjects/standard/50c210d98a607540b900a562_2.jpg","ASG0000wo2",3,1,"G03","R4","10 opinions agree upon the species present","civet"
"http://zooniverse-static.s3.amazonaws.com/www.snapshotserengeti.org/subjects/standard/54cfd41c87ee0404d506445b_0.JPG","ASG0019a9f",1,8,"K07","R2","10 opinions agree upon the species present","civet"
"http://www.snapshotserengeti.org/subjects/standard/50c2145d8a607540b9039880_0.jpg","ASG00051ts",1,2,"G02","R1","10 opinions agree upon the species present","civet"
"http://www.snapshotserengeti.org/subjects/standard/50c2145d8a607540b9039880_1.jpg","ASG00051ts",2,2,"G02","R1","10 opinions agree upon the species present","civet"
"http://www.snapshotserengeti.org/subjects/standard/50c2145d8a607540b9039880_2.jpg","ASG00051ts",3,2,"G02","R1","10 opinions agree upon the species present","civet"
"http://zooniverse-static.s3.amazonaws.com/www.snapshotserengeti.org/subjects/standard/54cfc97b87ee0404d5010a45_0.JPG","ASG0018mn5",1,8,"C11","R2","10 opinions agree upon the species present","civet"
"http://www.snapshotserengeti.org/subjects/standard/51e8b713e0053a09c3027605_0.jpg","ASG000yje3",1,6,"D06","R2","10 opinions agree upon the species present","civet"
"http://zooniverse-static.s3.amazonaws.com/www.snapshotserengeti.org/subjects/standard/54cfd92387ee0404d508c39f_0.JPG","ASG0018uze",1,8,"O03","R2","Most common opinion from 25 opinions","civet"
"http://zooniverse-static.s3.amazonaws.com/www.snapshotserengeti.org/subjects/standard/56a6c23241479b004208d98f_0.JPG","ASG001mshe",1,9,"D06","2","","civet"
"http://zooniverse-static.s3.amazonaws.com/www.snapshotserengeti.org/subjects/standard/54cfc7ff87ee0404d5005085_0.JPG","ASG0018qax",1,8,"B10","R2","10 opinions agree upon the species present","civet"
"http://www.snapshotserengeti.org/subjects/standard/50c2189a8a607540b906c18d_0.jpg","ASG0009hn1",1,3,"C06","R11","10 opinions agree upon the species present","civet"
"http://www.snapshotserengeti.org/subjects/standard/50c2111a8a607540b900dc34_0.jpg","ASG00017hw",1,1,"I02","R1","10 opinions agree upon the species present","civet"
"http://www.snapshotserengeti.org/subjects/standard/50c2111a8a607540b900dc34_1.jpg","ASG00017hw",2,1,"I02","R1","10 opinions agree upon the species present","civet"
"http://www.snapshotserengeti.org/subjects/standard/50c2111a8a607540b900dc34_2.jpg","ASG00017hw",3,1,"I02","R1","10 opinions agree upon the species present","civet"
"http://www.snapshotserengeti.org/subjects/standard/51e8b887e0053a09c302a0ff_0.jpg","ASG000ykp0",1,6,"D08","R2","10 opinions agree upon the species present","civet"
"http://zooniverse-static.s3.amazonaws.com/www.snapshotserengeti.org/subjects/standard/54cfcb0087ee0404d501c8df_0.JPG","ASG0018ktd",1,8,"D13","R3","10 opinions agree upon the species present","civet"
"http://www.snapshotserengeti.org/subjects/standard/50dc946ca2fc8e378907580b_0.jpg","ASG000cthl",1,4,"L05","R2","10 opinions agree upon the species present","civet"
"http://www.snapshotserengeti.org/subjects/standard/51e8b7c7e0053a09c3028aa4_0.jpg","ASG000yk10",1,6,"D08","R2","10 opinions agree upon the species present","civet"
"http://zooniverse-static.s3.amazonaws.com/www.snapshotserengeti.org/subjects/standard/54cfd72387ee0404d507c645_0.JPG","ASG0018ree",1,8,"M05","R2","10 opinions agree upon the species present","civet"
"http://zooniverse-static.s3.amazonaws.com/www.snapshotserengeti.org/subjects/standard/54cfd72387ee0404d507c641_0.JPG","ASG0018re2",1,8,"M05","R2","10 opinions agree upon the species present","civet"
"http://www.snapshotserengeti.org/subjects/standard/50c210298a607540b9001194_0.jpg","ASG00003h0",1,1,"H01","R1","10 opinions agree upon the species present","civet"
"http://www.snapshotserengeti.org/subjects/standard/50c210298a607540b9001194_1.jpg","ASG00003h0",2,1,"H01","R1","10 opinions agree upon the species present","civet"
"http://www.snapshotserengeti.org/subjects/standard/50c210298a607540b9001194_2.jpg","ASG00003h0",3,1,"H01","R1","10 opinions agree upon the species present","civet"
"http://www.snapshotserengeti.org/subjects/standard/51a3a0bde18f49172b1a0e7d_0.jpg","ASG000suag",1,5,"Q04","R3","10 opinions agree upon the species present","civet"
"http://www.snapshotserengeti.org/subjects/standard/51e8d716e0053a09c3062510_0.jpg","ASG000ze11",1,6,"H03","R1","10 opinions agree upon the species present","civet"
"http://www.snapshotserengeti.org/subjects/standard/51e8ac88e0053a09c3013eaf_0.jpg","ASG000y9hw",1,6,"C06","R2","10 opinions agree upon the species present","civet"
"http://www.snapshotserengeti.org/subjects/standard/51a2de13e18f49172b02de2a_0.jpg","ASG000nfr7",1,5,"C06","R3","10 opinions agree upon the species present","civet"
"http://www.snapshotserengeti.org/subjects/standard/51a35cc9e18f49172b11fb93_0.jpg","ASG000r0dd",1,5,"L04","R1","10 opinions agree upon the species present","civet"
"http://www.snapshotserengeti.org/subjects/standard/51a35ccbe18f49172b11fbca_0.jpg","ASG000r0do",1,5,"L04","R1","10 opinions agree upon the species present","civet"
"http://zooniverse-static.s3.amazonaws.com/www.snapshotserengeti.org/subjects/standard/56a6c85041479b00420940f9_0.JPG","ASG001n2o3",1,9,"R11","1","","civet"
"http://zooniverse-static.s3.amazonaws.com/www.snapshotserengeti.org/subjects/standard/54cfd41087ee0404d5063e4b_0.JPG","ASG0019a6b",1,8,"K06","R3","10 opinions agree upon the species present","civet"
"http://zooniverse-static.s3.amazonaws.com/www.snapshotserengeti.org/subjects/standard/54cfcb0087ee0404d501c8dd_0.JPG","ASG0018ksr",1,8,"D13","R3","10 opinions agree upon the species present","civet"
"http://www.snapshotserengeti.org/subjects/standard/5331dbfd1bccd304b60620cd_0.JPG","ASG00130l6",1,7,"J13","R3","10 opinions agree upon the species present","civet"
"http://www.snapshotserengeti.org/subjects/standard/5331dbfd1bccd304b60620cd_1.JPG","ASG00130l6",2,7,"J13","R3","10 opinions agree upon the species present","civet"
"http://www.snapshotserengeti.org/subjects/standard/5331dbfd1bccd304b60620cd_2.JPG","ASG00130l6",3,7,"J13","R3","10 opinions agree upon the species present","civet"
"http://www.snapshotserengeti.org/subjects/standard/50c2158d8a607540b9047d20_0.jpg","ASG0006azk",1,2,"O09","R1","Most common opinion from 25 opinions","civet"
"http://www.snapshotserengeti.org/subjects/standard/51e8a6f0e0053a09c3009934_0.jpg","ASG000y44e",1,6,"B09","R2","10 opinions agree upon the species present","civet"
"http://www.snapshotserengeti.org/subjects/standard/50c2173e8a607540b905add9_0.jpg","ASG0007z6h",1,3,"E04","R11","10 opinions agree upon the species present","civet"
"http://www.snapshotserengeti.org/subjects/standard/50c217f98a607540b9064ab2_0.jpg","ASG0008u5u",1,3,"B06","R11","10 opinions agree upon the species present","civet"
"http://www.snapshotserengeti.org/subjects/standard/50c210298a607540b9001142_0.jpg","ASG00003eq",1,1,"H01","R1","10 opinions agree upon the species present","civet"
"http://www.snapshotserengeti.org/subjects/standard/50c210298a607540b9001142_1.jpg","ASG00003eq",2,1,"H01","R1","10 opinions agree upon the species present","civet"
"http://www.snapshotserengeti.org/subjects/standard/50c210298a607540b9001142_2.jpg","ASG00003eq",3,1,"H01","R1","10 opinions agree upon the species present","civet"
"http://zooniverse-static.s3.amazonaws.com/www.snapshotserengeti.org/subjects/standard/54cfcbaa87ee0404d502155f_0.JPG","ASG0018js2",1,8,"E06","R2","10 opinions agree upon the species present","civet"
"http://zooniverse-static.s3.amazonaws.com/www.snapshotserengeti.org/subjects/standard/54cfcb0287ee0404d501c9fd_0.JPG","ASG0018kr1",1,8,"D13","R3","10 opinions agree upon the species present","civet"
"http://www.snapshotserengeti.org/subjects/standard/50dc97c5a2fc8e3789089a5b_0.jpg","ASG000d42v",1,4,"B13","R1","10 opinions agree upon the species present","civet"
"http://www.snapshotserengeti.org/subjects/standard/50c212428a607540b901d37a_0.jpg","ASG0002kca",1,1,"F05","R2","10 opinions agree upon the species present","civet"
"http://www.snapshotserengeti.org/subjects/standard/50c212428a607540b901d37a_1.jpg","ASG0002kca",2,1,"F05","R2","10 opinions agree upon the species present","civet"
"http://www.snapshotserengeti.org/subjects/standard/50c212428a607540b901d37a_2.jpg","ASG0002kca",3,1,"F05","R2","10 opinions agree upon the species present","civet"
"http://www.snapshotserengeti.org/subjects/standard/50c2145a8a607540b90395dd_0.jpg","ASG00051b1",1,2,"G01","R3","10 opinions agree upon the species present","civet"
"http://www.snapshotserengeti.org/subjects/standard/50c2145a8a607540b90395dd_1.jpg","ASG00051b1",2,2,"G01","R3","10 opinions agree upon the species present","civet"
"http://www.snapshotserengeti.org/subjects/standard/50c2145a8a607540b90395dd_2.jpg","ASG00051b1",3,2,"G01","R3","10 opinions agree upon the species present","civet"
"http://zooniverse-static.s3.amazonaws.com/www.snapshotserengeti.org/subjects/standard/54cfd42487ee0404d50647ef_0.JPG","ASG0019aa1",1,8,"K07","R2","10 opinions agree upon the species present","civet"
"http://www.snapshotserengeti.org/subjects/standard/50c218968a607540b906bf11_0.jpg","ASG0009h5d",1,3,"C06","R11","10 opinions agree upon the species present","civet"
"http://zooniverse-static.s3.amazonaws.com/www.snapshotserengeti.org/subjects/standard/54cfc97787ee0404d50107b3_0.JPG","ASG0018mp8",1,8,"C11","R1","10 opinions agree upon the species present","civet"
"http://www.snapshotserengeti.org/subjects/standard/50c2140a8a607540b9035513_0.jpg","ASG0004oib",1,2,"F01","R1","10 opinions agree upon the species present","civet"
"http://www.snapshotserengeti.org/subjects/standard/50c213488a607540b902baae_0.jpg","ASG0003u0e",1,2,"C11","R1","10 opinions agree upon the species present","civet"
"http://www.snapshotserengeti.org/subjects/standard/50c213488a607540b902baae_1.jpg","ASG0003u0e",2,2,"C11","R1","10 opinions agree upon the species present","civet"
"http://www.snapshotserengeti.org/subjects/standard/50c213488a607540b902baae_2.jpg","ASG0003u0e",3,2,"C11","R1","10 opinions agree upon the species present","civet"
"http://www.snapshotserengeti.org/subjects/standard/50c210288a607540b9001047_0.jpg","ASG000037r",1,1,"H01","R1","10 opinions agree upon the species present","civet"
"http://www.snapshotserengeti.org/subjects/standard/50c210288a607540b9001047_1.jpg","ASG000037r",2,1,"H01","R1","10 opinions agree upon the species present","civet"
"http://www.snapshotserengeti.org/subjects/standard/50c210288a607540b9001047_2.jpg","ASG000037r",3,1,"H01","R1","10 opinions agree upon the species present","civet"
"http://www.snapshotserengeti.org/subjects/standard/51a31e52e18f49172b0a8b30_0.jpg","ASG000p947",1,5,"G03","R1","10 opinions agree upon the species present","civet"
"http://www.snapshotserengeti.org/subjects/standard/50c213bb8a607540b90315fe_0.jpg","ASG0004c1q",1,2,"E02","R3","Most common opinion from 25 opinions","civet"
"http://www.snapshotserengeti.org/subjects/standard/50c213bb8a607540b90315fe_1.jpg","ASG0004c1q",2,2,"E02","R3","Most common opinion from 25 opinions","civet"
"http://www.snapshotserengeti.org/subjects/standard/50c213bb8a607540b90315fe_2.jpg","ASG0004c1q",3,2,"E02","R3","Most common opinion from 25 opinions","civet"
"http://zooniverse-static.s3.amazonaws.com/www.snapshotserengeti.org/subjects/standard/54cfd72387ee0404d507c647_0.JPG","ASG0018re9",1,8,"M05","R2","10 opinions agree upon the species present","civet"
"http://zooniverse-static.s3.amazonaws.com/www.snapshotserengeti.org/subjects/standard/54cfcbde87ee0404d5022c43_0.JPG","ASG0018jm1",1,8,"E06","R3","10 opinions agree upon the species present","civet"
"http://www.snapshotserengeti.org/subjects/standard/51a30176e18f49172b0717dd_0.jpg","ASG000ofkp",1,5,"E01","R3","10 opinions agree upon the species present","civet"
"http://zooniverse-static.s3.amazonaws.com/www.snapshotserengeti.org/subjects/standard/54cfc93687ee0404d500e955_0.JPG","ASG00190p3",1,8,"C08","R3","10 opinions agree upon the species present","civet"
