"url","Subject ID","Frame","Season","Site","Roll","Decision Type","Crowd Determination"
"http://zooniverse-static.s3.amazonaws.com/www.snapshotserengeti.org/subjects/standard/56a6db0141479b00420a7d51_0.JPG","ASG001nxwx",1,9,"E02","2","","steenbok"
"http://zooniverse-static.s3.amazonaws.com/www.snapshotserengeti.org/subjects/standard/54cfd42087ee0404d5064647_0.JPG","ASG0019a9t",1,8,"K07","R2","Most common opinion from 25 opinions","steenbok"
"http://zooniverse-static.s3.amazonaws.com/www.snapshotserengeti.org/subjects/standard/54cfcdc087ee0404d5031b5f_0.JPG","ASG001fw7s",1,8,"F01","R3","10 opinions agree upon the species present","steenbok"
"http://zooniverse-static.s3.amazonaws.com/www.snapshotserengeti.org/subjects/standard/56a6bfb441479b004208ae6b_0.JPG","ASG001mo79",1,9,"T10","3","","steenbok"
"http://zooniverse-static.s3.amazonaws.com/www.snapshotserengeti.org/subjects/standard/56a6ad5541479b0042077bf1_0.JPG","ASG001ltx8",1,9,"H03","3","","steenbok"
"http://zooniverse-static.s3.amazonaws.com/www.snapshotserengeti.org/subjects/standard/56a6c7c241479b0042093747_0.JPG","ASG001n1ph",1,9,"N10","1","","steenbok"
"http://zooniverse-static.s3.amazonaws.com/www.snapshotserengeti.org/subjects/standard/56a6e4b441479b00420b1a67_0.JPG","ASG001odcj",1,9,"E03","3","","steenbok"
"http://zooniverse-static.s3.amazonaws.com/www.snapshotserengeti.org/subjects/standard/54cfdc4787ee0404d50a4803_0.JPG","ASG0019d52",1,8,"R08","R2","Most common opinion from 25 opinions","steenbok"
"http://zooniverse-static.s3.amazonaws.com/www.snapshotserengeti.org/subjects/standard/56a6dbe241479b00420a8b65_0.JPG","ASG001nz8l",1,9,"D08","1","","steenbok"
"http://zooniverse-static.s3.amazonaws.com/www.snapshotserengeti.org/subjects/standard/54cfdd2987ee0404d50ab7a9_0.JPG","ASG0019f3v",1,8,"T08","R3","Most common opinion from 25 opinions","steenbok"
"http://zooniverse-static.s3.amazonaws.com/www.snapshotserengeti.org/subjects/standard/54cfcb3487ee0404d501dfc1_0.JPG","ASG001f6pj",1,8,"E02","R3","10 opinions agree upon the species present","steenbok"
"http://zooniverse-static.s3.amazonaws.com/www.snapshotserengeti.org/subjects/standard/54cfdbff87ee0404d50a2423_0.JPG","ASG0019cma",1,8,"R05","R2","Most common opinion from 25 opinions","steenbok"
"http://zooniverse-static.s3.amazonaws.com/www.snapshotserengeti.org/subjects/standard/54cfcb1a87ee0404d501d4c7_0.JPG","ASG001f638",1,8,"E01","R2","Most common opinion from 25 opinions","steenbok"
"http://zooniverse-static.s3.amazonaws.com/www.snapshotserengeti.org/subjects/standard/54cfdc1687ee0404d50a304b_0.JPG","ASG0019csw",1,8,"R05","R3","Most common opinion from 25 opinions","steenbok"
