"url","Subject ID","Frame","Season","Site","Roll","Decision Type","Crowd Determination"
"http://zooniverse-static.s3.amazonaws.com/www.snapshotserengeti.org/subjects/standard/54cfd28d87ee0404d5057cc5_0.JPG","ASG001b0h9",1,8,"I08","R2","10 opinions agree upon the species present","vulture"
"http://zooniverse-static.s3.amazonaws.com/www.snapshotserengeti.org/subjects/standard/54cfd28d87ee0404d5057cc3_0.JPG","ASG001b0hp",1,8,"I08","R2","10 opinions agree upon the species present","vulture"
"http://zooniverse-static.s3.amazonaws.com/www.snapshotserengeti.org/subjects/standard/54cfd91987ee0404d508bedb_0.JPG","ASG001d5h2",1,8,"O03","R2","Most common opinion from 25 opinions","vulture"
"http://zooniverse-static.s3.amazonaws.com/www.snapshotserengeti.org/subjects/standard/54cfdcfb87ee0404d50aa119_0.JPG","ASG001a3uu",1,8,"S11","R1","10 opinions agree upon the species present","vulture"
"http://zooniverse-static.s3.amazonaws.com/www.snapshotserengeti.org/subjects/standard/54cfdacb87ee0404d5098cdb_0.JPG","ASG001cnax",1,8,"P10","R1","10 opinions agree upon the species present","vulture"
"http://zooniverse-static.s3.amazonaws.com/www.snapshotserengeti.org/subjects/standard/54cfd7b987ee0404d508110f_0.JPG","ASG001dkza",1,8,"M08","R2","10 opinions agree upon the species present","vulture"
"http://zooniverse-static.s3.amazonaws.com/www.snapshotserengeti.org/subjects/standard/54cfdd0887ee0404d50aa755_0.JPG","ASG001a4ar",1,8,"S11","R2","Most common opinion from 25 opinions","vulture"
"http://zooniverse-static.s3.amazonaws.com/www.snapshotserengeti.org/subjects/standard/54cfdace87ee0404d5098e27_0.JPG","ASG001cndd",1,8,"P10","R1","10 opinions agree upon the species present","vulture"
"http://zooniverse-static.s3.amazonaws.com/www.snapshotserengeti.org/subjects/standard/54cfd62987ee0404d507484d_0.JPG","ASG001e9z7",1,8,"L10","R1","10 opinions agree upon the species present","vulture"
"http://zooniverse-static.s3.amazonaws.com/www.snapshotserengeti.org/subjects/standard/54cfdad687ee0404d50991bb_0.JPG","ASG001cmxv",1,8,"P10","R2","10 opinions agree upon the species present","vulture"
"http://zooniverse-static.s3.amazonaws.com/www.snapshotserengeti.org/subjects/standard/54cfdad787ee0404d5099221_0.JPG","ASG001cmx6",1,8,"P10","R2","10 opinions agree upon the species present","vulture"
"http://zooniverse-static.s3.amazonaws.com/www.snapshotserengeti.org/subjects/standard/54cfdd0887ee0404d50aa747_0.JPG","ASG001a4b3",1,8,"S11","R2","Most common opinion from 25 opinions","vulture"
"http://zooniverse-static.s3.amazonaws.com/www.snapshotserengeti.org/subjects/standard/54cfdad287ee0404d5099099_0.JPG","ASG001cn2c",1,8,"P10","R2","10 opinions agree upon the species present","vulture"
"http://zooniverse-static.s3.amazonaws.com/www.snapshotserengeti.org/subjects/standard/54cfdad587ee0404d509918d_0.JPG","ASG001cn2f",1,8,"P10","R2","10 opinions agree upon the species present","vulture"
"http://zooniverse-static.s3.amazonaws.com/www.snapshotserengeti.org/subjects/standard/54cfdaca87ee0404d5098c69_0.JPG","ASG001cnbv",1,8,"P10","R1","10 opinions agree upon the species present","vulture"
"http://zooniverse-static.s3.amazonaws.com/www.snapshotserengeti.org/subjects/standard/54cfdad587ee0404d5099197_0.JPG","ASG001cmxn",1,8,"P10","R2","10 opinions agree upon the species present","vulture"
"http://zooniverse-static.s3.amazonaws.com/www.snapshotserengeti.org/subjects/standard/56a6e66b41479b00420b36cf_0.JPG","ASG001og7g",1,9,"P10","3","","vulture"
"http://zooniverse-static.s3.amazonaws.com/www.snapshotserengeti.org/subjects/standard/54cfdad387ee0404d50990cb_0.JPG","ASG001cn06",1,8,"P10","R2","10 opinions agree upon the species present","vulture"
"http://zooniverse-static.s3.amazonaws.com/www.snapshotserengeti.org/subjects/standard/54cfd28e87ee0404d5057d6b_0.JPG","ASG001b08k",1,8,"I08","R2","10 opinions agree upon the species present","vulture"
"http://zooniverse-static.s3.amazonaws.com/www.snapshotserengeti.org/subjects/standard/54cfd28d87ee0404d5057ced_0.JPG","ASG001b0g7",1,8,"I08","R2","10 opinions agree upon the species present","vulture"
"http://zooniverse-static.s3.amazonaws.com/www.snapshotserengeti.org/subjects/standard/54cfdad387ee0404d50990bb_0.JPG","ASG001cmy1",1,8,"P10","R2","10 opinions agree upon the species present","vulture"
"http://zooniverse-static.s3.amazonaws.com/www.snapshotserengeti.org/subjects/standard/56a6950341479b004205de8f_0.JPG","ASG001gsfb",1,9,"L09","2","","vulture"
"http://zooniverse-static.s3.amazonaws.com/www.snapshotserengeti.org/subjects/standard/56a6714441479b0042037fc9_0.JPG","ASG001izdg",1,9,"I03","3","","vulture"
"http://zooniverse-static.s3.amazonaws.com/www.snapshotserengeti.org/subjects/standard/54cfdad687ee0404d5099219_0.JPG","ASG001cmy6",1,8,"P10","R2","10 opinions agree upon the species present","vulture"
"http://zooniverse-static.s3.amazonaws.com/www.snapshotserengeti.org/subjects/standard/56a693af41479b004205c979_0.JPG","ASG001guhz",1,9,"J12","3","","vulture"
"http://zooniverse-static.s3.amazonaws.com/www.snapshotserengeti.org/subjects/standard/54cfdad687ee0404d50991a3_0.JPG","ASG001cmv6",1,8,"P10","R2","10 opinions agree upon the species present","vulture"
"http://zooniverse-static.s3.amazonaws.com/www.snapshotserengeti.org/subjects/standard/54cfdad687ee0404d5099213_0.JPG","ASG001cmvv",1,8,"P10","R2","10 opinions agree upon the species present","vulture"
"http://zooniverse-static.s3.amazonaws.com/www.snapshotserengeti.org/subjects/standard/54cfdad687ee0404d5099199_0.JPG","ASG001cmzm",1,8,"P10","R2","10 opinions agree upon the species present","vulture"
"http://zooniverse-static.s3.amazonaws.com/www.snapshotserengeti.org/subjects/standard/56a6b16141479b004207c24b_0.JPG","ASG001m0vl",1,9,"I08","2","","vulture"
"http://zooniverse-static.s3.amazonaws.com/www.snapshotserengeti.org/subjects/standard/54cfdacc87ee0404d5098d65_0.JPG","ASG001cnbw",1,8,"P10","R1","10 opinions agree upon the species present","vulture"
"http://zooniverse-static.s3.amazonaws.com/www.snapshotserengeti.org/subjects/standard/54cfd28e87ee0404d5057d69_0.JPG","ASG001b0ci",1,8,"I08","R2","10 opinions agree upon the species present","vulture"
"http://zooniverse-static.s3.amazonaws.com/www.snapshotserengeti.org/subjects/standard/54cfca1c87ee0404d5015c7b_0.JPG","ASG001eux9",1,8,"D08","R1","10 opinions agree upon the species present","vulture"
"http://zooniverse-static.s3.amazonaws.com/www.snapshotserengeti.org/subjects/standard/54cfdad587ee0404d5099189_0.JPG","ASG001cn34",1,8,"P10","R2","10 opinions agree upon the species present","vulture"
"http://zooniverse-static.s3.amazonaws.com/www.snapshotserengeti.org/subjects/standard/54cfdad587ee0404d5099185_0.JPG","ASG001cn3e",1,8,"P10","R2","10 opinions agree upon the species present","vulture"
"http://zooniverse-static.s3.amazonaws.com/www.snapshotserengeti.org/subjects/standard/54cfdad587ee0404d509918b_0.JPG","ASG001cmwr",1,8,"P10","R2","10 opinions agree upon the species present","vulture"
"http://zooniverse-static.s3.amazonaws.com/www.snapshotserengeti.org/subjects/standard/54cfdad687ee0404d509919d_0.JPG","ASG001cmw9",1,8,"P10","R2","10 opinions agree upon the species present","vulture"
"http://zooniverse-static.s3.amazonaws.com/www.snapshotserengeti.org/subjects/standard/56a6cebf41479b004209ae05_0.JPG","ASG001ndfm",1,9,"Q12","1","","vulture"
