"url","Subject ID","Frame","Season","Site","Roll","Decision Type","Crowd Determination"
"http://zooniverse-static.s3.amazonaws.com/www.snapshotserengeti.org/subjects/standard/54cfd22487ee0404d5054a0f_0.JPG","ASG001960f",1,8,"I05","R1","10 opinions agree upon the species present","wildcat"
"http://www.snapshotserengeti.org/subjects/standard/51a3a42ee18f49172b1a779d_0.jpg","ASG000sxou",1,5,"Q11","R4","10 opinions agree upon the species present","wildcat"
"http://www.snapshotserengeti.org/subjects/standard/50c212c58a607540b9025464_0.jpg","ASG00039t0",1,1,"T13","R1","Most common opinion from 25 opinions","wildcat"
"http://www.snapshotserengeti.org/subjects/standard/50c212c58a607540b9025464_1.jpg","ASG00039t0",2,1,"T13","R1","Most common opinion from 25 opinions","wildcat"
"http://www.snapshotserengeti.org/subjects/standard/50c212c58a607540b9025464_2.jpg","ASG00039t0",3,1,"T13","R1","Most common opinion from 25 opinions","wildcat"
"http://www.snapshotserengeti.org/subjects/standard/50c210798a607540b9005668_0.jpg","ASG0000h2g",1,1,"S09","R1","Most common opinion from 25 opinions","wildcat"
"http://www.snapshotserengeti.org/subjects/standard/50c210798a607540b9005668_1.jpg","ASG0000h2g",2,1,"S09","R1","Most common opinion from 25 opinions","wildcat"
"http://www.snapshotserengeti.org/subjects/standard/50c210798a607540b9005668_2.jpg","ASG0000h2g",3,1,"S09","R1","Most common opinion from 25 opinions","wildcat"
"http://zooniverse-static.s3.amazonaws.com/www.snapshotserengeti.org/subjects/standard/54cfd41987ee0404d50642d5_0.JPG","ASG0019a99",1,8,"K07","R2","10 opinions agree upon the species present","wildcat"
"http://www.snapshotserengeti.org/subjects/standard/51a32986e18f49172b0be162_0.jpg","ASG000pkzd",1,5,"G13","R3","Most common opinion from 25 opinions","wildcat"
"http://www.snapshotserengeti.org/subjects/standard/51a32986e18f49172b0be162_1.jpg","ASG000pkzd",2,5,"G13","R3","Most common opinion from 25 opinions","wildcat"
"http://www.snapshotserengeti.org/subjects/standard/51a32986e18f49172b0be162_2.jpg","ASG000pkzd",3,5,"G13","R3","Most common opinion from 25 opinions","wildcat"
"http://www.snapshotserengeti.org/subjects/standard/51a3a367e18f49172b1a5fd3_0.jpg","ASG000swvx",1,5,"Q11","R1","10 opinions agree upon the species present","wildcat"
"http://www.snapshotserengeti.org/subjects/standard/51a3a367e18f49172b1a5fd3_1.jpg","ASG000swvx",2,5,"Q11","R1","10 opinions agree upon the species present","wildcat"
"http://www.snapshotserengeti.org/subjects/standard/51a3a367e18f49172b1a5fd3_2.jpg","ASG000swvx",3,5,"Q11","R1","10 opinions agree upon the species present","wildcat"
"http://www.snapshotserengeti.org/subjects/standard/50c211028a607540b900c7e0_0.jpg","ASG00013hc",1,1,"H09","R1","10 opinions agree upon the species present","wildcat"
"http://www.snapshotserengeti.org/subjects/standard/50c211028a607540b900c7e0_1.jpg","ASG00013hc",2,1,"H09","R1","10 opinions agree upon the species present","wildcat"
"http://www.snapshotserengeti.org/subjects/standard/50c211028a607540b900c7e0_2.jpg","ASG00013hc",3,1,"H09","R1","10 opinions agree upon the species present","wildcat"
"http://www.snapshotserengeti.org/subjects/standard/50c2153f8a607540b90445d6_0.jpg","ASG000602e",1,2,"I13","R1","10 opinions agree upon the species present","wildcat"
"http://www.snapshotserengeti.org/subjects/standard/50c2153f8a607540b90445d6_1.jpg","ASG000602e",2,2,"I13","R1","10 opinions agree upon the species present","wildcat"
"http://www.snapshotserengeti.org/subjects/standard/50c2153f8a607540b90445d6_2.jpg","ASG000602e",3,2,"I13","R1","10 opinions agree upon the species present","wildcat"
"http://zooniverse-static.s3.amazonaws.com/www.snapshotserengeti.org/subjects/standard/56a66bc841479b00420321d5_0.JPG","ASG001j8mh",1,9,"C07","1","","wildcat"
"http://www.snapshotserengeti.org/subjects/standard/50c210ff8a607540b900c4ec_0.jpg","ASG00012wc",1,1,"H06","R4","10 opinions agree upon the species present","wildcat"
"http://www.snapshotserengeti.org/subjects/standard/50c210ff8a607540b900c4ec_1.jpg","ASG00012wc",2,1,"H06","R4","10 opinions agree upon the species present","wildcat"
"http://www.snapshotserengeti.org/subjects/standard/50c210ff8a607540b900c4ec_2.jpg","ASG00012wc",3,1,"H06","R4","10 opinions agree upon the species present","wildcat"
"http://www.snapshotserengeti.org/subjects/standard/51a3b85ce18f49172b1cdb15_0.jpg","ASG000tgjy",1,5,"T10","R4","Most common opinion from 25 opinions","wildcat"
"http://www.snapshotserengeti.org/subjects/standard/50c213718a607540b902dcda_0.jpg","ASG00040re",1,2,"D03","R4","10 opinions agree upon the species present","wildcat"
"http://www.snapshotserengeti.org/subjects/standard/50c213718a607540b902dcda_1.jpg","ASG00040re",2,2,"D03","R4","10 opinions agree upon the species present","wildcat"
"http://www.snapshotserengeti.org/subjects/standard/50c213718a607540b902dcda_2.jpg","ASG00040re",3,2,"D03","R4","10 opinions agree upon the species present","wildcat"
"http://zooniverse-static.s3.amazonaws.com/www.snapshotserengeti.org/subjects/standard/56a68e9141479b00420573c1_0.JPG","ASG001h8a1",1,9,"P05","3","","wildcat"
"http://www.snapshotserengeti.org/subjects/standard/50dcdbe0a2fc8e378911ca84_0.jpg","ASG000f7mw",1,4,"M09","R2","Most common opinion from 25 opinions","wildcat"
"http://www.snapshotserengeti.org/subjects/standard/5331d9641bccd304b6050a2f_0.JPG","ASG0013r5f",1,7,"C11","R3","10 opinions agree upon the species present","wildcat"
"http://zooniverse-static.s3.amazonaws.com/www.snapshotserengeti.org/subjects/standard/54cfd90087ee0404d508b371_0.JPG","ASG001d6kr",1,8,"N10","R2","Most common opinion from 25 opinions","wildcat"
"http://www.snapshotserengeti.org/subjects/standard/50c2163b8a607540b904f942_0.jpg","ASG0006zia",1,2,"N08","R3","10 opinions agree upon the species present","wildcat"
"http://www.snapshotserengeti.org/subjects/standard/50c2169d8a607540b9053dee_0.jpg","ASG0007d2m",1,2,"K07","R4","10 opinions agree upon the species present","wildcat"
"http://www.snapshotserengeti.org/subjects/standard/51a3004ae18f49172b06f42c_0.jpg","ASG000oeek",1,5,"E01","R2","10 opinions agree upon the species present","wildcat"
"http://www.snapshotserengeti.org/subjects/standard/50c215418a607540b9044729_0.jpg","ASG00060bt",1,2,"I13","R2","10 opinions agree upon the species present","wildcat"
"http://www.snapshotserengeti.org/subjects/standard/50c215418a607540b9044729_1.jpg","ASG00060bt",2,2,"I13","R2","10 opinions agree upon the species present","wildcat"
"http://www.snapshotserengeti.org/subjects/standard/50c215418a607540b9044729_2.jpg","ASG00060bt",3,2,"I13","R2","10 opinions agree upon the species present","wildcat"
"http://www.snapshotserengeti.org/subjects/standard/50c2156c8a607540b904673b_0.jpg","ASG00066nv",1,2,"J09","R1","10 opinions agree upon the species present","wildcat"
"http://www.snapshotserengeti.org/subjects/standard/50c2156c8a607540b904673b_1.jpg","ASG00066nv",2,2,"J09","R1","10 opinions agree upon the species present","wildcat"
"http://www.snapshotserengeti.org/subjects/standard/50c2156c8a607540b904673b_2.jpg","ASG00066nv",3,2,"J09","R1","10 opinions agree upon the species present","wildcat"
"http://zooniverse-static.s3.amazonaws.com/www.snapshotserengeti.org/subjects/standard/54cfd62787ee0404d5074787_0.JPG","ASG0019ax1",1,8,"L10","R1","Most common opinion from 25 opinions","wildcat"
"http://www.snapshotserengeti.org/subjects/standard/5331dbdc1bccd304b6061301_0.JPG","ASG00131x9",1,7,"J09","R2","10 opinions agree upon the species present","wildcat"
"http://zooniverse-static.s3.amazonaws.com/www.snapshotserengeti.org/subjects/standard/54cfd93687ee0404d508ccd5_0.JPG","ASG0018v2g",1,8,"O03","R3","10 opinions agree upon the species present","wildcat"
"http://zooniverse-static.s3.amazonaws.com/www.snapshotserengeti.org/subjects/standard/56a6753b41479b004203c4f1_0.JPG","ASG001irtz",1,9,"C04","3","","wildcat"
"http://www.snapshotserengeti.org/subjects/standard/50dc8d5ea2fc8e3789055add_0.jpg","ASG000cbrb",1,4,"G08","R2","Most common opinion from 25 opinions","wildcat"
"http://www.snapshotserengeti.org/subjects/standard/50c211598a607540b9011108_0.jpg","ASG0001hxk",1,1,"K09","R1","10 opinions agree upon the species present","wildcat"
"http://www.snapshotserengeti.org/subjects/standard/50c211598a607540b9011108_1.jpg","ASG0001hxk",2,1,"K09","R1","10 opinions agree upon the species present","wildcat"
"http://www.snapshotserengeti.org/subjects/standard/50c211598a607540b9011108_2.jpg","ASG0001hxk",3,1,"K09","R1","10 opinions agree upon the species present","wildcat"
"http://www.snapshotserengeti.org/subjects/standard/50c210508a607540b90034b4_0.jpg","ASG0000aes",1,1,"L10","R1","10 opinions agree upon the species present","wildcat"
"http://www.snapshotserengeti.org/subjects/standard/50c210508a607540b90034b4_1.jpg","ASG0000aes",2,1,"L10","R1","10 opinions agree upon the species present","wildcat"
"http://www.snapshotserengeti.org/subjects/standard/50c210508a607540b90034b4_2.jpg","ASG0000aes",3,1,"L10","R1","10 opinions agree upon the species present","wildcat"
"http://www.snapshotserengeti.org/subjects/standard/50c215408a607540b90446ca_0.jpg","ASG0006096",1,2,"I13","R2","10 opinions agree upon the species present","wildcat"
"http://www.snapshotserengeti.org/subjects/standard/50c215408a607540b90446ca_1.jpg","ASG0006096",2,2,"I13","R2","10 opinions agree upon the species present","wildcat"
"http://www.snapshotserengeti.org/subjects/standard/50c215408a607540b90446ca_2.jpg","ASG0006096",3,2,"I13","R2","10 opinions agree upon the species present","wildcat"
"http://zooniverse-static.s3.amazonaws.com/www.snapshotserengeti.org/subjects/standard/54cfd77d87ee0404d507f33d_0.JPG","ASG0018sdq",1,8,"M06","R3","10 opinions agree upon the species present","wildcat"
"http://www.snapshotserengeti.org/subjects/standard/50c2111a8a607540b900db7a_0.jpg","ASG00017cq",1,1,"I02","R1","Most common opinion from 25 opinions","wildcat"
"http://www.snapshotserengeti.org/subjects/standard/50c2111a8a607540b900db7a_1.jpg","ASG00017cq",2,1,"I02","R1","Most common opinion from 25 opinions","wildcat"
"http://www.snapshotserengeti.org/subjects/standard/50c2111a8a607540b900db7a_2.jpg","ASG00017cq",3,1,"I02","R1","Most common opinion from 25 opinions","wildcat"
"http://www.snapshotserengeti.org/subjects/standard/50c2159b8a607540b904892c_0.jpg","ASG0006dd8",1,2,"O12","R2","10 opinions agree upon the species present","wildcat"
"http://www.snapshotserengeti.org/subjects/standard/50c2159b8a607540b904892c_1.jpg","ASG0006dd8",2,2,"O12","R2","10 opinions agree upon the species present","wildcat"
"http://www.snapshotserengeti.org/subjects/standard/50c2159b8a607540b904892c_2.jpg","ASG0006dd8",3,2,"O12","R2","10 opinions agree upon the species present","wildcat"
"http://www.snapshotserengeti.org/subjects/standard/50c2112d8a607540b900ebfc_0.jpg","ASG0001am4",1,1,"I07","R1","10 opinions agree upon the species present","wildcat"
"http://www.snapshotserengeti.org/subjects/standard/50c2112d8a607540b900ebfc_1.jpg","ASG0001am4",2,1,"I07","R1","10 opinions agree upon the species present","wildcat"
"http://www.snapshotserengeti.org/subjects/standard/50c2112d8a607540b900ebfc_2.jpg","ASG0001am4",3,1,"I07","R1","10 opinions agree upon the species present","wildcat"
"http://www.snapshotserengeti.org/subjects/standard/50dc8a05a2fc8e37890463ca_0.jpg","ASG000c3rm",1,4,"T13","R2","10 opinions agree upon the species present","wildcat"
"http://www.snapshotserengeti.org/subjects/standard/5331d6481bccd304b603bd0f_0.JPG","ASG0014o7x",1,7,"H06","R2","10 opinions agree upon the species present","wildcat"
"http://www.snapshotserengeti.org/subjects/standard/5331d6481bccd304b603bd0f_1.JPG","ASG0014o7x",2,7,"H06","R2","10 opinions agree upon the species present","wildcat"
"http://www.snapshotserengeti.org/subjects/standard/5331d6481bccd304b603bd0f_2.JPG","ASG0014o7x",3,7,"H06","R2","10 opinions agree upon the species present","wildcat"
"http://zooniverse-static.s3.amazonaws.com/www.snapshotserengeti.org/subjects/standard/56a6a93e41479b00420735f3_0.JPG","ASG001l03z",1,9,"Q12","1","","wildcat"
"http://www.snapshotserengeti.org/subjects/standard/51a3c7bfe18f49172b1eb1ed_0.jpg","ASG000tv75",1,5,"U13","R1","10 opinions agree upon the species present","wildcat"
"http://www.snapshotserengeti.org/subjects/standard/50c2156b8a607540b9046718_0.jpg","ASG00066mw",1,2,"J09","R1","10 opinions agree upon the species present","wildcat"
"http://www.snapshotserengeti.org/subjects/standard/50c2156b8a607540b9046718_1.jpg","ASG00066mw",2,2,"J09","R1","10 opinions agree upon the species present","wildcat"
"http://www.snapshotserengeti.org/subjects/standard/50c2156b8a607540b9046718_2.jpg","ASG00066mw",3,2,"J09","R1","10 opinions agree upon the species present","wildcat"
"http://www.snapshotserengeti.org/subjects/standard/50c2156b8a607540b9046706_0.jpg","ASG00066me",1,2,"J09","R1","10 opinions agree upon the species present","wildcat"
"http://www.snapshotserengeti.org/subjects/standard/50c2156b8a607540b9046706_1.jpg","ASG00066me",2,2,"J09","R1","10 opinions agree upon the species present","wildcat"
"http://www.snapshotserengeti.org/subjects/standard/50c2156b8a607540b9046706_2.jpg","ASG00066me",3,2,"J09","R1","10 opinions agree upon the species present","wildcat"
"http://zooniverse-static.s3.amazonaws.com/www.snapshotserengeti.org/subjects/standard/54cfd48087ee0404d506762f_0.JPG","ASG0019kpq",1,8,"K09","R3","10 opinions agree upon the species present","wildcat"
"http://www.snapshotserengeti.org/subjects/standard/51a3c2c3e18f49172b1e1980_0.jpg","ASG000tqay",1,5,"U09","R1","10 opinions agree upon the species present","wildcat"
"http://www.snapshotserengeti.org/subjects/standard/51a3c2c3e18f49172b1e1980_1.jpg","ASG000tqay",2,5,"U09","R1","10 opinions agree upon the species present","wildcat"
"http://www.snapshotserengeti.org/subjects/standard/51a3c2c3e18f49172b1e1980_2.jpg","ASG000tqay",3,5,"U09","R1","10 opinions agree upon the species present","wildcat"
"http://zooniverse-static.s3.amazonaws.com/www.snapshotserengeti.org/subjects/standard/54cfd3a487ee0404d506090d_0.JPG","ASG00199q8",1,8,"J12","R1","Most common opinion from 25 opinions","wildcat"
"http://www.snapshotserengeti.org/subjects/standard/5331d1041bccd304b601a583_0.JPG","ASG00165q8",1,7,"L10","R2","Most common opinion from 25 opinions","wildcat"
"http://www.snapshotserengeti.org/subjects/standard/5331d1041bccd304b601a583_1.JPG","ASG00165q8",2,7,"L10","R2","Most common opinion from 25 opinions","wildcat"
"http://www.snapshotserengeti.org/subjects/standard/5331d1041bccd304b601a583_2.JPG","ASG00165q8",3,7,"L10","R2","Most common opinion from 25 opinions","wildcat"
"http://www.snapshotserengeti.org/subjects/standard/51a3af98e18f49172b1bcf99_0.jpg","ASG000t83a",1,5,"R07","R1","Most common opinion from 25 opinions","wildcat"
"http://www.snapshotserengeti.org/subjects/standard/50c216408a607540b904fd2a_0.jpg","ASG00070a2",1,2,"N10","R1","10 opinions agree upon the species present","wildcat"
"http://www.snapshotserengeti.org/subjects/standard/50c216408a607540b904fd2a_1.jpg","ASG00070a2",2,2,"N10","R1","10 opinions agree upon the species present","wildcat"
"http://www.snapshotserengeti.org/subjects/standard/50c216408a607540b904fd2a_2.jpg","ASG00070a2",3,2,"N10","R1","10 opinions agree upon the species present","wildcat"
"http://www.snapshotserengeti.org/subjects/standard/50c216408a607540b904fd0e_0.jpg","ASG000709a",1,2,"N10","R1","10 opinions agree upon the species present","wildcat"
"http://www.snapshotserengeti.org/subjects/standard/50c216408a607540b904fd0e_1.jpg","ASG000709a",2,2,"N10","R1","10 opinions agree upon the species present","wildcat"
"http://www.snapshotserengeti.org/subjects/standard/50c216408a607540b904fd0e_2.jpg","ASG000709a",3,2,"N10","R1","10 opinions agree upon the species present","wildcat"
"http://www.snapshotserengeti.org/subjects/standard/50c215418a607540b90447f1_0.jpg","ASG00060hd",1,2,"I13","R2","10 opinions agree upon the species present","wildcat"
"http://www.snapshotserengeti.org/subjects/standard/50c215418a607540b90447f1_1.jpg","ASG00060hd",2,2,"I13","R2","10 opinions agree upon the species present","wildcat"
"http://www.snapshotserengeti.org/subjects/standard/50c215418a607540b90447f1_2.jpg","ASG00060hd",3,2,"I13","R2","10 opinions agree upon the species present","wildcat"
"http://www.snapshotserengeti.org/subjects/standard/50c212418a607540b901d30a_0.jpg","ASG0002k96",1,1,"F05","R2","Most common opinion from 25 opinions","wildcat"
"http://www.snapshotserengeti.org/subjects/standard/50c212418a607540b901d30a_1.jpg","ASG0002k96",2,1,"F05","R2","Most common opinion from 25 opinions","wildcat"
"http://www.snapshotserengeti.org/subjects/standard/50c212418a607540b901d30a_2.jpg","ASG0002k96",3,1,"F05","R2","Most common opinion from 25 opinions","wildcat"
"http://www.snapshotserengeti.org/subjects/standard/50c212078a607540b901a2eb_0.jpg","ASG0002aqz",1,1,"S08","R1","10 opinions agree upon the species present","wildcat"
"http://www.snapshotserengeti.org/subjects/standard/50c212078a607540b901a2eb_1.jpg","ASG0002aqz",2,1,"S08","R1","10 opinions agree upon the species present","wildcat"
"http://www.snapshotserengeti.org/subjects/standard/50c212078a607540b901a2eb_2.jpg","ASG0002aqz",3,1,"S08","R1","10 opinions agree upon the species present","wildcat"
"http://www.snapshotserengeti.org/subjects/standard/50c2130d8a607540b9028929_0.jpg","ASG0003k89",1,2,"B08","R1","10 opinions agree upon the species present","wildcat"
"http://www.snapshotserengeti.org/subjects/standard/50c2130d8a607540b9028929_1.jpg","ASG0003k89",2,2,"B08","R1","10 opinions agree upon the species present","wildcat"
"http://www.snapshotserengeti.org/subjects/standard/50c2130d8a607540b9028929_2.jpg","ASG0003k89",3,2,"B08","R1","10 opinions agree upon the species present","wildcat"
"http://zooniverse-static.s3.amazonaws.com/www.snapshotserengeti.org/subjects/standard/54cfd3a087ee0404d50606c5_0.JPG","ASG001amop",1,8,"J09","R3","Most common opinion from 25 opinions","wildcat"
"http://www.snapshotserengeti.org/subjects/standard/50c2152f8a607540b9043c8e_0.jpg","ASG0005y8e",1,2,"I11","R1","10 opinions agree upon the species present","wildcat"
"http://zooniverse-static.s3.amazonaws.com/www.snapshotserengeti.org/subjects/standard/54cfcb3487ee0404d501dff9_0.JPG","ASG00190zv",1,8,"E02","R3","10 opinions agree upon the species present","wildcat"
"http://zooniverse-static.s3.amazonaws.com/www.snapshotserengeti.org/subjects/standard/54cfd72987ee0404d507c8e7_0.JPG","ASG0018rfg",1,8,"M05","R2","10 opinions agree upon the species present","wildcat"
"http://zooniverse-static.s3.amazonaws.com/www.snapshotserengeti.org/subjects/standard/54cfdd0d87ee0404d50aaa3d_0.JPG","ASG0019evd",1,8,"T08","R2","10 opinions agree upon the species present","wildcat"
