"url","Subject ID","Frame","Season","Site","Roll","Decision Type","Crowd Determination"
"http://zooniverse-static.s3.amazonaws.com/www.snapshotserengeti.org/subjects/standard/54cfd49d87ee0404d5068493_0.JPG","ASG0019ik2",1,8,"K11","R2","Most common opinion from 25 opinions","zorilla"
"http://www.snapshotserengeti.org/subjects/standard/50c219e08a607540b907b38c_0.jpg","ASG000atfw",1,3,"P10","R12","10 opinions agree upon the species present","zorilla"
"http://www.snapshotserengeti.org/subjects/standard/50c216a68a607540b905442a_0.jpg","ASG0007eay",1,2,"K11","R2","10 opinions agree upon the species present","zorilla"
"http://www.snapshotserengeti.org/subjects/standard/50c216a68a607540b905442a_1.jpg","ASG0007eay",2,2,"K11","R2","10 opinions agree upon the species present","zorilla"
"http://www.snapshotserengeti.org/subjects/standard/50c216a68a607540b905442a_2.jpg","ASG0007eay",3,2,"K11","R2","10 opinions agree upon the species present","zorilla"
"http://zooniverse-static.s3.amazonaws.com/www.snapshotserengeti.org/subjects/standard/56a6966a41479b004205f5d7_0.JPG","ASG001gl4g",1,9,"J07","1","","zorilla"
"http://www.snapshotserengeti.org/subjects/standard/51a38bdce18f49172b179107_0.jpg","ASG000s9kh",1,5,"O09","R2","Most common opinion from 25 opinions","zorilla"
"http://zooniverse-static.s3.amazonaws.com/www.snapshotserengeti.org/subjects/standard/54cfca1787ee0404d50159e9_0.JPG","ASG0018lhw",1,8,"D08","R1","Most common opinion from 25 opinions","zorilla"
"http://zooniverse-static.s3.amazonaws.com/www.snapshotserengeti.org/subjects/standard/54cfd68c87ee0404d50779e3_0.JPG","ASG0018pj3",1,8,"L13","R2","10 opinions agree upon the species present","zorilla"
"http://zooniverse-static.s3.amazonaws.com/www.snapshotserengeti.org/subjects/standard/54cfdbb487ee0404d509ff3f_0.JPG","ASG0018ym2",1,8,"Q09","R2","10 opinions agree upon the species present","zorilla"
"http://www.snapshotserengeti.org/subjects/standard/51e93024e0053a09c3104681_0.jpg","ASG0011pfu",1,6,"T13","R2","10 opinions agree upon the species present","zorilla"
"http://www.snapshotserengeti.org/subjects/standard/50c214768a607540b903ac47_0.jpg","ASG00055qf",1,2,"G05","R2","10 opinions agree upon the species present","zorilla"
"http://www.snapshotserengeti.org/subjects/standard/50c212d18a607540b9025d64_0.jpg","ASG0003bl0",1,1,"U13","R1","Most common opinion from 25 opinions","zorilla"
"http://www.snapshotserengeti.org/subjects/standard/50c212d18a607540b9025d64_1.jpg","ASG0003bl0",2,1,"U13","R1","Most common opinion from 25 opinions","zorilla"
"http://www.snapshotserengeti.org/subjects/standard/50c212d18a607540b9025d64_2.jpg","ASG0003bl0",3,1,"U13","R1","Most common opinion from 25 opinions","zorilla"
"http://www.snapshotserengeti.org/subjects/standard/50c215498a607540b9044e37_0.jpg","ASG00061pz",1,2,"J03","R1","10 opinions agree upon the species present","zorilla"
"http://www.snapshotserengeti.org/subjects/standard/50c215498a607540b9044e37_1.jpg","ASG00061pz",2,2,"J03","R1","10 opinions agree upon the species present","zorilla"
"http://www.snapshotserengeti.org/subjects/standard/50c215498a607540b9044e37_2.jpg","ASG00061pz",3,2,"J03","R1","10 opinions agree upon the species present","zorilla"
"http://www.snapshotserengeti.org/subjects/standard/50c2141f8a607540b9036682_0.jpg","ASG0004rya",1,2,"F04","R2","10 opinions agree upon the species present","zorilla"
"http://www.snapshotserengeti.org/subjects/standard/50c216ac8a607540b905497d_0.jpg","ASG0007fct",1,2,"K13","R1","10 opinions agree upon the species present","zorilla"
"http://www.snapshotserengeti.org/subjects/standard/50c216ac8a607540b905497d_1.jpg","ASG0007fct",2,2,"K13","R1","10 opinions agree upon the species present","zorilla"
"http://www.snapshotserengeti.org/subjects/standard/50c216ac8a607540b905497d_2.jpg","ASG0007fct",3,2,"K13","R1","10 opinions agree upon the species present","zorilla"
"http://www.snapshotserengeti.org/subjects/standard/50dc6ff2a2fc8e3789004904_0.jpg","ASG000b64t",1,4,"U13","R2","Most common opinion from 25 opinions","zorilla"
"http://zooniverse-static.s3.amazonaws.com/www.snapshotserengeti.org/subjects/standard/54cfdd7c87ee0404d50ae139_0.JPG","ASG0019fmb",1,8,"U10","R3","Most common opinion from 25 opinions","zorilla"
"http://www.snapshotserengeti.org/subjects/standard/51a345e2e18f49172b0f406c_0.jpg","ASG000qd1j",1,5,"I13","R2","10 opinions agree upon the species present","zorilla"
"http://www.snapshotserengeti.org/subjects/standard/50c216a78a607540b90544f1_0.jpg","ASG0007egh",1,2,"K13","R1","10 opinions agree upon the species present","zorilla"
"http://www.snapshotserengeti.org/subjects/standard/50c216a78a607540b90544f1_1.jpg","ASG0007egh",2,2,"K13","R1","10 opinions agree upon the species present","zorilla"
"http://www.snapshotserengeti.org/subjects/standard/50c216a78a607540b90544f1_2.jpg","ASG0007egh",3,2,"K13","R1","10 opinions agree upon the species present","zorilla"
"http://zooniverse-static.s3.amazonaws.com/www.snapshotserengeti.org/subjects/standard/56a65bb341479b00420216c1_0.JPG","ASG001jz0e",1,9,"F11","2","","zorilla"
"http://www.snapshotserengeti.org/subjects/standard/5331d8081bccd304b6047677_0.JPG","ASG00145tu",1,7,"O11","R3","10 opinions agree upon the species present","zorilla"
"http://www.snapshotserengeti.org/subjects/standard/50c2134b8a607540b902bd13_0.jpg","ASG0003uhf",1,2,"C11","R2","10 opinions agree upon the species present","zorilla"
"http://www.snapshotserengeti.org/subjects/standard/50c218018a607540b9065169_0.jpg","ASG0008vhl",1,3,"B08","R11","10 opinions agree upon the species present","zorilla"
"http://zooniverse-static.s3.amazonaws.com/www.snapshotserengeti.org/subjects/standard/54cfd47e87ee0404d506750b_0.JPG","ASG0019ks3",1,8,"K09","R3","Most common opinion from 25 opinions","zorilla"
"http://zooniverse-static.s3.amazonaws.com/www.snapshotserengeti.org/subjects/standard/56a6576241479b004201cea1_0.JPG","ASG001k65p",1,9,"M06","4","","zorilla"
"http://www.snapshotserengeti.org/subjects/standard/5331d8071bccd304b6047647_0.JPG","ASG00145sp",1,7,"O11","R3","10 opinions agree upon the species present","zorilla"
"http://zooniverse-static.s3.amazonaws.com/www.snapshotserengeti.org/subjects/standard/54cfdbb987ee0404d50a01a7_0.JPG","ASG0018yid",1,8,"Q09","R3","Most common opinion from 25 opinions","zorilla"
"http://www.snapshotserengeti.org/subjects/standard/51a3a413e18f49172b1a7457_0.jpg","ASG000sxkm",1,5,"Q11","R3","10 opinions agree upon the species present","zorilla"
"http://www.snapshotserengeti.org/subjects/standard/5331d7fd1bccd304b60471b9_0.JPG","ASG00146a0",1,7,"O11","R2","10 opinions agree upon the species present","zorilla"
"http://www.snapshotserengeti.org/subjects/standard/50c214d48a607540b903fae7_0.jpg","ASG0005l9j",1,2,"H05","R1","10 opinions agree upon the species present","zorilla"
"http://www.snapshotserengeti.org/subjects/standard/50c2116b8a607540b9012038_0.jpg","ASG0001kxk",1,1,"K12","R1","10 opinions agree upon the species present","zorilla"
"http://www.snapshotserengeti.org/subjects/standard/50c2116b8a607540b9012038_1.jpg","ASG0001kxk",2,1,"K12","R1","10 opinions agree upon the species present","zorilla"
"http://www.snapshotserengeti.org/subjects/standard/50c2116b8a607540b9012038_2.jpg","ASG0001kxk",3,1,"K12","R1","10 opinions agree upon the species present","zorilla"
